[2025-12-28T12:08:20.504+0700] {processor.py:161} INFO - Started process (PID=163) to work on /opt/airflow/dags/ingestion_dag.py
[2025-12-28T12:08:20.507+0700] {processor.py:830} INFO - Processing file /opt/airflow/dags/ingestion_dag.py for tasks to queue
[2025-12-28T12:08:20.514+0700] {logging_mixin.py:188} INFO - [2025-12-28T12:08:20.513+0700] {dagbag.py:545} INFO - Filling up the DagBag from /opt/airflow/dags/ingestion_dag.py
[2025-12-28T12:08:24.957+0700] {processor.py:840} INFO - DAG(s) 'flight_ingestion_v2' retrieved from /opt/airflow/dags/ingestion_dag.py
[2025-12-28T12:08:25.637+0700] {logging_mixin.py:188} INFO - [2025-12-28T12:08:25.635+0700] {override.py:1829} INFO - Created Permission View: can read on DAG:flight_ingestion_v2
[2025-12-28T12:08:25.660+0700] {logging_mixin.py:188} INFO - [2025-12-28T12:08:25.659+0700] {override.py:1829} INFO - Created Permission View: can delete on DAG:flight_ingestion_v2
[2025-12-28T12:08:25.675+0700] {logging_mixin.py:188} INFO - [2025-12-28T12:08:25.675+0700] {override.py:1829} INFO - Created Permission View: can edit on DAG:flight_ingestion_v2
[2025-12-28T12:08:25.678+0700] {logging_mixin.py:188} INFO - [2025-12-28T12:08:25.676+0700] {dag.py:3096} INFO - Sync 1 DAGs
[2025-12-28T12:08:25.710+0700] {logging_mixin.py:188} INFO - [2025-12-28T12:08:25.709+0700] {dag.py:3118} INFO - Creating ORM DAG for flight_ingestion_v2
[2025-12-28T12:08:25.736+0700] {logging_mixin.py:188} INFO - [2025-12-28T12:08:25.736+0700] {dag.py:3954} INFO - Setting next_dagrun for flight_ingestion_v2 to 2025-12-27 17:00:00+00:00, run_after=2025-12-28 17:00:00+00:00
[2025-12-28T12:08:25.773+0700] {processor.py:183} INFO - Processing /opt/airflow/dags/ingestion_dag.py took 5.290 seconds
[2025-12-28T12:08:55.895+0700] {processor.py:161} INFO - Started process (PID=169) to work on /opt/airflow/dags/ingestion_dag.py
[2025-12-28T12:08:55.900+0700] {processor.py:830} INFO - Processing file /opt/airflow/dags/ingestion_dag.py for tasks to queue
[2025-12-28T12:08:55.909+0700] {logging_mixin.py:188} INFO - [2025-12-28T12:08:55.908+0700] {dagbag.py:545} INFO - Filling up the DagBag from /opt/airflow/dags/ingestion_dag.py
[2025-12-28T12:08:57.082+0700] {processor.py:840} INFO - DAG(s) 'flight_ingestion_v2' retrieved from /opt/airflow/dags/ingestion_dag.py
[2025-12-28T12:08:57.130+0700] {logging_mixin.py:188} INFO - [2025-12-28T12:08:57.129+0700] {dag.py:3096} INFO - Sync 1 DAGs
[2025-12-28T12:08:57.171+0700] {logging_mixin.py:188} INFO - [2025-12-28T12:08:57.171+0700] {dag.py:3954} INFO - Setting next_dagrun for flight_ingestion_v2 to 2025-12-27 17:00:00+00:00, run_after=2025-12-28 17:00:00+00:00
[2025-12-28T12:08:57.207+0700] {processor.py:183} INFO - Processing /opt/airflow/dags/ingestion_dag.py took 1.338 seconds
[2025-12-28T12:09:27.359+0700] {processor.py:161} INFO - Started process (PID=175) to work on /opt/airflow/dags/ingestion_dag.py
[2025-12-28T12:09:27.364+0700] {processor.py:830} INFO - Processing file /opt/airflow/dags/ingestion_dag.py for tasks to queue
[2025-12-28T12:09:27.374+0700] {logging_mixin.py:188} INFO - [2025-12-28T12:09:27.372+0700] {dagbag.py:545} INFO - Filling up the DagBag from /opt/airflow/dags/ingestion_dag.py
[2025-12-28T12:09:28.458+0700] {processor.py:840} INFO - DAG(s) 'flight_ingestion_v2' retrieved from /opt/airflow/dags/ingestion_dag.py
[2025-12-28T12:09:28.504+0700] {logging_mixin.py:188} INFO - [2025-12-28T12:09:28.503+0700] {dag.py:3096} INFO - Sync 1 DAGs
[2025-12-28T12:09:28.547+0700] {logging_mixin.py:188} INFO - [2025-12-28T12:09:28.547+0700] {dag.py:3954} INFO - Setting next_dagrun for flight_ingestion_v2 to 2025-12-27 17:00:00+00:00, run_after=2025-12-28 17:00:00+00:00
[2025-12-28T12:09:28.582+0700] {processor.py:183} INFO - Processing /opt/airflow/dags/ingestion_dag.py took 1.249 seconds
[2025-12-28T12:09:58.904+0700] {processor.py:161} INFO - Started process (PID=181) to work on /opt/airflow/dags/ingestion_dag.py
[2025-12-28T12:09:58.909+0700] {processor.py:830} INFO - Processing file /opt/airflow/dags/ingestion_dag.py for tasks to queue
[2025-12-28T12:09:58.919+0700] {logging_mixin.py:188} INFO - [2025-12-28T12:09:58.917+0700] {dagbag.py:545} INFO - Filling up the DagBag from /opt/airflow/dags/ingestion_dag.py
[2025-12-28T12:10:00.050+0700] {processor.py:840} INFO - DAG(s) 'flight_ingestion_v2' retrieved from /opt/airflow/dags/ingestion_dag.py
[2025-12-28T12:10:00.092+0700] {logging_mixin.py:188} INFO - [2025-12-28T12:10:00.091+0700] {dag.py:3096} INFO - Sync 1 DAGs
[2025-12-28T12:10:00.132+0700] {logging_mixin.py:188} INFO - [2025-12-28T12:10:00.132+0700] {dag.py:3954} INFO - Setting next_dagrun for flight_ingestion_v2 to 2025-12-27 17:00:00+00:00, run_after=2025-12-28 17:00:00+00:00
[2025-12-28T12:10:00.173+0700] {processor.py:183} INFO - Processing /opt/airflow/dags/ingestion_dag.py took 1.300 seconds
[2025-12-28T12:10:30.287+0700] {processor.py:161} INFO - Started process (PID=187) to work on /opt/airflow/dags/ingestion_dag.py
[2025-12-28T12:10:30.293+0700] {processor.py:830} INFO - Processing file /opt/airflow/dags/ingestion_dag.py for tasks to queue
[2025-12-28T12:10:30.304+0700] {logging_mixin.py:188} INFO - [2025-12-28T12:10:30.302+0700] {dagbag.py:545} INFO - Filling up the DagBag from /opt/airflow/dags/ingestion_dag.py
[2025-12-28T12:10:31.384+0700] {processor.py:840} INFO - DAG(s) 'flight_ingestion_v2' retrieved from /opt/airflow/dags/ingestion_dag.py
[2025-12-28T12:10:31.428+0700] {logging_mixin.py:188} INFO - [2025-12-28T12:10:31.427+0700] {dag.py:3096} INFO - Sync 1 DAGs
[2025-12-28T12:10:31.470+0700] {logging_mixin.py:188} INFO - [2025-12-28T12:10:31.470+0700] {dag.py:3954} INFO - Setting next_dagrun for flight_ingestion_v2 to 2025-12-27 17:00:00+00:00, run_after=2025-12-28 17:00:00+00:00
[2025-12-28T12:10:31.511+0700] {processor.py:183} INFO - Processing /opt/airflow/dags/ingestion_dag.py took 1.255 seconds
[2025-12-28T12:11:01.903+0700] {processor.py:161} INFO - Started process (PID=193) to work on /opt/airflow/dags/ingestion_dag.py
[2025-12-28T12:11:01.908+0700] {processor.py:830} INFO - Processing file /opt/airflow/dags/ingestion_dag.py for tasks to queue
[2025-12-28T12:11:01.918+0700] {logging_mixin.py:188} INFO - [2025-12-28T12:11:01.916+0700] {dagbag.py:545} INFO - Filling up the DagBag from /opt/airflow/dags/ingestion_dag.py
[2025-12-28T12:11:03.004+0700] {processor.py:840} INFO - DAG(s) 'flight_ingestion_v2' retrieved from /opt/airflow/dags/ingestion_dag.py
[2025-12-28T12:11:03.046+0700] {logging_mixin.py:188} INFO - [2025-12-28T12:11:03.045+0700] {dag.py:3096} INFO - Sync 1 DAGs
[2025-12-28T12:11:03.087+0700] {logging_mixin.py:188} INFO - [2025-12-28T12:11:03.087+0700] {dag.py:3954} INFO - Setting next_dagrun for flight_ingestion_v2 to 2025-12-27 17:00:00+00:00, run_after=2025-12-28 17:00:00+00:00
[2025-12-28T12:11:03.128+0700] {processor.py:183} INFO - Processing /opt/airflow/dags/ingestion_dag.py took 1.252 seconds
[2025-12-28T12:11:33.249+0700] {processor.py:161} INFO - Started process (PID=199) to work on /opt/airflow/dags/ingestion_dag.py
[2025-12-28T12:11:33.254+0700] {processor.py:830} INFO - Processing file /opt/airflow/dags/ingestion_dag.py for tasks to queue
[2025-12-28T12:11:33.262+0700] {logging_mixin.py:188} INFO - [2025-12-28T12:11:33.261+0700] {dagbag.py:545} INFO - Filling up the DagBag from /opt/airflow/dags/ingestion_dag.py
[2025-12-28T12:11:34.342+0700] {processor.py:840} INFO - DAG(s) 'flight_ingestion_v2' retrieved from /opt/airflow/dags/ingestion_dag.py
[2025-12-28T12:11:34.384+0700] {logging_mixin.py:188} INFO - [2025-12-28T12:11:34.383+0700] {dag.py:3096} INFO - Sync 1 DAGs
[2025-12-28T12:11:34.429+0700] {logging_mixin.py:188} INFO - [2025-12-28T12:11:34.429+0700] {dag.py:3954} INFO - Setting next_dagrun for flight_ingestion_v2 to 2025-12-27 17:00:00+00:00, run_after=2025-12-28 17:00:00+00:00
[2025-12-28T12:11:34.462+0700] {processor.py:183} INFO - Processing /opt/airflow/dags/ingestion_dag.py took 1.241 seconds
[2025-12-28T12:12:04.864+0700] {processor.py:161} INFO - Started process (PID=205) to work on /opt/airflow/dags/ingestion_dag.py
[2025-12-28T12:12:04.868+0700] {processor.py:830} INFO - Processing file /opt/airflow/dags/ingestion_dag.py for tasks to queue
[2025-12-28T12:12:04.879+0700] {logging_mixin.py:188} INFO - [2025-12-28T12:12:04.877+0700] {dagbag.py:545} INFO - Filling up the DagBag from /opt/airflow/dags/ingestion_dag.py
[2025-12-28T12:12:05.969+0700] {processor.py:840} INFO - DAG(s) 'flight_ingestion_v2' retrieved from /opt/airflow/dags/ingestion_dag.py
[2025-12-28T12:12:06.011+0700] {logging_mixin.py:188} INFO - [2025-12-28T12:12:06.010+0700] {dag.py:3096} INFO - Sync 1 DAGs
[2025-12-28T12:12:06.053+0700] {logging_mixin.py:188} INFO - [2025-12-28T12:12:06.053+0700] {dag.py:3954} INFO - Setting next_dagrun for flight_ingestion_v2 to 2025-12-27 17:00:00+00:00, run_after=2025-12-28 17:00:00+00:00
[2025-12-28T12:12:06.088+0700] {processor.py:183} INFO - Processing /opt/airflow/dags/ingestion_dag.py took 1.251 seconds
[2025-12-28T12:12:36.305+0700] {processor.py:161} INFO - Started process (PID=211) to work on /opt/airflow/dags/ingestion_dag.py
[2025-12-28T12:12:36.310+0700] {processor.py:830} INFO - Processing file /opt/airflow/dags/ingestion_dag.py for tasks to queue
[2025-12-28T12:12:36.321+0700] {logging_mixin.py:188} INFO - [2025-12-28T12:12:36.319+0700] {dagbag.py:545} INFO - Filling up the DagBag from /opt/airflow/dags/ingestion_dag.py
[2025-12-28T12:12:37.447+0700] {processor.py:840} INFO - DAG(s) 'flight_ingestion_v2' retrieved from /opt/airflow/dags/ingestion_dag.py
[2025-12-28T12:12:37.489+0700] {logging_mixin.py:188} INFO - [2025-12-28T12:12:37.488+0700] {dag.py:3096} INFO - Sync 1 DAGs
[2025-12-28T12:12:37.534+0700] {logging_mixin.py:188} INFO - [2025-12-28T12:12:37.534+0700] {dag.py:3954} INFO - Setting next_dagrun for flight_ingestion_v2 to 2025-12-27 17:00:00+00:00, run_after=2025-12-28 17:00:00+00:00
[2025-12-28T12:12:37.573+0700] {processor.py:183} INFO - Processing /opt/airflow/dags/ingestion_dag.py took 1.299 seconds
[2025-12-28T12:13:07.832+0700] {processor.py:161} INFO - Started process (PID=217) to work on /opt/airflow/dags/ingestion_dag.py
[2025-12-28T12:13:07.837+0700] {processor.py:830} INFO - Processing file /opt/airflow/dags/ingestion_dag.py for tasks to queue
[2025-12-28T12:13:07.845+0700] {logging_mixin.py:188} INFO - [2025-12-28T12:13:07.844+0700] {dagbag.py:545} INFO - Filling up the DagBag from /opt/airflow/dags/ingestion_dag.py
[2025-12-28T12:13:08.915+0700] {processor.py:840} INFO - DAG(s) 'flight_ingestion_v2' retrieved from /opt/airflow/dags/ingestion_dag.py
[2025-12-28T12:13:08.957+0700] {logging_mixin.py:188} INFO - [2025-12-28T12:13:08.956+0700] {dag.py:3096} INFO - Sync 1 DAGs
[2025-12-28T12:13:09.010+0700] {logging_mixin.py:188} INFO - [2025-12-28T12:13:09.010+0700] {dag.py:3954} INFO - Setting next_dagrun for flight_ingestion_v2 to 2025-12-27 17:00:00+00:00, run_after=2025-12-28 17:00:00+00:00
[2025-12-28T12:13:09.051+0700] {processor.py:183} INFO - Processing /opt/airflow/dags/ingestion_dag.py took 1.248 seconds
[2025-12-28T12:13:39.291+0700] {processor.py:161} INFO - Started process (PID=223) to work on /opt/airflow/dags/ingestion_dag.py
[2025-12-28T12:13:39.295+0700] {processor.py:830} INFO - Processing file /opt/airflow/dags/ingestion_dag.py for tasks to queue
[2025-12-28T12:13:39.304+0700] {logging_mixin.py:188} INFO - [2025-12-28T12:13:39.302+0700] {dagbag.py:545} INFO - Filling up the DagBag from /opt/airflow/dags/ingestion_dag.py
[2025-12-28T12:13:40.441+0700] {processor.py:840} INFO - DAG(s) 'flight_ingestion_v2' retrieved from /opt/airflow/dags/ingestion_dag.py
[2025-12-28T12:13:40.487+0700] {logging_mixin.py:188} INFO - [2025-12-28T12:13:40.486+0700] {dag.py:3096} INFO - Sync 1 DAGs
[2025-12-28T12:13:40.527+0700] {logging_mixin.py:188} INFO - [2025-12-28T12:13:40.527+0700] {dag.py:3954} INFO - Setting next_dagrun for flight_ingestion_v2 to 2025-12-27 17:00:00+00:00, run_after=2025-12-28 17:00:00+00:00
[2025-12-28T12:13:40.561+0700] {processor.py:183} INFO - Processing /opt/airflow/dags/ingestion_dag.py took 1.299 seconds
[2025-12-28T12:14:10.736+0700] {processor.py:161} INFO - Started process (PID=229) to work on /opt/airflow/dags/ingestion_dag.py
[2025-12-28T12:14:10.741+0700] {processor.py:830} INFO - Processing file /opt/airflow/dags/ingestion_dag.py for tasks to queue
[2025-12-28T12:14:10.752+0700] {logging_mixin.py:188} INFO - [2025-12-28T12:14:10.750+0700] {dagbag.py:545} INFO - Filling up the DagBag from /opt/airflow/dags/ingestion_dag.py
[2025-12-28T12:14:11.813+0700] {processor.py:840} INFO - DAG(s) 'flight_ingestion_v2' retrieved from /opt/airflow/dags/ingestion_dag.py
[2025-12-28T12:14:11.869+0700] {logging_mixin.py:188} INFO - [2025-12-28T12:14:11.868+0700] {dag.py:3096} INFO - Sync 1 DAGs
[2025-12-28T12:14:11.923+0700] {logging_mixin.py:188} INFO - [2025-12-28T12:14:11.922+0700] {dag.py:3954} INFO - Setting next_dagrun for flight_ingestion_v2 to 2025-12-27 17:00:00+00:00, run_after=2025-12-28 17:00:00+00:00
[2025-12-28T12:14:11.959+0700] {processor.py:183} INFO - Processing /opt/airflow/dags/ingestion_dag.py took 1.251 seconds
[2025-12-28T12:14:42.275+0700] {processor.py:161} INFO - Started process (PID=235) to work on /opt/airflow/dags/ingestion_dag.py
[2025-12-28T12:14:42.280+0700] {processor.py:830} INFO - Processing file /opt/airflow/dags/ingestion_dag.py for tasks to queue
[2025-12-28T12:14:42.292+0700] {logging_mixin.py:188} INFO - [2025-12-28T12:14:42.289+0700] {dagbag.py:545} INFO - Filling up the DagBag from /opt/airflow/dags/ingestion_dag.py
[2025-12-28T12:14:43.405+0700] {processor.py:840} INFO - DAG(s) 'flight_ingestion_v2' retrieved from /opt/airflow/dags/ingestion_dag.py
[2025-12-28T12:14:43.450+0700] {logging_mixin.py:188} INFO - [2025-12-28T12:14:43.449+0700] {dag.py:3096} INFO - Sync 1 DAGs
[2025-12-28T12:14:43.496+0700] {logging_mixin.py:188} INFO - [2025-12-28T12:14:43.495+0700] {dag.py:3954} INFO - Setting next_dagrun for flight_ingestion_v2 to 2025-12-27 17:00:00+00:00, run_after=2025-12-28 17:00:00+00:00
[2025-12-28T12:14:43.535+0700] {processor.py:183} INFO - Processing /opt/airflow/dags/ingestion_dag.py took 1.294 seconds
[2025-12-28T12:15:13.690+0700] {processor.py:161} INFO - Started process (PID=241) to work on /opt/airflow/dags/ingestion_dag.py
[2025-12-28T12:15:13.694+0700] {processor.py:830} INFO - Processing file /opt/airflow/dags/ingestion_dag.py for tasks to queue
[2025-12-28T12:15:13.703+0700] {logging_mixin.py:188} INFO - [2025-12-28T12:15:13.701+0700] {dagbag.py:545} INFO - Filling up the DagBag from /opt/airflow/dags/ingestion_dag.py
[2025-12-28T12:15:14.780+0700] {processor.py:840} INFO - DAG(s) 'flight_ingestion_v2' retrieved from /opt/airflow/dags/ingestion_dag.py
[2025-12-28T12:15:14.823+0700] {logging_mixin.py:188} INFO - [2025-12-28T12:15:14.822+0700] {dag.py:3096} INFO - Sync 1 DAGs
[2025-12-28T12:15:14.867+0700] {logging_mixin.py:188} INFO - [2025-12-28T12:15:14.866+0700] {dag.py:3954} INFO - Setting next_dagrun for flight_ingestion_v2 to 2025-12-27 17:00:00+00:00, run_after=2025-12-28 17:00:00+00:00
[2025-12-28T12:15:14.906+0700] {processor.py:183} INFO - Processing /opt/airflow/dags/ingestion_dag.py took 1.245 seconds
[2025-12-28T12:15:45.263+0700] {processor.py:161} INFO - Started process (PID=247) to work on /opt/airflow/dags/ingestion_dag.py
[2025-12-28T12:15:45.267+0700] {processor.py:830} INFO - Processing file /opt/airflow/dags/ingestion_dag.py for tasks to queue
[2025-12-28T12:15:45.277+0700] {logging_mixin.py:188} INFO - [2025-12-28T12:15:45.275+0700] {dagbag.py:545} INFO - Filling up the DagBag from /opt/airflow/dags/ingestion_dag.py
[2025-12-28T12:15:46.322+0700] {processor.py:840} INFO - DAG(s) 'flight_ingestion_v2' retrieved from /opt/airflow/dags/ingestion_dag.py
[2025-12-28T12:15:46.365+0700] {logging_mixin.py:188} INFO - [2025-12-28T12:15:46.364+0700] {dag.py:3096} INFO - Sync 1 DAGs
[2025-12-28T12:15:46.407+0700] {logging_mixin.py:188} INFO - [2025-12-28T12:15:46.406+0700] {dag.py:3954} INFO - Setting next_dagrun for flight_ingestion_v2 to 2025-12-27 17:00:00+00:00, run_after=2025-12-28 17:00:00+00:00
[2025-12-28T12:15:46.440+0700] {processor.py:183} INFO - Processing /opt/airflow/dags/ingestion_dag.py took 1.204 seconds
[2025-12-28T12:16:16.610+0700] {processor.py:161} INFO - Started process (PID=253) to work on /opt/airflow/dags/ingestion_dag.py
[2025-12-28T12:16:16.615+0700] {processor.py:830} INFO - Processing file /opt/airflow/dags/ingestion_dag.py for tasks to queue
[2025-12-28T12:16:16.624+0700] {logging_mixin.py:188} INFO - [2025-12-28T12:16:16.623+0700] {dagbag.py:545} INFO - Filling up the DagBag from /opt/airflow/dags/ingestion_dag.py
[2025-12-28T12:16:17.747+0700] {processor.py:840} INFO - DAG(s) 'flight_ingestion_v2' retrieved from /opt/airflow/dags/ingestion_dag.py
[2025-12-28T12:16:17.788+0700] {logging_mixin.py:188} INFO - [2025-12-28T12:16:17.788+0700] {dag.py:3096} INFO - Sync 1 DAGs
[2025-12-28T12:16:17.828+0700] {logging_mixin.py:188} INFO - [2025-12-28T12:16:17.827+0700] {dag.py:3954} INFO - Setting next_dagrun for flight_ingestion_v2 to 2025-12-27 17:00:00+00:00, run_after=2025-12-28 17:00:00+00:00
[2025-12-28T12:16:17.869+0700] {processor.py:183} INFO - Processing /opt/airflow/dags/ingestion_dag.py took 1.287 seconds
[2025-12-28T12:16:48.189+0700] {processor.py:161} INFO - Started process (PID=259) to work on /opt/airflow/dags/ingestion_dag.py
[2025-12-28T12:16:48.193+0700] {processor.py:830} INFO - Processing file /opt/airflow/dags/ingestion_dag.py for tasks to queue
[2025-12-28T12:16:48.202+0700] {logging_mixin.py:188} INFO - [2025-12-28T12:16:48.201+0700] {dagbag.py:545} INFO - Filling up the DagBag from /opt/airflow/dags/ingestion_dag.py
[2025-12-28T12:16:49.304+0700] {processor.py:840} INFO - DAG(s) 'flight_ingestion_v2' retrieved from /opt/airflow/dags/ingestion_dag.py
[2025-12-28T12:16:49.351+0700] {logging_mixin.py:188} INFO - [2025-12-28T12:16:49.351+0700] {dag.py:3096} INFO - Sync 1 DAGs
[2025-12-28T12:16:49.391+0700] {logging_mixin.py:188} INFO - [2025-12-28T12:16:49.391+0700] {dag.py:3954} INFO - Setting next_dagrun for flight_ingestion_v2 to 2025-12-27 17:00:00+00:00, run_after=2025-12-28 17:00:00+00:00
[2025-12-28T12:16:49.424+0700] {processor.py:183} INFO - Processing /opt/airflow/dags/ingestion_dag.py took 1.261 seconds
[2025-12-28T12:17:19.599+0700] {processor.py:161} INFO - Started process (PID=265) to work on /opt/airflow/dags/ingestion_dag.py
[2025-12-28T12:17:19.604+0700] {processor.py:830} INFO - Processing file /opt/airflow/dags/ingestion_dag.py for tasks to queue
[2025-12-28T12:17:19.616+0700] {logging_mixin.py:188} INFO - [2025-12-28T12:17:19.614+0700] {dagbag.py:545} INFO - Filling up the DagBag from /opt/airflow/dags/ingestion_dag.py
[2025-12-28T12:17:20.666+0700] {processor.py:840} INFO - DAG(s) 'flight_ingestion_v2' retrieved from /opt/airflow/dags/ingestion_dag.py
[2025-12-28T12:17:20.706+0700] {logging_mixin.py:188} INFO - [2025-12-28T12:17:20.705+0700] {dag.py:3096} INFO - Sync 1 DAGs
[2025-12-28T12:17:20.750+0700] {logging_mixin.py:188} INFO - [2025-12-28T12:17:20.750+0700] {dag.py:3954} INFO - Setting next_dagrun for flight_ingestion_v2 to 2025-12-27 17:00:00+00:00, run_after=2025-12-28 17:00:00+00:00
[2025-12-28T12:17:20.791+0700] {processor.py:183} INFO - Processing /opt/airflow/dags/ingestion_dag.py took 1.224 seconds
[2025-12-28T12:17:51.154+0700] {processor.py:161} INFO - Started process (PID=271) to work on /opt/airflow/dags/ingestion_dag.py
[2025-12-28T12:17:51.157+0700] {processor.py:830} INFO - Processing file /opt/airflow/dags/ingestion_dag.py for tasks to queue
[2025-12-28T12:17:51.163+0700] {logging_mixin.py:188} INFO - [2025-12-28T12:17:51.162+0700] {dagbag.py:545} INFO - Filling up the DagBag from /opt/airflow/dags/ingestion_dag.py
[2025-12-28T12:17:52.556+0700] {processor.py:840} INFO - DAG(s) 'flight_ingestion_v2' retrieved from /opt/airflow/dags/ingestion_dag.py
[2025-12-28T12:17:52.617+0700] {logging_mixin.py:188} INFO - [2025-12-28T12:17:52.616+0700] {dag.py:3096} INFO - Sync 1 DAGs
[2025-12-28T12:17:52.674+0700] {logging_mixin.py:188} INFO - [2025-12-28T12:17:52.674+0700] {dag.py:3954} INFO - Setting next_dagrun for flight_ingestion_v2 to 2025-12-27 17:00:00+00:00, run_after=2025-12-28 17:00:00+00:00
[2025-12-28T12:17:52.717+0700] {processor.py:183} INFO - Processing /opt/airflow/dags/ingestion_dag.py took 1.581 seconds
[2025-12-28T12:18:23.021+0700] {processor.py:161} INFO - Started process (PID=277) to work on /opt/airflow/dags/ingestion_dag.py
[2025-12-28T12:18:23.031+0700] {processor.py:830} INFO - Processing file /opt/airflow/dags/ingestion_dag.py for tasks to queue
[2025-12-28T12:18:23.035+0700] {logging_mixin.py:188} INFO - [2025-12-28T12:18:23.034+0700] {dagbag.py:545} INFO - Filling up the DagBag from /opt/airflow/dags/ingestion_dag.py
[2025-12-28T12:18:24.187+0700] {processor.py:840} INFO - DAG(s) 'flight_ingestion_v2' retrieved from /opt/airflow/dags/ingestion_dag.py
[2025-12-28T12:18:24.229+0700] {logging_mixin.py:188} INFO - [2025-12-28T12:18:24.228+0700] {dag.py:3096} INFO - Sync 1 DAGs
[2025-12-28T12:18:24.277+0700] {logging_mixin.py:188} INFO - [2025-12-28T12:18:24.277+0700] {dag.py:3954} INFO - Setting next_dagrun for flight_ingestion_v2 to 2025-12-27 17:00:00+00:00, run_after=2025-12-28 17:00:00+00:00
[2025-12-28T12:18:24.332+0700] {processor.py:183} INFO - Processing /opt/airflow/dags/ingestion_dag.py took 1.326 seconds
[2025-12-28T12:18:54.789+0700] {processor.py:161} INFO - Started process (PID=283) to work on /opt/airflow/dags/ingestion_dag.py
[2025-12-28T12:18:54.794+0700] {processor.py:830} INFO - Processing file /opt/airflow/dags/ingestion_dag.py for tasks to queue
[2025-12-28T12:18:54.803+0700] {logging_mixin.py:188} INFO - [2025-12-28T12:18:54.801+0700] {dagbag.py:545} INFO - Filling up the DagBag from /opt/airflow/dags/ingestion_dag.py
[2025-12-28T12:18:56.036+0700] {processor.py:840} INFO - DAG(s) 'flight_ingestion_v2' retrieved from /opt/airflow/dags/ingestion_dag.py
[2025-12-28T12:18:56.086+0700] {logging_mixin.py:188} INFO - [2025-12-28T12:18:56.085+0700] {dag.py:3096} INFO - Sync 1 DAGs
[2025-12-28T12:18:56.127+0700] {logging_mixin.py:188} INFO - [2025-12-28T12:18:56.126+0700] {dag.py:3954} INFO - Setting next_dagrun for flight_ingestion_v2 to 2025-12-27 17:00:00+00:00, run_after=2025-12-28 17:00:00+00:00
[2025-12-28T12:18:56.159+0700] {processor.py:183} INFO - Processing /opt/airflow/dags/ingestion_dag.py took 1.399 seconds
[2025-12-28T12:19:26.555+0700] {processor.py:161} INFO - Started process (PID=289) to work on /opt/airflow/dags/ingestion_dag.py
[2025-12-28T12:19:26.557+0700] {processor.py:830} INFO - Processing file /opt/airflow/dags/ingestion_dag.py for tasks to queue
[2025-12-28T12:19:26.561+0700] {logging_mixin.py:188} INFO - [2025-12-28T12:19:26.561+0700] {dagbag.py:545} INFO - Filling up the DagBag from /opt/airflow/dags/ingestion_dag.py
[2025-12-28T12:19:27.681+0700] {processor.py:840} INFO - DAG(s) 'flight_ingestion_v2' retrieved from /opt/airflow/dags/ingestion_dag.py
[2025-12-28T12:19:27.724+0700] {logging_mixin.py:188} INFO - [2025-12-28T12:19:27.723+0700] {dag.py:3096} INFO - Sync 1 DAGs
[2025-12-28T12:19:27.763+0700] {logging_mixin.py:188} INFO - [2025-12-28T12:19:27.763+0700] {dag.py:3954} INFO - Setting next_dagrun for flight_ingestion_v2 to 2025-12-27 17:00:00+00:00, run_after=2025-12-28 17:00:00+00:00
[2025-12-28T12:19:27.796+0700] {processor.py:183} INFO - Processing /opt/airflow/dags/ingestion_dag.py took 1.255 seconds
[2025-12-28T12:19:57.943+0700] {processor.py:161} INFO - Started process (PID=295) to work on /opt/airflow/dags/ingestion_dag.py
[2025-12-28T12:19:57.948+0700] {processor.py:830} INFO - Processing file /opt/airflow/dags/ingestion_dag.py for tasks to queue
[2025-12-28T12:19:57.959+0700] {logging_mixin.py:188} INFO - [2025-12-28T12:19:57.957+0700] {dagbag.py:545} INFO - Filling up the DagBag from /opt/airflow/dags/ingestion_dag.py
[2025-12-28T12:19:59.133+0700] {processor.py:840} INFO - DAG(s) 'flight_ingestion_v2' retrieved from /opt/airflow/dags/ingestion_dag.py
[2025-12-28T12:19:59.173+0700] {logging_mixin.py:188} INFO - [2025-12-28T12:19:59.172+0700] {dag.py:3096} INFO - Sync 1 DAGs
[2025-12-28T12:19:59.212+0700] {logging_mixin.py:188} INFO - [2025-12-28T12:19:59.212+0700] {dag.py:3954} INFO - Setting next_dagrun for flight_ingestion_v2 to 2025-12-27 17:00:00+00:00, run_after=2025-12-28 17:00:00+00:00
[2025-12-28T12:19:59.254+0700] {processor.py:183} INFO - Processing /opt/airflow/dags/ingestion_dag.py took 1.345 seconds
[2025-12-28T12:20:29.599+0700] {processor.py:161} INFO - Started process (PID=301) to work on /opt/airflow/dags/ingestion_dag.py
[2025-12-28T12:20:29.605+0700] {processor.py:830} INFO - Processing file /opt/airflow/dags/ingestion_dag.py for tasks to queue
[2025-12-28T12:20:29.619+0700] {logging_mixin.py:188} INFO - [2025-12-28T12:20:29.617+0700] {dagbag.py:545} INFO - Filling up the DagBag from /opt/airflow/dags/ingestion_dag.py
[2025-12-28T12:20:30.748+0700] {processor.py:840} INFO - DAG(s) 'flight_ingestion_v2' retrieved from /opt/airflow/dags/ingestion_dag.py
[2025-12-28T12:20:30.789+0700] {logging_mixin.py:188} INFO - [2025-12-28T12:20:30.788+0700] {dag.py:3096} INFO - Sync 1 DAGs
[2025-12-28T12:20:30.831+0700] {logging_mixin.py:188} INFO - [2025-12-28T12:20:30.830+0700] {dag.py:3954} INFO - Setting next_dagrun for flight_ingestion_v2 to 2025-12-27 17:00:00+00:00, run_after=2025-12-28 17:00:00+00:00
[2025-12-28T12:20:30.873+0700] {processor.py:183} INFO - Processing /opt/airflow/dags/ingestion_dag.py took 1.307 seconds
[2025-12-28T12:21:01.035+0700] {processor.py:161} INFO - Started process (PID=307) to work on /opt/airflow/dags/ingestion_dag.py
[2025-12-28T12:21:01.039+0700] {processor.py:830} INFO - Processing file /opt/airflow/dags/ingestion_dag.py for tasks to queue
[2025-12-28T12:21:01.049+0700] {logging_mixin.py:188} INFO - [2025-12-28T12:21:01.047+0700] {dagbag.py:545} INFO - Filling up the DagBag from /opt/airflow/dags/ingestion_dag.py
[2025-12-28T12:21:02.238+0700] {processor.py:840} INFO - DAG(s) 'flight_ingestion_v2' retrieved from /opt/airflow/dags/ingestion_dag.py
[2025-12-28T12:21:02.277+0700] {logging_mixin.py:188} INFO - [2025-12-28T12:21:02.276+0700] {dag.py:3096} INFO - Sync 1 DAGs
[2025-12-28T12:21:02.318+0700] {logging_mixin.py:188} INFO - [2025-12-28T12:21:02.317+0700] {dag.py:3954} INFO - Setting next_dagrun for flight_ingestion_v2 to 2025-12-27 17:00:00+00:00, run_after=2025-12-28 17:00:00+00:00
[2025-12-28T12:21:02.351+0700] {processor.py:183} INFO - Processing /opt/airflow/dags/ingestion_dag.py took 1.350 seconds
[2025-12-28T12:21:32.620+0700] {processor.py:161} INFO - Started process (PID=313) to work on /opt/airflow/dags/ingestion_dag.py
[2025-12-28T12:21:32.626+0700] {processor.py:830} INFO - Processing file /opt/airflow/dags/ingestion_dag.py for tasks to queue
[2025-12-28T12:21:32.638+0700] {logging_mixin.py:188} INFO - [2025-12-28T12:21:32.636+0700] {dagbag.py:545} INFO - Filling up the DagBag from /opt/airflow/dags/ingestion_dag.py
[2025-12-28T12:21:33.884+0700] {processor.py:840} INFO - DAG(s) 'flight_ingestion_v2' retrieved from /opt/airflow/dags/ingestion_dag.py
[2025-12-28T12:21:33.929+0700] {logging_mixin.py:188} INFO - [2025-12-28T12:21:33.928+0700] {dag.py:3096} INFO - Sync 1 DAGs
[2025-12-28T12:21:33.981+0700] {logging_mixin.py:188} INFO - [2025-12-28T12:21:33.981+0700] {dag.py:3954} INFO - Setting next_dagrun for flight_ingestion_v2 to 2025-12-27 17:00:00+00:00, run_after=2025-12-28 17:00:00+00:00
[2025-12-28T12:21:34.031+0700] {processor.py:183} INFO - Processing /opt/airflow/dags/ingestion_dag.py took 1.449 seconds
[2025-12-28T12:22:04.466+0700] {processor.py:161} INFO - Started process (PID=319) to work on /opt/airflow/dags/ingestion_dag.py
[2025-12-28T12:22:04.481+0700] {processor.py:830} INFO - Processing file /opt/airflow/dags/ingestion_dag.py for tasks to queue
[2025-12-28T12:22:04.493+0700] {logging_mixin.py:188} INFO - [2025-12-28T12:22:04.491+0700] {dagbag.py:545} INFO - Filling up the DagBag from /opt/airflow/dags/ingestion_dag.py
[2025-12-28T12:22:05.737+0700] {processor.py:840} INFO - DAG(s) 'flight_ingestion_v2' retrieved from /opt/airflow/dags/ingestion_dag.py
[2025-12-28T12:22:05.786+0700] {logging_mixin.py:188} INFO - [2025-12-28T12:22:05.785+0700] {dag.py:3096} INFO - Sync 1 DAGs
[2025-12-28T12:22:05.826+0700] {logging_mixin.py:188} INFO - [2025-12-28T12:22:05.826+0700] {dag.py:3954} INFO - Setting next_dagrun for flight_ingestion_v2 to 2025-12-27 17:00:00+00:00, run_after=2025-12-28 17:00:00+00:00
[2025-12-28T12:22:05.860+0700] {processor.py:183} INFO - Processing /opt/airflow/dags/ingestion_dag.py took 1.437 seconds
[2025-12-28T12:22:36.362+0700] {processor.py:161} INFO - Started process (PID=325) to work on /opt/airflow/dags/ingestion_dag.py
[2025-12-28T12:22:36.369+0700] {processor.py:830} INFO - Processing file /opt/airflow/dags/ingestion_dag.py for tasks to queue
[2025-12-28T12:22:36.382+0700] {logging_mixin.py:188} INFO - [2025-12-28T12:22:36.380+0700] {dagbag.py:545} INFO - Filling up the DagBag from /opt/airflow/dags/ingestion_dag.py
[2025-12-28T12:22:37.595+0700] {processor.py:840} INFO - DAG(s) 'flight_ingestion_v2' retrieved from /opt/airflow/dags/ingestion_dag.py
[2025-12-28T12:22:37.644+0700] {logging_mixin.py:188} INFO - [2025-12-28T12:22:37.643+0700] {dag.py:3096} INFO - Sync 1 DAGs
[2025-12-28T12:22:37.685+0700] {logging_mixin.py:188} INFO - [2025-12-28T12:22:37.685+0700] {dag.py:3954} INFO - Setting next_dagrun for flight_ingestion_v2 to 2025-12-27 17:00:00+00:00, run_after=2025-12-28 17:00:00+00:00
[2025-12-28T12:22:37.721+0700] {processor.py:183} INFO - Processing /opt/airflow/dags/ingestion_dag.py took 1.404 seconds
[2025-12-28T12:23:08.098+0700] {processor.py:161} INFO - Started process (PID=331) to work on /opt/airflow/dags/ingestion_dag.py
[2025-12-28T12:23:08.102+0700] {processor.py:830} INFO - Processing file /opt/airflow/dags/ingestion_dag.py for tasks to queue
[2025-12-28T12:23:08.110+0700] {logging_mixin.py:188} INFO - [2025-12-28T12:23:08.108+0700] {dagbag.py:545} INFO - Filling up the DagBag from /opt/airflow/dags/ingestion_dag.py
[2025-12-28T12:23:09.175+0700] {processor.py:840} INFO - DAG(s) 'flight_ingestion_v2' retrieved from /opt/airflow/dags/ingestion_dag.py
[2025-12-28T12:23:09.221+0700] {logging_mixin.py:188} INFO - [2025-12-28T12:23:09.220+0700] {dag.py:3096} INFO - Sync 1 DAGs
[2025-12-28T12:23:09.261+0700] {logging_mixin.py:188} INFO - [2025-12-28T12:23:09.260+0700] {dag.py:3954} INFO - Setting next_dagrun for flight_ingestion_v2 to 2025-12-27 17:00:00+00:00, run_after=2025-12-28 17:00:00+00:00
[2025-12-28T12:23:09.303+0700] {processor.py:183} INFO - Processing /opt/airflow/dags/ingestion_dag.py took 1.227 seconds
[2025-12-28T12:23:39.508+0700] {processor.py:161} INFO - Started process (PID=337) to work on /opt/airflow/dags/ingestion_dag.py
[2025-12-28T12:23:39.514+0700] {processor.py:830} INFO - Processing file /opt/airflow/dags/ingestion_dag.py for tasks to queue
[2025-12-28T12:23:39.527+0700] {logging_mixin.py:188} INFO - [2025-12-28T12:23:39.525+0700] {dagbag.py:545} INFO - Filling up the DagBag from /opt/airflow/dags/ingestion_dag.py
[2025-12-28T12:23:40.605+0700] {processor.py:840} INFO - DAG(s) 'flight_ingestion_v2' retrieved from /opt/airflow/dags/ingestion_dag.py
[2025-12-28T12:23:40.652+0700] {logging_mixin.py:188} INFO - [2025-12-28T12:23:40.651+0700] {dag.py:3096} INFO - Sync 1 DAGs
[2025-12-28T12:23:40.694+0700] {logging_mixin.py:188} INFO - [2025-12-28T12:23:40.693+0700] {dag.py:3954} INFO - Setting next_dagrun for flight_ingestion_v2 to 2025-12-27 17:00:00+00:00, run_after=2025-12-28 17:00:00+00:00
[2025-12-28T12:23:40.728+0700] {processor.py:183} INFO - Processing /opt/airflow/dags/ingestion_dag.py took 1.256 seconds
[2025-12-28T12:24:11.119+0700] {processor.py:161} INFO - Started process (PID=343) to work on /opt/airflow/dags/ingestion_dag.py
[2025-12-28T12:24:11.124+0700] {processor.py:830} INFO - Processing file /opt/airflow/dags/ingestion_dag.py for tasks to queue
[2025-12-28T12:24:11.134+0700] {logging_mixin.py:188} INFO - [2025-12-28T12:24:11.133+0700] {dagbag.py:545} INFO - Filling up the DagBag from /opt/airflow/dags/ingestion_dag.py
[2025-12-28T12:24:12.250+0700] {processor.py:840} INFO - DAG(s) 'flight_ingestion_v2' retrieved from /opt/airflow/dags/ingestion_dag.py
[2025-12-28T12:24:12.290+0700] {logging_mixin.py:188} INFO - [2025-12-28T12:24:12.290+0700] {dag.py:3096} INFO - Sync 1 DAGs
[2025-12-28T12:24:12.333+0700] {logging_mixin.py:188} INFO - [2025-12-28T12:24:12.332+0700] {dag.py:3954} INFO - Setting next_dagrun for flight_ingestion_v2 to 2025-12-27 17:00:00+00:00, run_after=2025-12-28 17:00:00+00:00
[2025-12-28T12:24:12.376+0700] {processor.py:183} INFO - Processing /opt/airflow/dags/ingestion_dag.py took 1.290 seconds
[2025-12-28T12:24:42.517+0700] {processor.py:161} INFO - Started process (PID=349) to work on /opt/airflow/dags/ingestion_dag.py
[2025-12-28T12:24:42.523+0700] {processor.py:830} INFO - Processing file /opt/airflow/dags/ingestion_dag.py for tasks to queue
[2025-12-28T12:24:42.536+0700] {logging_mixin.py:188} INFO - [2025-12-28T12:24:42.533+0700] {dagbag.py:545} INFO - Filling up the DagBag from /opt/airflow/dags/ingestion_dag.py
[2025-12-28T12:24:43.716+0700] {processor.py:840} INFO - DAG(s) 'flight_ingestion_v2' retrieved from /opt/airflow/dags/ingestion_dag.py
[2025-12-28T12:24:43.758+0700] {logging_mixin.py:188} INFO - [2025-12-28T12:24:43.757+0700] {dag.py:3096} INFO - Sync 1 DAGs
[2025-12-28T12:24:43.798+0700] {logging_mixin.py:188} INFO - [2025-12-28T12:24:43.798+0700] {dag.py:3954} INFO - Setting next_dagrun for flight_ingestion_v2 to 2025-12-27 17:00:00+00:00, run_after=2025-12-28 17:00:00+00:00
[2025-12-28T12:24:43.840+0700] {processor.py:183} INFO - Processing /opt/airflow/dags/ingestion_dag.py took 1.360 seconds
[2025-12-28T12:25:14.152+0700] {processor.py:161} INFO - Started process (PID=355) to work on /opt/airflow/dags/ingestion_dag.py
[2025-12-28T12:25:14.164+0700] {processor.py:830} INFO - Processing file /opt/airflow/dags/ingestion_dag.py for tasks to queue
[2025-12-28T12:25:14.173+0700] {logging_mixin.py:188} INFO - [2025-12-28T12:25:14.172+0700] {dagbag.py:545} INFO - Filling up the DagBag from /opt/airflow/dags/ingestion_dag.py
[2025-12-28T12:25:15.316+0700] {processor.py:840} INFO - DAG(s) 'flight_ingestion_v2' retrieved from /opt/airflow/dags/ingestion_dag.py
[2025-12-28T12:25:15.365+0700] {logging_mixin.py:188} INFO - [2025-12-28T12:25:15.365+0700] {dag.py:3096} INFO - Sync 1 DAGs
[2025-12-28T12:25:15.405+0700] {logging_mixin.py:188} INFO - [2025-12-28T12:25:15.405+0700] {dag.py:3954} INFO - Setting next_dagrun for flight_ingestion_v2 to 2025-12-27 17:00:00+00:00, run_after=2025-12-28 17:00:00+00:00
[2025-12-28T12:25:15.440+0700] {processor.py:183} INFO - Processing /opt/airflow/dags/ingestion_dag.py took 1.322 seconds
[2025-12-28T12:25:45.805+0700] {processor.py:161} INFO - Started process (PID=361) to work on /opt/airflow/dags/ingestion_dag.py
[2025-12-28T12:25:45.811+0700] {processor.py:830} INFO - Processing file /opt/airflow/dags/ingestion_dag.py for tasks to queue
[2025-12-28T12:25:45.823+0700] {logging_mixin.py:188} INFO - [2025-12-28T12:25:45.821+0700] {dagbag.py:545} INFO - Filling up the DagBag from /opt/airflow/dags/ingestion_dag.py
[2025-12-28T12:25:47.133+0700] {processor.py:840} INFO - DAG(s) 'flight_ingestion_v2' retrieved from /opt/airflow/dags/ingestion_dag.py
[2025-12-28T12:25:47.180+0700] {logging_mixin.py:188} INFO - [2025-12-28T12:25:47.179+0700] {dag.py:3096} INFO - Sync 1 DAGs
[2025-12-28T12:25:47.299+0700] {logging_mixin.py:188} INFO - [2025-12-28T12:25:47.298+0700] {dag.py:3954} INFO - Setting next_dagrun for flight_ingestion_v2 to 2025-12-27 17:00:00+00:00, run_after=2025-12-28 17:00:00+00:00
[2025-12-28T12:25:47.424+0700] {processor.py:183} INFO - Processing /opt/airflow/dags/ingestion_dag.py took 1.652 seconds
[2025-12-28T12:26:18.054+0700] {processor.py:161} INFO - Started process (PID=367) to work on /opt/airflow/dags/ingestion_dag.py
[2025-12-28T12:26:18.069+0700] {processor.py:830} INFO - Processing file /opt/airflow/dags/ingestion_dag.py for tasks to queue
[2025-12-28T12:26:18.097+0700] {logging_mixin.py:188} INFO - [2025-12-28T12:26:18.090+0700] {dagbag.py:545} INFO - Filling up the DagBag from /opt/airflow/dags/ingestion_dag.py
[2025-12-28T12:26:19.297+0700] {processor.py:840} INFO - DAG(s) 'flight_ingestion_v2' retrieved from /opt/airflow/dags/ingestion_dag.py
[2025-12-28T12:26:19.336+0700] {logging_mixin.py:188} INFO - [2025-12-28T12:26:19.336+0700] {dag.py:3096} INFO - Sync 1 DAGs
[2025-12-28T12:26:19.378+0700] {logging_mixin.py:188} INFO - [2025-12-28T12:26:19.378+0700] {dag.py:3954} INFO - Setting next_dagrun for flight_ingestion_v2 to 2025-12-27 17:00:00+00:00, run_after=2025-12-28 17:00:00+00:00
[2025-12-28T12:26:19.415+0700] {processor.py:183} INFO - Processing /opt/airflow/dags/ingestion_dag.py took 1.467 seconds
[2025-12-28T12:26:49.635+0700] {processor.py:161} INFO - Started process (PID=373) to work on /opt/airflow/dags/ingestion_dag.py
[2025-12-28T12:26:49.641+0700] {processor.py:830} INFO - Processing file /opt/airflow/dags/ingestion_dag.py for tasks to queue
[2025-12-28T12:26:49.653+0700] {logging_mixin.py:188} INFO - [2025-12-28T12:26:49.651+0700] {dagbag.py:545} INFO - Filling up the DagBag from /opt/airflow/dags/ingestion_dag.py
[2025-12-28T12:26:50.941+0700] {processor.py:840} INFO - DAG(s) 'flight_ingestion_v2' retrieved from /opt/airflow/dags/ingestion_dag.py
[2025-12-28T12:26:50.981+0700] {logging_mixin.py:188} INFO - [2025-12-28T12:26:50.980+0700] {dag.py:3096} INFO - Sync 1 DAGs
[2025-12-28T12:26:51.030+0700] {logging_mixin.py:188} INFO - [2025-12-28T12:26:51.029+0700] {dag.py:3954} INFO - Setting next_dagrun for flight_ingestion_v2 to 2025-12-27 17:00:00+00:00, run_after=2025-12-28 17:00:00+00:00
[2025-12-28T12:26:51.098+0700] {processor.py:183} INFO - Processing /opt/airflow/dags/ingestion_dag.py took 1.515 seconds
[2025-12-28T12:27:21.635+0700] {processor.py:161} INFO - Started process (PID=379) to work on /opt/airflow/dags/ingestion_dag.py
[2025-12-28T12:27:21.641+0700] {processor.py:830} INFO - Processing file /opt/airflow/dags/ingestion_dag.py for tasks to queue
[2025-12-28T12:27:21.653+0700] {logging_mixin.py:188} INFO - [2025-12-28T12:27:21.651+0700] {dagbag.py:545} INFO - Filling up the DagBag from /opt/airflow/dags/ingestion_dag.py
[2025-12-28T12:27:22.864+0700] {processor.py:840} INFO - DAG(s) 'flight_ingestion_v2' retrieved from /opt/airflow/dags/ingestion_dag.py
[2025-12-28T12:27:22.906+0700] {logging_mixin.py:188} INFO - [2025-12-28T12:27:22.905+0700] {dag.py:3096} INFO - Sync 1 DAGs
[2025-12-28T12:27:22.949+0700] {logging_mixin.py:188} INFO - [2025-12-28T12:27:22.948+0700] {dag.py:3954} INFO - Setting next_dagrun for flight_ingestion_v2 to 2025-12-27 17:00:00+00:00, run_after=2025-12-28 17:00:00+00:00
[2025-12-28T12:27:22.982+0700] {processor.py:183} INFO - Processing /opt/airflow/dags/ingestion_dag.py took 1.387 seconds
[2025-12-28T12:27:53.477+0700] {processor.py:161} INFO - Started process (PID=385) to work on /opt/airflow/dags/ingestion_dag.py
[2025-12-28T12:27:53.481+0700] {processor.py:830} INFO - Processing file /opt/airflow/dags/ingestion_dag.py for tasks to queue
[2025-12-28T12:27:53.487+0700] {logging_mixin.py:188} INFO - [2025-12-28T12:27:53.486+0700] {dagbag.py:545} INFO - Filling up the DagBag from /opt/airflow/dags/ingestion_dag.py
[2025-12-28T12:27:54.699+0700] {processor.py:840} INFO - DAG(s) 'flight_ingestion_v2' retrieved from /opt/airflow/dags/ingestion_dag.py
[2025-12-28T12:27:54.742+0700] {logging_mixin.py:188} INFO - [2025-12-28T12:27:54.741+0700] {dag.py:3096} INFO - Sync 1 DAGs
[2025-12-28T12:27:54.783+0700] {logging_mixin.py:188} INFO - [2025-12-28T12:27:54.782+0700] {dag.py:3954} INFO - Setting next_dagrun for flight_ingestion_v2 to 2025-12-27 17:00:00+00:00, run_after=2025-12-28 17:00:00+00:00
[2025-12-28T12:27:54.837+0700] {processor.py:183} INFO - Processing /opt/airflow/dags/ingestion_dag.py took 1.406 seconds
[2025-12-28T12:28:25.255+0700] {processor.py:161} INFO - Started process (PID=391) to work on /opt/airflow/dags/ingestion_dag.py
[2025-12-28T12:28:25.260+0700] {processor.py:830} INFO - Processing file /opt/airflow/dags/ingestion_dag.py for tasks to queue
[2025-12-28T12:28:25.269+0700] {logging_mixin.py:188} INFO - [2025-12-28T12:28:25.267+0700] {dagbag.py:545} INFO - Filling up the DagBag from /opt/airflow/dags/ingestion_dag.py
[2025-12-28T12:28:26.404+0700] {processor.py:840} INFO - DAG(s) 'flight_ingestion_v2' retrieved from /opt/airflow/dags/ingestion_dag.py
[2025-12-28T12:28:26.451+0700] {logging_mixin.py:188} INFO - [2025-12-28T12:28:26.450+0700] {dag.py:3096} INFO - Sync 1 DAGs
[2025-12-28T12:28:26.498+0700] {logging_mixin.py:188} INFO - [2025-12-28T12:28:26.497+0700] {dag.py:3954} INFO - Setting next_dagrun for flight_ingestion_v2 to 2025-12-27 17:00:00+00:00, run_after=2025-12-28 17:00:00+00:00
[2025-12-28T12:28:26.545+0700] {processor.py:183} INFO - Processing /opt/airflow/dags/ingestion_dag.py took 1.319 seconds
[2025-12-28T12:28:57.030+0700] {processor.py:161} INFO - Started process (PID=397) to work on /opt/airflow/dags/ingestion_dag.py
[2025-12-28T12:28:57.037+0700] {processor.py:830} INFO - Processing file /opt/airflow/dags/ingestion_dag.py for tasks to queue
[2025-12-28T12:28:57.051+0700] {logging_mixin.py:188} INFO - [2025-12-28T12:28:57.048+0700] {dagbag.py:545} INFO - Filling up the DagBag from /opt/airflow/dags/ingestion_dag.py
[2025-12-28T12:28:58.379+0700] {processor.py:840} INFO - DAG(s) 'flight_ingestion_v2' retrieved from /opt/airflow/dags/ingestion_dag.py
[2025-12-28T12:28:58.420+0700] {logging_mixin.py:188} INFO - [2025-12-28T12:28:58.418+0700] {dag.py:3096} INFO - Sync 1 DAGs
[2025-12-28T12:28:58.466+0700] {logging_mixin.py:188} INFO - [2025-12-28T12:28:58.465+0700] {dag.py:3954} INFO - Setting next_dagrun for flight_ingestion_v2 to 2025-12-27 17:00:00+00:00, run_after=2025-12-28 17:00:00+00:00
[2025-12-28T12:28:58.511+0700] {processor.py:183} INFO - Processing /opt/airflow/dags/ingestion_dag.py took 1.532 seconds
[2025-12-28T12:29:28.957+0700] {processor.py:161} INFO - Started process (PID=403) to work on /opt/airflow/dags/ingestion_dag.py
[2025-12-28T12:29:28.963+0700] {processor.py:830} INFO - Processing file /opt/airflow/dags/ingestion_dag.py for tasks to queue
[2025-12-28T12:29:28.974+0700] {logging_mixin.py:188} INFO - [2025-12-28T12:29:28.971+0700] {dagbag.py:545} INFO - Filling up the DagBag from /opt/airflow/dags/ingestion_dag.py
[2025-12-28T12:29:30.290+0700] {processor.py:840} INFO - DAG(s) 'flight_ingestion_v2' retrieved from /opt/airflow/dags/ingestion_dag.py
[2025-12-28T12:29:30.329+0700] {logging_mixin.py:188} INFO - [2025-12-28T12:29:30.329+0700] {dag.py:3096} INFO - Sync 1 DAGs
[2025-12-28T12:29:30.373+0700] {logging_mixin.py:188} INFO - [2025-12-28T12:29:30.372+0700] {dag.py:3954} INFO - Setting next_dagrun for flight_ingestion_v2 to 2025-12-27 17:00:00+00:00, run_after=2025-12-28 17:00:00+00:00
[2025-12-28T12:29:30.406+0700] {processor.py:183} INFO - Processing /opt/airflow/dags/ingestion_dag.py took 1.486 seconds
[2025-12-28T12:30:00.782+0700] {processor.py:161} INFO - Started process (PID=409) to work on /opt/airflow/dags/ingestion_dag.py
[2025-12-28T12:30:00.786+0700] {processor.py:830} INFO - Processing file /opt/airflow/dags/ingestion_dag.py for tasks to queue
[2025-12-28T12:30:00.796+0700] {logging_mixin.py:188} INFO - [2025-12-28T12:30:00.794+0700] {dagbag.py:545} INFO - Filling up the DagBag from /opt/airflow/dags/ingestion_dag.py
[2025-12-28T12:30:01.883+0700] {processor.py:840} INFO - DAG(s) 'flight_ingestion_v2' retrieved from /opt/airflow/dags/ingestion_dag.py
[2025-12-28T12:30:01.932+0700] {logging_mixin.py:188} INFO - [2025-12-28T12:30:01.931+0700] {dag.py:3096} INFO - Sync 1 DAGs
[2025-12-28T12:30:01.976+0700] {logging_mixin.py:188} INFO - [2025-12-28T12:30:01.975+0700] {dag.py:3954} INFO - Setting next_dagrun for flight_ingestion_v2 to 2025-12-27 17:00:00+00:00, run_after=2025-12-28 17:00:00+00:00
[2025-12-28T12:30:02.015+0700] {processor.py:183} INFO - Processing /opt/airflow/dags/ingestion_dag.py took 1.263 seconds
[2025-12-28T12:30:32.140+0700] {processor.py:161} INFO - Started process (PID=415) to work on /opt/airflow/dags/ingestion_dag.py
[2025-12-28T12:30:32.145+0700] {processor.py:830} INFO - Processing file /opt/airflow/dags/ingestion_dag.py for tasks to queue
[2025-12-28T12:30:32.156+0700] {logging_mixin.py:188} INFO - [2025-12-28T12:30:32.154+0700] {dagbag.py:545} INFO - Filling up the DagBag from /opt/airflow/dags/ingestion_dag.py
[2025-12-28T12:30:33.251+0700] {processor.py:840} INFO - DAG(s) 'flight_ingestion_v2' retrieved from /opt/airflow/dags/ingestion_dag.py
[2025-12-28T12:30:33.304+0700] {logging_mixin.py:188} INFO - [2025-12-28T12:30:33.303+0700] {dag.py:3096} INFO - Sync 1 DAGs
[2025-12-28T12:30:33.368+0700] {logging_mixin.py:188} INFO - [2025-12-28T12:30:33.368+0700] {dag.py:3954} INFO - Setting next_dagrun for flight_ingestion_v2 to 2025-12-27 17:00:00+00:00, run_after=2025-12-28 17:00:00+00:00
[2025-12-28T12:30:33.422+0700] {processor.py:183} INFO - Processing /opt/airflow/dags/ingestion_dag.py took 1.312 seconds
[2025-12-28T12:31:03.751+0700] {processor.py:161} INFO - Started process (PID=421) to work on /opt/airflow/dags/ingestion_dag.py
[2025-12-28T12:31:03.756+0700] {processor.py:830} INFO - Processing file /opt/airflow/dags/ingestion_dag.py for tasks to queue
[2025-12-28T12:31:03.760+0700] {logging_mixin.py:188} INFO - [2025-12-28T12:31:03.759+0700] {dagbag.py:545} INFO - Filling up the DagBag from /opt/airflow/dags/ingestion_dag.py
[2025-12-28T12:31:04.937+0700] {processor.py:840} INFO - DAG(s) 'flight_ingestion_v2' retrieved from /opt/airflow/dags/ingestion_dag.py
[2025-12-28T12:31:04.989+0700] {logging_mixin.py:188} INFO - [2025-12-28T12:31:04.988+0700] {dag.py:3096} INFO - Sync 1 DAGs
[2025-12-28T12:31:05.040+0700] {logging_mixin.py:188} INFO - [2025-12-28T12:31:05.039+0700] {dag.py:3954} INFO - Setting next_dagrun for flight_ingestion_v2 to 2025-12-27 17:00:00+00:00, run_after=2025-12-28 17:00:00+00:00
[2025-12-28T12:31:05.079+0700] {processor.py:183} INFO - Processing /opt/airflow/dags/ingestion_dag.py took 1.347 seconds
[2025-12-28T12:31:35.518+0700] {processor.py:161} INFO - Started process (PID=427) to work on /opt/airflow/dags/ingestion_dag.py
[2025-12-28T12:31:35.523+0700] {processor.py:830} INFO - Processing file /opt/airflow/dags/ingestion_dag.py for tasks to queue
[2025-12-28T12:31:35.536+0700] {logging_mixin.py:188} INFO - [2025-12-28T12:31:35.534+0700] {dagbag.py:545} INFO - Filling up the DagBag from /opt/airflow/dags/ingestion_dag.py
[2025-12-28T12:31:36.773+0700] {processor.py:840} INFO - DAG(s) 'flight_ingestion_v2' retrieved from /opt/airflow/dags/ingestion_dag.py
[2025-12-28T12:31:36.817+0700] {logging_mixin.py:188} INFO - [2025-12-28T12:31:36.816+0700] {dag.py:3096} INFO - Sync 1 DAGs
[2025-12-28T12:31:36.882+0700] {logging_mixin.py:188} INFO - [2025-12-28T12:31:36.881+0700] {dag.py:3954} INFO - Setting next_dagrun for flight_ingestion_v2 to 2025-12-27 17:00:00+00:00, run_after=2025-12-28 17:00:00+00:00
[2025-12-28T12:31:36.941+0700] {processor.py:183} INFO - Processing /opt/airflow/dags/ingestion_dag.py took 1.457 seconds
[2025-12-28T12:32:07.548+0700] {processor.py:161} INFO - Started process (PID=433) to work on /opt/airflow/dags/ingestion_dag.py
[2025-12-28T12:32:07.552+0700] {processor.py:830} INFO - Processing file /opt/airflow/dags/ingestion_dag.py for tasks to queue
[2025-12-28T12:32:07.559+0700] {logging_mixin.py:188} INFO - [2025-12-28T12:32:07.558+0700] {dagbag.py:545} INFO - Filling up the DagBag from /opt/airflow/dags/ingestion_dag.py
[2025-12-28T12:32:08.782+0700] {processor.py:840} INFO - DAG(s) 'flight_ingestion_v2' retrieved from /opt/airflow/dags/ingestion_dag.py
[2025-12-28T12:32:08.829+0700] {logging_mixin.py:188} INFO - [2025-12-28T12:32:08.828+0700] {dag.py:3096} INFO - Sync 1 DAGs
[2025-12-28T12:32:08.871+0700] {logging_mixin.py:188} INFO - [2025-12-28T12:32:08.870+0700] {dag.py:3954} INFO - Setting next_dagrun for flight_ingestion_v2 to 2025-12-27 17:00:00+00:00, run_after=2025-12-28 17:00:00+00:00
[2025-12-28T12:32:08.918+0700] {processor.py:183} INFO - Processing /opt/airflow/dags/ingestion_dag.py took 1.398 seconds
[2025-12-28T12:32:39.217+0700] {processor.py:161} INFO - Started process (PID=439) to work on /opt/airflow/dags/ingestion_dag.py
[2025-12-28T12:32:39.223+0700] {processor.py:830} INFO - Processing file /opt/airflow/dags/ingestion_dag.py for tasks to queue
[2025-12-28T12:32:39.236+0700] {logging_mixin.py:188} INFO - [2025-12-28T12:32:39.233+0700] {dagbag.py:545} INFO - Filling up the DagBag from /opt/airflow/dags/ingestion_dag.py
[2025-12-28T12:32:40.524+0700] {processor.py:840} INFO - DAG(s) 'flight_ingestion_v2' retrieved from /opt/airflow/dags/ingestion_dag.py
[2025-12-28T12:32:40.569+0700] {logging_mixin.py:188} INFO - [2025-12-28T12:32:40.568+0700] {dag.py:3096} INFO - Sync 1 DAGs
[2025-12-28T12:32:40.614+0700] {logging_mixin.py:188} INFO - [2025-12-28T12:32:40.614+0700] {dag.py:3954} INFO - Setting next_dagrun for flight_ingestion_v2 to 2025-12-27 17:00:00+00:00, run_after=2025-12-28 17:00:00+00:00
[2025-12-28T12:32:40.663+0700] {processor.py:183} INFO - Processing /opt/airflow/dags/ingestion_dag.py took 1.482 seconds
[2025-12-28T12:33:11.047+0700] {processor.py:161} INFO - Started process (PID=445) to work on /opt/airflow/dags/ingestion_dag.py
[2025-12-28T12:33:11.052+0700] {processor.py:830} INFO - Processing file /opt/airflow/dags/ingestion_dag.py for tasks to queue
[2025-12-28T12:33:11.063+0700] {logging_mixin.py:188} INFO - [2025-12-28T12:33:11.061+0700] {dagbag.py:545} INFO - Filling up the DagBag from /opt/airflow/dags/ingestion_dag.py
[2025-12-28T12:33:12.108+0700] {processor.py:840} INFO - DAG(s) 'flight_ingestion_v2' retrieved from /opt/airflow/dags/ingestion_dag.py
[2025-12-28T12:33:12.148+0700] {logging_mixin.py:188} INFO - [2025-12-28T12:33:12.147+0700] {dag.py:3096} INFO - Sync 1 DAGs
[2025-12-28T12:33:12.192+0700] {logging_mixin.py:188} INFO - [2025-12-28T12:33:12.191+0700] {dag.py:3954} INFO - Setting next_dagrun for flight_ingestion_v2 to 2025-12-27 17:00:00+00:00, run_after=2025-12-28 17:00:00+00:00
[2025-12-28T12:33:12.224+0700] {processor.py:183} INFO - Processing /opt/airflow/dags/ingestion_dag.py took 1.208 seconds
[2025-12-28T12:33:42.481+0700] {processor.py:161} INFO - Started process (PID=451) to work on /opt/airflow/dags/ingestion_dag.py
[2025-12-28T12:33:42.486+0700] {processor.py:830} INFO - Processing file /opt/airflow/dags/ingestion_dag.py for tasks to queue
[2025-12-28T12:33:42.497+0700] {logging_mixin.py:188} INFO - [2025-12-28T12:33:42.495+0700] {dagbag.py:545} INFO - Filling up the DagBag from /opt/airflow/dags/ingestion_dag.py
[2025-12-28T12:33:43.649+0700] {processor.py:840} INFO - DAG(s) 'flight_ingestion_v2' retrieved from /opt/airflow/dags/ingestion_dag.py
[2025-12-28T12:33:43.702+0700] {logging_mixin.py:188} INFO - [2025-12-28T12:33:43.701+0700] {dag.py:3096} INFO - Sync 1 DAGs
[2025-12-28T12:33:43.754+0700] {logging_mixin.py:188} INFO - [2025-12-28T12:33:43.753+0700] {dag.py:3954} INFO - Setting next_dagrun for flight_ingestion_v2 to 2025-12-27 17:00:00+00:00, run_after=2025-12-28 17:00:00+00:00
[2025-12-28T12:33:43.795+0700] {processor.py:183} INFO - Processing /opt/airflow/dags/ingestion_dag.py took 1.355 seconds
[2025-12-28T12:34:13.981+0700] {processor.py:161} INFO - Started process (PID=457) to work on /opt/airflow/dags/ingestion_dag.py
[2025-12-28T12:34:13.987+0700] {processor.py:830} INFO - Processing file /opt/airflow/dags/ingestion_dag.py for tasks to queue
[2025-12-28T12:34:13.997+0700] {logging_mixin.py:188} INFO - [2025-12-28T12:34:13.995+0700] {dagbag.py:545} INFO - Filling up the DagBag from /opt/airflow/dags/ingestion_dag.py
[2025-12-28T12:34:15.328+0700] {processor.py:840} INFO - DAG(s) 'flight_ingestion_v2' retrieved from /opt/airflow/dags/ingestion_dag.py
[2025-12-28T12:34:15.369+0700] {logging_mixin.py:188} INFO - [2025-12-28T12:34:15.368+0700] {dag.py:3096} INFO - Sync 1 DAGs
[2025-12-28T12:34:15.429+0700] {logging_mixin.py:188} INFO - [2025-12-28T12:34:15.428+0700] {dag.py:3954} INFO - Setting next_dagrun for flight_ingestion_v2 to 2025-12-27 17:00:00+00:00, run_after=2025-12-28 17:00:00+00:00
[2025-12-28T12:34:15.514+0700] {processor.py:183} INFO - Processing /opt/airflow/dags/ingestion_dag.py took 1.561 seconds
[2025-12-28T12:34:45.909+0700] {processor.py:161} INFO - Started process (PID=463) to work on /opt/airflow/dags/ingestion_dag.py
[2025-12-28T12:34:45.911+0700] {processor.py:830} INFO - Processing file /opt/airflow/dags/ingestion_dag.py for tasks to queue
[2025-12-28T12:34:45.916+0700] {logging_mixin.py:188} INFO - [2025-12-28T12:34:45.915+0700] {dagbag.py:545} INFO - Filling up the DagBag from /opt/airflow/dags/ingestion_dag.py
[2025-12-28T12:34:47.025+0700] {processor.py:840} INFO - DAG(s) 'flight_ingestion_v2' retrieved from /opt/airflow/dags/ingestion_dag.py
[2025-12-28T12:34:47.065+0700] {logging_mixin.py:188} INFO - [2025-12-28T12:34:47.064+0700] {dag.py:3096} INFO - Sync 1 DAGs
[2025-12-28T12:34:47.106+0700] {logging_mixin.py:188} INFO - [2025-12-28T12:34:47.106+0700] {dag.py:3954} INFO - Setting next_dagrun for flight_ingestion_v2 to 2025-12-27 17:00:00+00:00, run_after=2025-12-28 17:00:00+00:00
[2025-12-28T12:34:47.149+0700] {processor.py:183} INFO - Processing /opt/airflow/dags/ingestion_dag.py took 1.252 seconds
[2025-12-28T12:35:17.249+0700] {processor.py:161} INFO - Started process (PID=469) to work on /opt/airflow/dags/ingestion_dag.py
[2025-12-28T12:35:17.251+0700] {processor.py:830} INFO - Processing file /opt/airflow/dags/ingestion_dag.py for tasks to queue
[2025-12-28T12:35:17.255+0700] {logging_mixin.py:188} INFO - [2025-12-28T12:35:17.254+0700] {dagbag.py:545} INFO - Filling up the DagBag from /opt/airflow/dags/ingestion_dag.py
[2025-12-28T12:35:18.277+0700] {processor.py:840} INFO - DAG(s) 'flight_ingestion_v2' retrieved from /opt/airflow/dags/ingestion_dag.py
[2025-12-28T12:35:18.317+0700] {logging_mixin.py:188} INFO - [2025-12-28T12:35:18.317+0700] {dag.py:3096} INFO - Sync 1 DAGs
[2025-12-28T12:35:18.360+0700] {logging_mixin.py:188} INFO - [2025-12-28T12:35:18.359+0700] {dag.py:3954} INFO - Setting next_dagrun for flight_ingestion_v2 to 2025-12-27 17:00:00+00:00, run_after=2025-12-28 17:00:00+00:00
[2025-12-28T12:35:18.400+0700] {processor.py:183} INFO - Processing /opt/airflow/dags/ingestion_dag.py took 1.168 seconds
[2025-12-28T12:35:48.614+0700] {processor.py:161} INFO - Started process (PID=475) to work on /opt/airflow/dags/ingestion_dag.py
[2025-12-28T12:35:48.618+0700] {processor.py:830} INFO - Processing file /opt/airflow/dags/ingestion_dag.py for tasks to queue
[2025-12-28T12:35:48.627+0700] {logging_mixin.py:188} INFO - [2025-12-28T12:35:48.625+0700] {dagbag.py:545} INFO - Filling up the DagBag from /opt/airflow/dags/ingestion_dag.py
[2025-12-28T12:35:49.733+0700] {processor.py:840} INFO - DAG(s) 'flight_ingestion_v2' retrieved from /opt/airflow/dags/ingestion_dag.py
[2025-12-28T12:35:49.775+0700] {logging_mixin.py:188} INFO - [2025-12-28T12:35:49.774+0700] {dag.py:3096} INFO - Sync 1 DAGs
[2025-12-28T12:35:49.833+0700] {logging_mixin.py:188} INFO - [2025-12-28T12:35:49.832+0700] {dag.py:3954} INFO - Setting next_dagrun for flight_ingestion_v2 to 2025-12-27 17:00:00+00:00, run_after=2025-12-28 17:00:00+00:00
[2025-12-28T12:35:49.906+0700] {processor.py:183} INFO - Processing /opt/airflow/dags/ingestion_dag.py took 1.320 seconds
[2025-12-28T12:36:20.123+0700] {processor.py:161} INFO - Started process (PID=481) to work on /opt/airflow/dags/ingestion_dag.py
[2025-12-28T12:36:20.128+0700] {processor.py:830} INFO - Processing file /opt/airflow/dags/ingestion_dag.py for tasks to queue
[2025-12-28T12:36:20.138+0700] {logging_mixin.py:188} INFO - [2025-12-28T12:36:20.137+0700] {dagbag.py:545} INFO - Filling up the DagBag from /opt/airflow/dags/ingestion_dag.py
[2025-12-28T12:36:21.201+0700] {processor.py:840} INFO - DAG(s) 'flight_ingestion_v2' retrieved from /opt/airflow/dags/ingestion_dag.py
[2025-12-28T12:36:21.252+0700] {logging_mixin.py:188} INFO - [2025-12-28T12:36:21.251+0700] {dag.py:3096} INFO - Sync 1 DAGs
[2025-12-28T12:36:21.294+0700] {logging_mixin.py:188} INFO - [2025-12-28T12:36:21.294+0700] {dag.py:3954} INFO - Setting next_dagrun for flight_ingestion_v2 to 2025-12-27 17:00:00+00:00, run_after=2025-12-28 17:00:00+00:00
[2025-12-28T12:36:21.333+0700] {processor.py:183} INFO - Processing /opt/airflow/dags/ingestion_dag.py took 1.238 seconds
[2025-12-28T12:36:51.615+0700] {processor.py:161} INFO - Started process (PID=487) to work on /opt/airflow/dags/ingestion_dag.py
[2025-12-28T12:36:51.619+0700] {processor.py:830} INFO - Processing file /opt/airflow/dags/ingestion_dag.py for tasks to queue
[2025-12-28T12:36:51.628+0700] {logging_mixin.py:188} INFO - [2025-12-28T12:36:51.627+0700] {dagbag.py:545} INFO - Filling up the DagBag from /opt/airflow/dags/ingestion_dag.py
[2025-12-28T12:36:52.811+0700] {processor.py:840} INFO - DAG(s) 'flight_ingestion_v2' retrieved from /opt/airflow/dags/ingestion_dag.py
[2025-12-28T12:36:52.850+0700] {logging_mixin.py:188} INFO - [2025-12-28T12:36:52.850+0700] {dag.py:3096} INFO - Sync 1 DAGs
[2025-12-28T12:36:52.893+0700] {logging_mixin.py:188} INFO - [2025-12-28T12:36:52.893+0700] {dag.py:3954} INFO - Setting next_dagrun for flight_ingestion_v2 to 2025-12-27 17:00:00+00:00, run_after=2025-12-28 17:00:00+00:00
[2025-12-28T12:36:52.929+0700] {processor.py:183} INFO - Processing /opt/airflow/dags/ingestion_dag.py took 1.347 seconds
[2025-12-28T12:37:23.042+0700] {processor.py:161} INFO - Started process (PID=493) to work on /opt/airflow/dags/ingestion_dag.py
[2025-12-28T12:37:23.047+0700] {processor.py:830} INFO - Processing file /opt/airflow/dags/ingestion_dag.py for tasks to queue
[2025-12-28T12:37:23.057+0700] {logging_mixin.py:188} INFO - [2025-12-28T12:37:23.055+0700] {dagbag.py:545} INFO - Filling up the DagBag from /opt/airflow/dags/ingestion_dag.py
[2025-12-28T12:37:24.228+0700] {processor.py:840} INFO - DAG(s) 'flight_ingestion_v2' retrieved from /opt/airflow/dags/ingestion_dag.py
[2025-12-28T12:37:24.269+0700] {logging_mixin.py:188} INFO - [2025-12-28T12:37:24.268+0700] {dag.py:3096} INFO - Sync 1 DAGs
[2025-12-28T12:37:24.311+0700] {logging_mixin.py:188} INFO - [2025-12-28T12:37:24.310+0700] {dag.py:3954} INFO - Setting next_dagrun for flight_ingestion_v2 to 2025-12-27 17:00:00+00:00, run_after=2025-12-28 17:00:00+00:00
[2025-12-28T12:37:24.345+0700] {processor.py:183} INFO - Processing /opt/airflow/dags/ingestion_dag.py took 1.333 seconds
[2025-12-28T12:37:54.638+0700] {processor.py:161} INFO - Started process (PID=499) to work on /opt/airflow/dags/ingestion_dag.py
[2025-12-28T12:37:54.642+0700] {processor.py:830} INFO - Processing file /opt/airflow/dags/ingestion_dag.py for tasks to queue
[2025-12-28T12:37:54.651+0700] {logging_mixin.py:188} INFO - [2025-12-28T12:37:54.649+0700] {dagbag.py:545} INFO - Filling up the DagBag from /opt/airflow/dags/ingestion_dag.py
[2025-12-28T12:37:55.806+0700] {processor.py:840} INFO - DAG(s) 'flight_ingestion_v2' retrieved from /opt/airflow/dags/ingestion_dag.py
[2025-12-28T12:37:55.850+0700] {logging_mixin.py:188} INFO - [2025-12-28T12:37:55.849+0700] {dag.py:3096} INFO - Sync 1 DAGs
[2025-12-28T12:37:55.919+0700] {logging_mixin.py:188} INFO - [2025-12-28T12:37:55.918+0700] {dag.py:3954} INFO - Setting next_dagrun for flight_ingestion_v2 to 2025-12-27 17:00:00+00:00, run_after=2025-12-28 17:00:00+00:00
[2025-12-28T12:37:56.008+0700] {processor.py:183} INFO - Processing /opt/airflow/dags/ingestion_dag.py took 1.397 seconds
[2025-12-28T12:38:26.145+0700] {processor.py:161} INFO - Started process (PID=505) to work on /opt/airflow/dags/ingestion_dag.py
[2025-12-28T12:38:26.149+0700] {processor.py:830} INFO - Processing file /opt/airflow/dags/ingestion_dag.py for tasks to queue
[2025-12-28T12:38:26.161+0700] {logging_mixin.py:188} INFO - [2025-12-28T12:38:26.159+0700] {dagbag.py:545} INFO - Filling up the DagBag from /opt/airflow/dags/ingestion_dag.py
[2025-12-28T12:38:27.334+0700] {processor.py:840} INFO - DAG(s) 'flight_ingestion_v2' retrieved from /opt/airflow/dags/ingestion_dag.py
[2025-12-28T12:38:27.381+0700] {logging_mixin.py:188} INFO - [2025-12-28T12:38:27.380+0700] {dag.py:3096} INFO - Sync 1 DAGs
[2025-12-28T12:38:27.426+0700] {logging_mixin.py:188} INFO - [2025-12-28T12:38:27.426+0700] {dag.py:3954} INFO - Setting next_dagrun for flight_ingestion_v2 to 2025-12-27 17:00:00+00:00, run_after=2025-12-28 17:00:00+00:00
[2025-12-28T12:38:27.464+0700] {processor.py:183} INFO - Processing /opt/airflow/dags/ingestion_dag.py took 1.347 seconds
[2025-12-28T12:38:57.793+0700] {processor.py:161} INFO - Started process (PID=511) to work on /opt/airflow/dags/ingestion_dag.py
[2025-12-28T12:38:57.796+0700] {processor.py:830} INFO - Processing file /opt/airflow/dags/ingestion_dag.py for tasks to queue
[2025-12-28T12:38:57.805+0700] {logging_mixin.py:188} INFO - [2025-12-28T12:38:57.803+0700] {dagbag.py:545} INFO - Filling up the DagBag from /opt/airflow/dags/ingestion_dag.py
[2025-12-28T12:38:58.857+0700] {processor.py:840} INFO - DAG(s) 'flight_ingestion_v2' retrieved from /opt/airflow/dags/ingestion_dag.py
[2025-12-28T12:38:58.900+0700] {logging_mixin.py:188} INFO - [2025-12-28T12:38:58.899+0700] {dag.py:3096} INFO - Sync 1 DAGs
[2025-12-28T12:38:58.946+0700] {logging_mixin.py:188} INFO - [2025-12-28T12:38:58.945+0700] {dag.py:3954} INFO - Setting next_dagrun for flight_ingestion_v2 to 2025-12-27 17:00:00+00:00, run_after=2025-12-28 17:00:00+00:00
[2025-12-28T12:38:58.985+0700] {processor.py:183} INFO - Processing /opt/airflow/dags/ingestion_dag.py took 1.220 seconds
[2025-12-28T12:39:29.191+0700] {processor.py:161} INFO - Started process (PID=517) to work on /opt/airflow/dags/ingestion_dag.py
[2025-12-28T12:39:29.198+0700] {processor.py:830} INFO - Processing file /opt/airflow/dags/ingestion_dag.py for tasks to queue
[2025-12-28T12:39:29.210+0700] {logging_mixin.py:188} INFO - [2025-12-28T12:39:29.208+0700] {dagbag.py:545} INFO - Filling up the DagBag from /opt/airflow/dags/ingestion_dag.py
[2025-12-28T12:39:30.483+0700] {processor.py:840} INFO - DAG(s) 'flight_ingestion_v2' retrieved from /opt/airflow/dags/ingestion_dag.py
[2025-12-28T12:39:30.526+0700] {logging_mixin.py:188} INFO - [2025-12-28T12:39:30.526+0700] {dag.py:3096} INFO - Sync 1 DAGs
[2025-12-28T12:39:30.566+0700] {logging_mixin.py:188} INFO - [2025-12-28T12:39:30.565+0700] {dag.py:3954} INFO - Setting next_dagrun for flight_ingestion_v2 to 2025-12-27 17:00:00+00:00, run_after=2025-12-28 17:00:00+00:00
[2025-12-28T12:39:30.607+0700] {processor.py:183} INFO - Processing /opt/airflow/dags/ingestion_dag.py took 1.452 seconds
[2025-12-28T12:40:00.774+0700] {processor.py:161} INFO - Started process (PID=523) to work on /opt/airflow/dags/ingestion_dag.py
[2025-12-28T12:40:00.780+0700] {processor.py:830} INFO - Processing file /opt/airflow/dags/ingestion_dag.py for tasks to queue
[2025-12-28T12:40:00.791+0700] {logging_mixin.py:188} INFO - [2025-12-28T12:40:00.789+0700] {dagbag.py:545} INFO - Filling up the DagBag from /opt/airflow/dags/ingestion_dag.py
[2025-12-28T12:40:01.863+0700] {processor.py:840} INFO - DAG(s) 'flight_ingestion_v2' retrieved from /opt/airflow/dags/ingestion_dag.py
[2025-12-28T12:40:01.908+0700] {logging_mixin.py:188} INFO - [2025-12-28T12:40:01.907+0700] {dag.py:3096} INFO - Sync 1 DAGs
[2025-12-28T12:40:01.951+0700] {logging_mixin.py:188} INFO - [2025-12-28T12:40:01.950+0700] {dag.py:3954} INFO - Setting next_dagrun for flight_ingestion_v2 to 2025-12-27 17:00:00+00:00, run_after=2025-12-28 17:00:00+00:00
[2025-12-28T12:40:01.982+0700] {processor.py:183} INFO - Processing /opt/airflow/dags/ingestion_dag.py took 1.246 seconds
[2025-12-28T12:40:32.332+0700] {processor.py:161} INFO - Started process (PID=529) to work on /opt/airflow/dags/ingestion_dag.py
[2025-12-28T12:40:32.337+0700] {processor.py:830} INFO - Processing file /opt/airflow/dags/ingestion_dag.py for tasks to queue
[2025-12-28T12:40:32.347+0700] {logging_mixin.py:188} INFO - [2025-12-28T12:40:32.345+0700] {dagbag.py:545} INFO - Filling up the DagBag from /opt/airflow/dags/ingestion_dag.py
[2025-12-28T12:40:33.546+0700] {processor.py:840} INFO - DAG(s) 'flight_ingestion_v2' retrieved from /opt/airflow/dags/ingestion_dag.py
[2025-12-28T12:40:33.609+0700] {logging_mixin.py:188} INFO - [2025-12-28T12:40:33.608+0700] {dag.py:3096} INFO - Sync 1 DAGs
[2025-12-28T12:40:33.652+0700] {logging_mixin.py:188} INFO - [2025-12-28T12:40:33.651+0700] {dag.py:3954} INFO - Setting next_dagrun for flight_ingestion_v2 to 2025-12-27 17:00:00+00:00, run_after=2025-12-28 17:00:00+00:00
[2025-12-28T12:40:33.693+0700] {processor.py:183} INFO - Processing /opt/airflow/dags/ingestion_dag.py took 1.390 seconds
[2025-12-28T12:41:04.019+0700] {processor.py:161} INFO - Started process (PID=535) to work on /opt/airflow/dags/ingestion_dag.py
[2025-12-28T12:41:04.021+0700] {processor.py:830} INFO - Processing file /opt/airflow/dags/ingestion_dag.py for tasks to queue
[2025-12-28T12:41:04.029+0700] {logging_mixin.py:188} INFO - [2025-12-28T12:41:04.028+0700] {dagbag.py:545} INFO - Filling up the DagBag from /opt/airflow/dags/ingestion_dag.py
[2025-12-28T12:41:05.122+0700] {processor.py:840} INFO - DAG(s) 'flight_ingestion_v2' retrieved from /opt/airflow/dags/ingestion_dag.py
[2025-12-28T12:41:05.165+0700] {logging_mixin.py:188} INFO - [2025-12-28T12:41:05.164+0700] {dag.py:3096} INFO - Sync 1 DAGs
[2025-12-28T12:41:05.206+0700] {logging_mixin.py:188} INFO - [2025-12-28T12:41:05.206+0700] {dag.py:3954} INFO - Setting next_dagrun for flight_ingestion_v2 to 2025-12-27 17:00:00+00:00, run_after=2025-12-28 17:00:00+00:00
[2025-12-28T12:41:05.244+0700] {processor.py:183} INFO - Processing /opt/airflow/dags/ingestion_dag.py took 1.240 seconds
[2025-12-28T12:41:35.369+0700] {processor.py:161} INFO - Started process (PID=541) to work on /opt/airflow/dags/ingestion_dag.py
[2025-12-28T12:41:35.373+0700] {processor.py:830} INFO - Processing file /opt/airflow/dags/ingestion_dag.py for tasks to queue
[2025-12-28T12:41:35.382+0700] {logging_mixin.py:188} INFO - [2025-12-28T12:41:35.380+0700] {dagbag.py:545} INFO - Filling up the DagBag from /opt/airflow/dags/ingestion_dag.py
[2025-12-28T12:41:36.563+0700] {processor.py:840} INFO - DAG(s) 'flight_ingestion_v2' retrieved from /opt/airflow/dags/ingestion_dag.py
[2025-12-28T12:41:36.618+0700] {logging_mixin.py:188} INFO - [2025-12-28T12:41:36.617+0700] {dag.py:3096} INFO - Sync 1 DAGs
[2025-12-28T12:41:36.683+0700] {logging_mixin.py:188} INFO - [2025-12-28T12:41:36.682+0700] {dag.py:3954} INFO - Setting next_dagrun for flight_ingestion_v2 to 2025-12-27 17:00:00+00:00, run_after=2025-12-28 17:00:00+00:00
[2025-12-28T12:41:36.746+0700] {processor.py:183} INFO - Processing /opt/airflow/dags/ingestion_dag.py took 1.404 seconds
[2025-12-28T12:42:06.995+0700] {processor.py:161} INFO - Started process (PID=547) to work on /opt/airflow/dags/ingestion_dag.py
[2025-12-28T12:42:07.003+0700] {processor.py:830} INFO - Processing file /opt/airflow/dags/ingestion_dag.py for tasks to queue
[2025-12-28T12:42:07.017+0700] {logging_mixin.py:188} INFO - [2025-12-28T12:42:07.014+0700] {dagbag.py:545} INFO - Filling up the DagBag from /opt/airflow/dags/ingestion_dag.py
[2025-12-28T12:42:08.257+0700] {processor.py:840} INFO - DAG(s) 'flight_ingestion_v2' retrieved from /opt/airflow/dags/ingestion_dag.py
[2025-12-28T12:42:08.299+0700] {logging_mixin.py:188} INFO - [2025-12-28T12:42:08.298+0700] {dag.py:3096} INFO - Sync 1 DAGs
[2025-12-28T12:42:08.343+0700] {logging_mixin.py:188} INFO - [2025-12-28T12:42:08.343+0700] {dag.py:3954} INFO - Setting next_dagrun for flight_ingestion_v2 to 2025-12-27 17:00:00+00:00, run_after=2025-12-28 17:00:00+00:00
[2025-12-28T12:42:08.380+0700] {processor.py:183} INFO - Processing /opt/airflow/dags/ingestion_dag.py took 1.430 seconds
[2025-12-28T12:42:38.533+0700] {processor.py:161} INFO - Started process (PID=553) to work on /opt/airflow/dags/ingestion_dag.py
[2025-12-28T12:42:38.537+0700] {processor.py:830} INFO - Processing file /opt/airflow/dags/ingestion_dag.py for tasks to queue
[2025-12-28T12:42:38.546+0700] {logging_mixin.py:188} INFO - [2025-12-28T12:42:38.544+0700] {dagbag.py:545} INFO - Filling up the DagBag from /opt/airflow/dags/ingestion_dag.py
[2025-12-28T12:42:39.627+0700] {processor.py:840} INFO - DAG(s) 'flight_ingestion_v2' retrieved from /opt/airflow/dags/ingestion_dag.py
[2025-12-28T12:42:39.669+0700] {logging_mixin.py:188} INFO - [2025-12-28T12:42:39.668+0700] {dag.py:3096} INFO - Sync 1 DAGs
[2025-12-28T12:42:39.715+0700] {logging_mixin.py:188} INFO - [2025-12-28T12:42:39.715+0700] {dag.py:3954} INFO - Setting next_dagrun for flight_ingestion_v2 to 2025-12-27 17:00:00+00:00, run_after=2025-12-28 17:00:00+00:00
[2025-12-28T12:42:39.752+0700] {processor.py:183} INFO - Processing /opt/airflow/dags/ingestion_dag.py took 1.248 seconds
[2025-12-28T12:43:10.070+0700] {processor.py:161} INFO - Started process (PID=559) to work on /opt/airflow/dags/ingestion_dag.py
[2025-12-28T12:43:10.075+0700] {processor.py:830} INFO - Processing file /opt/airflow/dags/ingestion_dag.py for tasks to queue
[2025-12-28T12:43:10.085+0700] {logging_mixin.py:188} INFO - [2025-12-28T12:43:10.083+0700] {dagbag.py:545} INFO - Filling up the DagBag from /opt/airflow/dags/ingestion_dag.py
[2025-12-28T12:43:11.172+0700] {processor.py:840} INFO - DAG(s) 'flight_ingestion_v2' retrieved from /opt/airflow/dags/ingestion_dag.py
[2025-12-28T12:43:11.215+0700] {logging_mixin.py:188} INFO - [2025-12-28T12:43:11.214+0700] {dag.py:3096} INFO - Sync 1 DAGs
[2025-12-28T12:43:11.255+0700] {logging_mixin.py:188} INFO - [2025-12-28T12:43:11.254+0700] {dag.py:3954} INFO - Setting next_dagrun for flight_ingestion_v2 to 2025-12-27 17:00:00+00:00, run_after=2025-12-28 17:00:00+00:00
[2025-12-28T12:43:11.294+0700] {processor.py:183} INFO - Processing /opt/airflow/dags/ingestion_dag.py took 1.256 seconds
[2025-12-28T12:43:41.435+0700] {processor.py:161} INFO - Started process (PID=565) to work on /opt/airflow/dags/ingestion_dag.py
[2025-12-28T12:43:41.441+0700] {processor.py:830} INFO - Processing file /opt/airflow/dags/ingestion_dag.py for tasks to queue
[2025-12-28T12:43:41.451+0700] {logging_mixin.py:188} INFO - [2025-12-28T12:43:41.449+0700] {dagbag.py:545} INFO - Filling up the DagBag from /opt/airflow/dags/ingestion_dag.py
[2025-12-28T12:43:42.530+0700] {processor.py:840} INFO - DAG(s) 'flight_ingestion_v2' retrieved from /opt/airflow/dags/ingestion_dag.py
[2025-12-28T12:43:42.577+0700] {logging_mixin.py:188} INFO - [2025-12-28T12:43:42.576+0700] {dag.py:3096} INFO - Sync 1 DAGs
[2025-12-28T12:43:42.649+0700] {logging_mixin.py:188} INFO - [2025-12-28T12:43:42.648+0700] {dag.py:3954} INFO - Setting next_dagrun for flight_ingestion_v2 to 2025-12-27 17:00:00+00:00, run_after=2025-12-28 17:00:00+00:00
[2025-12-28T12:43:42.720+0700] {processor.py:183} INFO - Processing /opt/airflow/dags/ingestion_dag.py took 1.318 seconds
[2025-12-28T12:44:13.104+0700] {processor.py:161} INFO - Started process (PID=571) to work on /opt/airflow/dags/ingestion_dag.py
[2025-12-28T12:44:13.109+0700] {processor.py:830} INFO - Processing file /opt/airflow/dags/ingestion_dag.py for tasks to queue
[2025-12-28T12:44:13.120+0700] {logging_mixin.py:188} INFO - [2025-12-28T12:44:13.118+0700] {dagbag.py:545} INFO - Filling up the DagBag from /opt/airflow/dags/ingestion_dag.py
[2025-12-28T12:44:14.271+0700] {processor.py:840} INFO - DAG(s) 'flight_ingestion_v2' retrieved from /opt/airflow/dags/ingestion_dag.py
[2025-12-28T12:44:14.310+0700] {logging_mixin.py:188} INFO - [2025-12-28T12:44:14.310+0700] {dag.py:3096} INFO - Sync 1 DAGs
[2025-12-28T12:44:14.352+0700] {logging_mixin.py:188} INFO - [2025-12-28T12:44:14.352+0700] {dag.py:3954} INFO - Setting next_dagrun for flight_ingestion_v2 to 2025-12-27 17:00:00+00:00, run_after=2025-12-28 17:00:00+00:00
[2025-12-28T12:44:14.385+0700] {processor.py:183} INFO - Processing /opt/airflow/dags/ingestion_dag.py took 1.313 seconds
[2025-12-28T12:44:44.785+0700] {processor.py:161} INFO - Started process (PID=577) to work on /opt/airflow/dags/ingestion_dag.py
[2025-12-28T12:44:44.790+0700] {processor.py:830} INFO - Processing file /opt/airflow/dags/ingestion_dag.py for tasks to queue
[2025-12-28T12:44:44.798+0700] {logging_mixin.py:188} INFO - [2025-12-28T12:44:44.797+0700] {dagbag.py:545} INFO - Filling up the DagBag from /opt/airflow/dags/ingestion_dag.py
[2025-12-28T12:44:45.937+0700] {processor.py:840} INFO - DAG(s) 'flight_ingestion_v2' retrieved from /opt/airflow/dags/ingestion_dag.py
[2025-12-28T12:44:45.991+0700] {logging_mixin.py:188} INFO - [2025-12-28T12:44:45.990+0700] {dag.py:3096} INFO - Sync 1 DAGs
[2025-12-28T12:44:46.037+0700] {logging_mixin.py:188} INFO - [2025-12-28T12:44:46.037+0700] {dag.py:3954} INFO - Setting next_dagrun for flight_ingestion_v2 to 2025-12-27 17:00:00+00:00, run_after=2025-12-28 17:00:00+00:00
[2025-12-28T12:44:46.076+0700] {processor.py:183} INFO - Processing /opt/airflow/dags/ingestion_dag.py took 1.320 seconds
[2025-12-28T12:45:16.177+0700] {processor.py:161} INFO - Started process (PID=583) to work on /opt/airflow/dags/ingestion_dag.py
[2025-12-28T12:45:16.182+0700] {processor.py:830} INFO - Processing file /opt/airflow/dags/ingestion_dag.py for tasks to queue
[2025-12-28T12:45:16.193+0700] {logging_mixin.py:188} INFO - [2025-12-28T12:45:16.191+0700] {dagbag.py:545} INFO - Filling up the DagBag from /opt/airflow/dags/ingestion_dag.py
[2025-12-28T12:45:17.336+0700] {processor.py:840} INFO - DAG(s) 'flight_ingestion_v2' retrieved from /opt/airflow/dags/ingestion_dag.py
[2025-12-28T12:45:17.377+0700] {logging_mixin.py:188} INFO - [2025-12-28T12:45:17.377+0700] {dag.py:3096} INFO - Sync 1 DAGs
[2025-12-28T12:45:17.418+0700] {logging_mixin.py:188} INFO - [2025-12-28T12:45:17.418+0700] {dag.py:3954} INFO - Setting next_dagrun for flight_ingestion_v2 to 2025-12-27 17:00:00+00:00, run_after=2025-12-28 17:00:00+00:00
[2025-12-28T12:45:17.473+0700] {processor.py:183} INFO - Processing /opt/airflow/dags/ingestion_dag.py took 1.329 seconds
[2025-12-28T12:45:47.768+0700] {processor.py:161} INFO - Started process (PID=589) to work on /opt/airflow/dags/ingestion_dag.py
[2025-12-28T12:45:47.772+0700] {processor.py:830} INFO - Processing file /opt/airflow/dags/ingestion_dag.py for tasks to queue
[2025-12-28T12:45:47.783+0700] {logging_mixin.py:188} INFO - [2025-12-28T12:45:47.781+0700] {dagbag.py:545} INFO - Filling up the DagBag from /opt/airflow/dags/ingestion_dag.py
[2025-12-28T12:45:48.821+0700] {processor.py:840} INFO - DAG(s) 'flight_ingestion_v2' retrieved from /opt/airflow/dags/ingestion_dag.py
[2025-12-28T12:45:48.861+0700] {logging_mixin.py:188} INFO - [2025-12-28T12:45:48.860+0700] {dag.py:3096} INFO - Sync 1 DAGs
[2025-12-28T12:45:48.902+0700] {logging_mixin.py:188} INFO - [2025-12-28T12:45:48.902+0700] {dag.py:3954} INFO - Setting next_dagrun for flight_ingestion_v2 to 2025-12-27 17:00:00+00:00, run_after=2025-12-28 17:00:00+00:00
[2025-12-28T12:45:48.944+0700] {processor.py:183} INFO - Processing /opt/airflow/dags/ingestion_dag.py took 1.206 seconds
[2025-12-28T12:46:19.370+0700] {processor.py:161} INFO - Started process (PID=595) to work on /opt/airflow/dags/ingestion_dag.py
[2025-12-28T12:46:19.375+0700] {processor.py:830} INFO - Processing file /opt/airflow/dags/ingestion_dag.py for tasks to queue
[2025-12-28T12:46:19.385+0700] {logging_mixin.py:188} INFO - [2025-12-28T12:46:19.384+0700] {dagbag.py:545} INFO - Filling up the DagBag from /opt/airflow/dags/ingestion_dag.py
[2025-12-28T12:46:20.508+0700] {processor.py:840} INFO - DAG(s) 'flight_ingestion_v2' retrieved from /opt/airflow/dags/ingestion_dag.py
[2025-12-28T12:46:20.550+0700] {logging_mixin.py:188} INFO - [2025-12-28T12:46:20.549+0700] {dag.py:3096} INFO - Sync 1 DAGs
[2025-12-28T12:46:20.591+0700] {logging_mixin.py:188} INFO - [2025-12-28T12:46:20.591+0700] {dag.py:3954} INFO - Setting next_dagrun for flight_ingestion_v2 to 2025-12-27 17:00:00+00:00, run_after=2025-12-28 17:00:00+00:00
[2025-12-28T12:46:20.633+0700] {processor.py:183} INFO - Processing /opt/airflow/dags/ingestion_dag.py took 1.303 seconds
[2025-12-28T12:46:50.748+0700] {processor.py:161} INFO - Started process (PID=601) to work on /opt/airflow/dags/ingestion_dag.py
[2025-12-28T12:46:50.753+0700] {processor.py:830} INFO - Processing file /opt/airflow/dags/ingestion_dag.py for tasks to queue
[2025-12-28T12:46:50.764+0700] {logging_mixin.py:188} INFO - [2025-12-28T12:46:50.762+0700] {dagbag.py:545} INFO - Filling up the DagBag from /opt/airflow/dags/ingestion_dag.py
[2025-12-28T12:46:51.841+0700] {processor.py:840} INFO - DAG(s) 'flight_ingestion_v2' retrieved from /opt/airflow/dags/ingestion_dag.py
[2025-12-28T12:46:51.890+0700] {logging_mixin.py:188} INFO - [2025-12-28T12:46:51.889+0700] {dag.py:3096} INFO - Sync 1 DAGs
[2025-12-28T12:46:51.937+0700] {logging_mixin.py:188} INFO - [2025-12-28T12:46:51.936+0700] {dag.py:3954} INFO - Setting next_dagrun for flight_ingestion_v2 to 2025-12-27 17:00:00+00:00, run_after=2025-12-28 17:00:00+00:00
[2025-12-28T12:46:51.973+0700] {processor.py:183} INFO - Processing /opt/airflow/dags/ingestion_dag.py took 1.255 seconds
[2025-12-28T12:47:22.362+0700] {processor.py:161} INFO - Started process (PID=607) to work on /opt/airflow/dags/ingestion_dag.py
[2025-12-28T12:47:22.366+0700] {processor.py:830} INFO - Processing file /opt/airflow/dags/ingestion_dag.py for tasks to queue
[2025-12-28T12:47:22.377+0700] {logging_mixin.py:188} INFO - [2025-12-28T12:47:22.375+0700] {dagbag.py:545} INFO - Filling up the DagBag from /opt/airflow/dags/ingestion_dag.py
[2025-12-28T12:47:23.538+0700] {processor.py:840} INFO - DAG(s) 'flight_ingestion_v2' retrieved from /opt/airflow/dags/ingestion_dag.py
[2025-12-28T12:47:23.588+0700] {logging_mixin.py:188} INFO - [2025-12-28T12:47:23.587+0700] {dag.py:3096} INFO - Sync 1 DAGs
[2025-12-28T12:47:23.647+0700] {logging_mixin.py:188} INFO - [2025-12-28T12:47:23.646+0700] {dag.py:3954} INFO - Setting next_dagrun for flight_ingestion_v2 to 2025-12-27 17:00:00+00:00, run_after=2025-12-28 17:00:00+00:00
[2025-12-28T12:47:23.691+0700] {processor.py:183} INFO - Processing /opt/airflow/dags/ingestion_dag.py took 1.356 seconds
[2025-12-28T12:47:54.092+0700] {processor.py:161} INFO - Started process (PID=613) to work on /opt/airflow/dags/ingestion_dag.py
[2025-12-28T12:47:54.096+0700] {processor.py:830} INFO - Processing file /opt/airflow/dags/ingestion_dag.py for tasks to queue
[2025-12-28T12:47:54.107+0700] {logging_mixin.py:188} INFO - [2025-12-28T12:47:54.106+0700] {dagbag.py:545} INFO - Filling up the DagBag from /opt/airflow/dags/ingestion_dag.py
[2025-12-28T12:47:55.195+0700] {processor.py:840} INFO - DAG(s) 'flight_ingestion_v2' retrieved from /opt/airflow/dags/ingestion_dag.py
[2025-12-28T12:47:55.240+0700] {logging_mixin.py:188} INFO - [2025-12-28T12:47:55.239+0700] {dag.py:3096} INFO - Sync 1 DAGs
[2025-12-28T12:47:55.284+0700] {logging_mixin.py:188} INFO - [2025-12-28T12:47:55.284+0700] {dag.py:3954} INFO - Setting next_dagrun for flight_ingestion_v2 to 2025-12-27 17:00:00+00:00, run_after=2025-12-28 17:00:00+00:00
[2025-12-28T12:47:55.316+0700] {processor.py:183} INFO - Processing /opt/airflow/dags/ingestion_dag.py took 1.252 seconds
[2025-12-28T12:48:25.503+0700] {processor.py:161} INFO - Started process (PID=619) to work on /opt/airflow/dags/ingestion_dag.py
[2025-12-28T12:48:25.509+0700] {processor.py:830} INFO - Processing file /opt/airflow/dags/ingestion_dag.py for tasks to queue
[2025-12-28T12:48:25.521+0700] {logging_mixin.py:188} INFO - [2025-12-28T12:48:25.519+0700] {dagbag.py:545} INFO - Filling up the DagBag from /opt/airflow/dags/ingestion_dag.py
[2025-12-28T12:48:26.797+0700] {processor.py:840} INFO - DAG(s) 'flight_ingestion_v2' retrieved from /opt/airflow/dags/ingestion_dag.py
[2025-12-28T12:48:26.836+0700] {logging_mixin.py:188} INFO - [2025-12-28T12:48:26.835+0700] {dag.py:3096} INFO - Sync 1 DAGs
[2025-12-28T12:48:26.876+0700] {logging_mixin.py:188} INFO - [2025-12-28T12:48:26.876+0700] {dag.py:3954} INFO - Setting next_dagrun for flight_ingestion_v2 to 2025-12-27 17:00:00+00:00, run_after=2025-12-28 17:00:00+00:00
[2025-12-28T12:48:26.916+0700] {processor.py:183} INFO - Processing /opt/airflow/dags/ingestion_dag.py took 1.454 seconds
[2025-12-28T12:48:57.280+0700] {processor.py:161} INFO - Started process (PID=625) to work on /opt/airflow/dags/ingestion_dag.py
[2025-12-28T12:48:57.285+0700] {processor.py:830} INFO - Processing file /opt/airflow/dags/ingestion_dag.py for tasks to queue
[2025-12-28T12:48:57.296+0700] {logging_mixin.py:188} INFO - [2025-12-28T12:48:57.294+0700] {dagbag.py:545} INFO - Filling up the DagBag from /opt/airflow/dags/ingestion_dag.py
[2025-12-28T12:48:58.394+0700] {processor.py:840} INFO - DAG(s) 'flight_ingestion_v2' retrieved from /opt/airflow/dags/ingestion_dag.py
[2025-12-28T12:48:58.437+0700] {logging_mixin.py:188} INFO - [2025-12-28T12:48:58.436+0700] {dag.py:3096} INFO - Sync 1 DAGs
[2025-12-28T12:48:58.479+0700] {logging_mixin.py:188} INFO - [2025-12-28T12:48:58.479+0700] {dag.py:3954} INFO - Setting next_dagrun for flight_ingestion_v2 to 2025-12-27 17:00:00+00:00, run_after=2025-12-28 17:00:00+00:00
[2025-12-28T12:48:58.524+0700] {processor.py:183} INFO - Processing /opt/airflow/dags/ingestion_dag.py took 1.278 seconds
[2025-12-28T12:49:28.919+0700] {processor.py:161} INFO - Started process (PID=631) to work on /opt/airflow/dags/ingestion_dag.py
[2025-12-28T12:49:28.923+0700] {processor.py:830} INFO - Processing file /opt/airflow/dags/ingestion_dag.py for tasks to queue
[2025-12-28T12:49:28.937+0700] {logging_mixin.py:188} INFO - [2025-12-28T12:49:28.934+0700] {dagbag.py:545} INFO - Filling up the DagBag from /opt/airflow/dags/ingestion_dag.py
[2025-12-28T12:49:30.233+0700] {processor.py:840} INFO - DAG(s) 'flight_ingestion_v2' retrieved from /opt/airflow/dags/ingestion_dag.py
[2025-12-28T12:49:30.277+0700] {logging_mixin.py:188} INFO - [2025-12-28T12:49:30.277+0700] {dag.py:3096} INFO - Sync 1 DAGs
[2025-12-28T12:49:30.322+0700] {logging_mixin.py:188} INFO - [2025-12-28T12:49:30.322+0700] {dag.py:3954} INFO - Setting next_dagrun for flight_ingestion_v2 to 2025-12-27 17:00:00+00:00, run_after=2025-12-28 17:00:00+00:00
[2025-12-28T12:49:30.357+0700] {processor.py:183} INFO - Processing /opt/airflow/dags/ingestion_dag.py took 1.511 seconds
[2025-12-28T12:50:00.873+0700] {processor.py:161} INFO - Started process (PID=637) to work on /opt/airflow/dags/ingestion_dag.py
[2025-12-28T12:50:00.879+0700] {processor.py:830} INFO - Processing file /opt/airflow/dags/ingestion_dag.py for tasks to queue
[2025-12-28T12:50:00.891+0700] {logging_mixin.py:188} INFO - [2025-12-28T12:50:00.889+0700] {dagbag.py:545} INFO - Filling up the DagBag from /opt/airflow/dags/ingestion_dag.py
[2025-12-28T12:50:02.003+0700] {processor.py:840} INFO - DAG(s) 'flight_ingestion_v2' retrieved from /opt/airflow/dags/ingestion_dag.py
[2025-12-28T12:50:02.041+0700] {logging_mixin.py:188} INFO - [2025-12-28T12:50:02.040+0700] {dag.py:3096} INFO - Sync 1 DAGs
[2025-12-28T12:50:02.082+0700] {logging_mixin.py:188} INFO - [2025-12-28T12:50:02.081+0700] {dag.py:3954} INFO - Setting next_dagrun for flight_ingestion_v2 to 2025-12-27 17:00:00+00:00, run_after=2025-12-28 17:00:00+00:00
[2025-12-28T12:50:02.115+0700] {processor.py:183} INFO - Processing /opt/airflow/dags/ingestion_dag.py took 1.277 seconds
[2025-12-28T12:50:32.236+0700] {processor.py:161} INFO - Started process (PID=643) to work on /opt/airflow/dags/ingestion_dag.py
[2025-12-28T12:50:32.242+0700] {processor.py:830} INFO - Processing file /opt/airflow/dags/ingestion_dag.py for tasks to queue
[2025-12-28T12:50:32.253+0700] {logging_mixin.py:188} INFO - [2025-12-28T12:50:32.251+0700] {dagbag.py:545} INFO - Filling up the DagBag from /opt/airflow/dags/ingestion_dag.py
[2025-12-28T12:50:33.401+0700] {processor.py:840} INFO - DAG(s) 'flight_ingestion_v2' retrieved from /opt/airflow/dags/ingestion_dag.py
[2025-12-28T12:50:33.456+0700] {logging_mixin.py:188} INFO - [2025-12-28T12:50:33.455+0700] {dag.py:3096} INFO - Sync 1 DAGs
[2025-12-28T12:50:33.518+0700] {logging_mixin.py:188} INFO - [2025-12-28T12:50:33.517+0700] {dag.py:3954} INFO - Setting next_dagrun for flight_ingestion_v2 to 2025-12-27 17:00:00+00:00, run_after=2025-12-28 17:00:00+00:00
[2025-12-28T12:50:33.562+0700] {processor.py:183} INFO - Processing /opt/airflow/dags/ingestion_dag.py took 1.365 seconds
[2025-12-28T12:51:03.982+0700] {processor.py:161} INFO - Started process (PID=649) to work on /opt/airflow/dags/ingestion_dag.py
[2025-12-28T12:51:03.984+0700] {processor.py:830} INFO - Processing file /opt/airflow/dags/ingestion_dag.py for tasks to queue
[2025-12-28T12:51:03.989+0700] {logging_mixin.py:188} INFO - [2025-12-28T12:51:03.988+0700] {dagbag.py:545} INFO - Filling up the DagBag from /opt/airflow/dags/ingestion_dag.py
[2025-12-28T12:51:05.220+0700] {processor.py:840} INFO - DAG(s) 'flight_ingestion_v2' retrieved from /opt/airflow/dags/ingestion_dag.py
[2025-12-28T12:51:05.275+0700] {logging_mixin.py:188} INFO - [2025-12-28T12:51:05.274+0700] {dag.py:3096} INFO - Sync 1 DAGs
[2025-12-28T12:51:05.327+0700] {logging_mixin.py:188} INFO - [2025-12-28T12:51:05.326+0700] {dag.py:3954} INFO - Setting next_dagrun for flight_ingestion_v2 to 2025-12-27 17:00:00+00:00, run_after=2025-12-28 17:00:00+00:00
[2025-12-28T12:51:05.368+0700] {processor.py:183} INFO - Processing /opt/airflow/dags/ingestion_dag.py took 1.401 seconds
[2025-12-28T12:51:35.734+0700] {processor.py:161} INFO - Started process (PID=655) to work on /opt/airflow/dags/ingestion_dag.py
[2025-12-28T12:51:35.736+0700] {processor.py:830} INFO - Processing file /opt/airflow/dags/ingestion_dag.py for tasks to queue
[2025-12-28T12:51:35.741+0700] {logging_mixin.py:188} INFO - [2025-12-28T12:51:35.740+0700] {dagbag.py:545} INFO - Filling up the DagBag from /opt/airflow/dags/ingestion_dag.py
[2025-12-28T12:51:36.945+0700] {processor.py:840} INFO - DAG(s) 'flight_ingestion_v2' retrieved from /opt/airflow/dags/ingestion_dag.py
[2025-12-28T12:51:37.003+0700] {logging_mixin.py:188} INFO - [2025-12-28T12:51:37.001+0700] {dag.py:3096} INFO - Sync 1 DAGs
[2025-12-28T12:51:37.068+0700] {logging_mixin.py:188} INFO - [2025-12-28T12:51:37.068+0700] {dag.py:3954} INFO - Setting next_dagrun for flight_ingestion_v2 to 2025-12-27 17:00:00+00:00, run_after=2025-12-28 17:00:00+00:00
[2025-12-28T12:51:37.109+0700] {processor.py:183} INFO - Processing /opt/airflow/dags/ingestion_dag.py took 1.388 seconds
[2025-12-28T12:52:07.455+0700] {processor.py:161} INFO - Started process (PID=661) to work on /opt/airflow/dags/ingestion_dag.py
[2025-12-28T12:52:07.459+0700] {processor.py:830} INFO - Processing file /opt/airflow/dags/ingestion_dag.py for tasks to queue
[2025-12-28T12:52:07.469+0700] {logging_mixin.py:188} INFO - [2025-12-28T12:52:07.467+0700] {dagbag.py:545} INFO - Filling up the DagBag from /opt/airflow/dags/ingestion_dag.py
[2025-12-28T12:52:08.631+0700] {processor.py:840} INFO - DAG(s) 'flight_ingestion_v2' retrieved from /opt/airflow/dags/ingestion_dag.py
[2025-12-28T12:52:08.672+0700] {logging_mixin.py:188} INFO - [2025-12-28T12:52:08.671+0700] {dag.py:3096} INFO - Sync 1 DAGs
[2025-12-28T12:52:08.713+0700] {logging_mixin.py:188} INFO - [2025-12-28T12:52:08.713+0700] {dag.py:3954} INFO - Setting next_dagrun for flight_ingestion_v2 to 2025-12-27 17:00:00+00:00, run_after=2025-12-28 17:00:00+00:00
[2025-12-28T12:52:08.754+0700] {processor.py:183} INFO - Processing /opt/airflow/dags/ingestion_dag.py took 1.327 seconds
[2025-12-28T12:52:39.183+0700] {processor.py:161} INFO - Started process (PID=667) to work on /opt/airflow/dags/ingestion_dag.py
[2025-12-28T12:52:39.189+0700] {processor.py:830} INFO - Processing file /opt/airflow/dags/ingestion_dag.py for tasks to queue
[2025-12-28T12:52:39.201+0700] {logging_mixin.py:188} INFO - [2025-12-28T12:52:39.199+0700] {dagbag.py:545} INFO - Filling up the DagBag from /opt/airflow/dags/ingestion_dag.py
[2025-12-28T12:52:40.409+0700] {processor.py:840} INFO - DAG(s) 'flight_ingestion_v2' retrieved from /opt/airflow/dags/ingestion_dag.py
[2025-12-28T12:52:40.450+0700] {logging_mixin.py:188} INFO - [2025-12-28T12:52:40.449+0700] {dag.py:3096} INFO - Sync 1 DAGs
[2025-12-28T12:52:40.496+0700] {logging_mixin.py:188} INFO - [2025-12-28T12:52:40.496+0700] {dag.py:3954} INFO - Setting next_dagrun for flight_ingestion_v2 to 2025-12-27 17:00:00+00:00, run_after=2025-12-28 17:00:00+00:00
[2025-12-28T12:52:40.531+0700] {processor.py:183} INFO - Processing /opt/airflow/dags/ingestion_dag.py took 1.384 seconds
[2025-12-28T12:53:10.967+0700] {processor.py:161} INFO - Started process (PID=673) to work on /opt/airflow/dags/ingestion_dag.py
[2025-12-28T12:53:10.974+0700] {processor.py:830} INFO - Processing file /opt/airflow/dags/ingestion_dag.py for tasks to queue
[2025-12-28T12:53:10.986+0700] {logging_mixin.py:188} INFO - [2025-12-28T12:53:10.984+0700] {dagbag.py:545} INFO - Filling up the DagBag from /opt/airflow/dags/ingestion_dag.py
[2025-12-28T12:53:12.318+0700] {processor.py:840} INFO - DAG(s) 'flight_ingestion_v2' retrieved from /opt/airflow/dags/ingestion_dag.py
[2025-12-28T12:53:12.369+0700] {logging_mixin.py:188} INFO - [2025-12-28T12:53:12.368+0700] {dag.py:3096} INFO - Sync 1 DAGs
[2025-12-28T12:53:12.410+0700] {logging_mixin.py:188} INFO - [2025-12-28T12:53:12.410+0700] {dag.py:3954} INFO - Setting next_dagrun for flight_ingestion_v2 to 2025-12-27 17:00:00+00:00, run_after=2025-12-28 17:00:00+00:00
[2025-12-28T12:53:12.455+0700] {processor.py:183} INFO - Processing /opt/airflow/dags/ingestion_dag.py took 1.529 seconds
[2025-12-28T12:53:42.997+0700] {processor.py:161} INFO - Started process (PID=679) to work on /opt/airflow/dags/ingestion_dag.py
[2025-12-28T12:53:43.005+0700] {processor.py:830} INFO - Processing file /opt/airflow/dags/ingestion_dag.py for tasks to queue
[2025-12-28T12:53:43.018+0700] {logging_mixin.py:188} INFO - [2025-12-28T12:53:43.015+0700] {dagbag.py:545} INFO - Filling up the DagBag from /opt/airflow/dags/ingestion_dag.py
[2025-12-28T12:53:44.486+0700] {processor.py:840} INFO - DAG(s) 'flight_ingestion_v2' retrieved from /opt/airflow/dags/ingestion_dag.py
[2025-12-28T12:53:44.531+0700] {logging_mixin.py:188} INFO - [2025-12-28T12:53:44.530+0700] {dag.py:3096} INFO - Sync 1 DAGs
[2025-12-28T12:53:44.575+0700] {logging_mixin.py:188} INFO - [2025-12-28T12:53:44.574+0700] {dag.py:3954} INFO - Setting next_dagrun for flight_ingestion_v2 to 2025-12-27 17:00:00+00:00, run_after=2025-12-28 17:00:00+00:00
[2025-12-28T12:53:44.612+0700] {processor.py:183} INFO - Processing /opt/airflow/dags/ingestion_dag.py took 1.657 seconds
[2025-12-28T12:54:15.075+0700] {processor.py:161} INFO - Started process (PID=685) to work on /opt/airflow/dags/ingestion_dag.py
[2025-12-28T12:54:15.080+0700] {processor.py:830} INFO - Processing file /opt/airflow/dags/ingestion_dag.py for tasks to queue
[2025-12-28T12:54:15.091+0700] {logging_mixin.py:188} INFO - [2025-12-28T12:54:15.089+0700] {dagbag.py:545} INFO - Filling up the DagBag from /opt/airflow/dags/ingestion_dag.py
[2025-12-28T12:54:16.406+0700] {processor.py:840} INFO - DAG(s) 'flight_ingestion_v2' retrieved from /opt/airflow/dags/ingestion_dag.py
[2025-12-28T12:54:16.484+0700] {logging_mixin.py:188} INFO - [2025-12-28T12:54:16.483+0700] {dag.py:3096} INFO - Sync 1 DAGs
[2025-12-28T12:54:16.534+0700] {logging_mixin.py:188} INFO - [2025-12-28T12:54:16.533+0700] {dag.py:3954} INFO - Setting next_dagrun for flight_ingestion_v2 to 2025-12-27 17:00:00+00:00, run_after=2025-12-28 17:00:00+00:00
[2025-12-28T12:54:16.579+0700] {processor.py:183} INFO - Processing /opt/airflow/dags/ingestion_dag.py took 1.540 seconds
[2025-12-28T12:54:46.883+0700] {processor.py:161} INFO - Started process (PID=691) to work on /opt/airflow/dags/ingestion_dag.py
[2025-12-28T12:54:46.890+0700] {processor.py:830} INFO - Processing file /opt/airflow/dags/ingestion_dag.py for tasks to queue
[2025-12-28T12:54:46.905+0700] {logging_mixin.py:188} INFO - [2025-12-28T12:54:46.902+0700] {dagbag.py:545} INFO - Filling up the DagBag from /opt/airflow/dags/ingestion_dag.py
[2025-12-28T12:54:48.307+0700] {processor.py:840} INFO - DAG(s) 'flight_ingestion_v2' retrieved from /opt/airflow/dags/ingestion_dag.py
[2025-12-28T12:54:48.349+0700] {logging_mixin.py:188} INFO - [2025-12-28T12:54:48.348+0700] {dag.py:3096} INFO - Sync 1 DAGs
[2025-12-28T12:54:48.391+0700] {logging_mixin.py:188} INFO - [2025-12-28T12:54:48.391+0700] {dag.py:3954} INFO - Setting next_dagrun for flight_ingestion_v2 to 2025-12-27 17:00:00+00:00, run_after=2025-12-28 17:00:00+00:00
[2025-12-28T12:54:48.434+0700] {processor.py:183} INFO - Processing /opt/airflow/dags/ingestion_dag.py took 1.591 seconds
[2025-12-28T12:55:18.887+0700] {processor.py:161} INFO - Started process (PID=697) to work on /opt/airflow/dags/ingestion_dag.py
[2025-12-28T12:55:18.891+0700] {processor.py:830} INFO - Processing file /opt/airflow/dags/ingestion_dag.py for tasks to queue
[2025-12-28T12:55:18.901+0700] {logging_mixin.py:188} INFO - [2025-12-28T12:55:18.899+0700] {dagbag.py:545} INFO - Filling up the DagBag from /opt/airflow/dags/ingestion_dag.py
[2025-12-28T12:55:20.151+0700] {processor.py:840} INFO - DAG(s) 'flight_ingestion_v2' retrieved from /opt/airflow/dags/ingestion_dag.py
[2025-12-28T12:55:20.191+0700] {logging_mixin.py:188} INFO - [2025-12-28T12:55:20.191+0700] {dag.py:3096} INFO - Sync 1 DAGs
[2025-12-28T12:55:20.241+0700] {logging_mixin.py:188} INFO - [2025-12-28T12:55:20.241+0700] {dag.py:3954} INFO - Setting next_dagrun for flight_ingestion_v2 to 2025-12-27 17:00:00+00:00, run_after=2025-12-28 17:00:00+00:00
[2025-12-28T12:55:20.282+0700] {processor.py:183} INFO - Processing /opt/airflow/dags/ingestion_dag.py took 1.428 seconds
[2025-12-28T12:55:50.724+0700] {processor.py:161} INFO - Started process (PID=703) to work on /opt/airflow/dags/ingestion_dag.py
[2025-12-28T12:55:50.730+0700] {processor.py:830} INFO - Processing file /opt/airflow/dags/ingestion_dag.py for tasks to queue
[2025-12-28T12:55:50.741+0700] {logging_mixin.py:188} INFO - [2025-12-28T12:55:50.739+0700] {dagbag.py:545} INFO - Filling up the DagBag from /opt/airflow/dags/ingestion_dag.py
[2025-12-28T12:55:51.846+0700] {processor.py:840} INFO - DAG(s) 'flight_ingestion_v2' retrieved from /opt/airflow/dags/ingestion_dag.py
[2025-12-28T12:55:51.895+0700] {logging_mixin.py:188} INFO - [2025-12-28T12:55:51.894+0700] {dag.py:3096} INFO - Sync 1 DAGs
[2025-12-28T12:55:51.938+0700] {logging_mixin.py:188} INFO - [2025-12-28T12:55:51.938+0700] {dag.py:3954} INFO - Setting next_dagrun for flight_ingestion_v2 to 2025-12-27 17:00:00+00:00, run_after=2025-12-28 17:00:00+00:00
[2025-12-28T12:55:51.979+0700] {processor.py:183} INFO - Processing /opt/airflow/dags/ingestion_dag.py took 1.287 seconds
[2025-12-28T12:56:22.411+0700] {processor.py:161} INFO - Started process (PID=709) to work on /opt/airflow/dags/ingestion_dag.py
[2025-12-28T12:56:22.417+0700] {processor.py:830} INFO - Processing file /opt/airflow/dags/ingestion_dag.py for tasks to queue
[2025-12-28T12:56:22.426+0700] {logging_mixin.py:188} INFO - [2025-12-28T12:56:22.424+0700] {dagbag.py:545} INFO - Filling up the DagBag from /opt/airflow/dags/ingestion_dag.py
[2025-12-28T12:56:24.075+0700] {processor.py:840} INFO - DAG(s) 'flight_ingestion_v2' retrieved from /opt/airflow/dags/ingestion_dag.py
[2025-12-28T12:56:24.121+0700] {logging_mixin.py:188} INFO - [2025-12-28T12:56:24.120+0700] {dag.py:3096} INFO - Sync 1 DAGs
[2025-12-28T12:56:24.225+0700] {logging_mixin.py:188} INFO - [2025-12-28T12:56:24.224+0700] {dag.py:3954} INFO - Setting next_dagrun for flight_ingestion_v2 to 2025-12-27 17:00:00+00:00, run_after=2025-12-28 17:00:00+00:00
[2025-12-28T12:56:24.336+0700] {processor.py:183} INFO - Processing /opt/airflow/dags/ingestion_dag.py took 1.956 seconds
[2025-12-28T12:56:54.894+0700] {processor.py:161} INFO - Started process (PID=715) to work on /opt/airflow/dags/ingestion_dag.py
[2025-12-28T12:56:54.900+0700] {processor.py:830} INFO - Processing file /opt/airflow/dags/ingestion_dag.py for tasks to queue
[2025-12-28T12:56:54.911+0700] {logging_mixin.py:188} INFO - [2025-12-28T12:56:54.909+0700] {dagbag.py:545} INFO - Filling up the DagBag from /opt/airflow/dags/ingestion_dag.py
[2025-12-28T12:56:56.374+0700] {processor.py:840} INFO - DAG(s) 'flight_ingestion_v2' retrieved from /opt/airflow/dags/ingestion_dag.py
[2025-12-28T12:56:56.443+0700] {logging_mixin.py:188} INFO - [2025-12-28T12:56:56.443+0700] {dag.py:3096} INFO - Sync 1 DAGs
[2025-12-28T12:56:56.492+0700] {logging_mixin.py:188} INFO - [2025-12-28T12:56:56.491+0700] {dag.py:3954} INFO - Setting next_dagrun for flight_ingestion_v2 to 2025-12-27 17:00:00+00:00, run_after=2025-12-28 17:00:00+00:00
[2025-12-28T12:56:56.546+0700] {processor.py:183} INFO - Processing /opt/airflow/dags/ingestion_dag.py took 1.681 seconds
[2025-12-28T12:57:27.043+0700] {processor.py:161} INFO - Started process (PID=721) to work on /opt/airflow/dags/ingestion_dag.py
[2025-12-28T12:57:27.046+0700] {processor.py:830} INFO - Processing file /opt/airflow/dags/ingestion_dag.py for tasks to queue
[2025-12-28T12:57:27.051+0700] {logging_mixin.py:188} INFO - [2025-12-28T12:57:27.050+0700] {dagbag.py:545} INFO - Filling up the DagBag from /opt/airflow/dags/ingestion_dag.py
[2025-12-28T12:57:28.299+0700] {processor.py:840} INFO - DAG(s) 'flight_ingestion_v2' retrieved from /opt/airflow/dags/ingestion_dag.py
[2025-12-28T12:57:28.351+0700] {logging_mixin.py:188} INFO - [2025-12-28T12:57:28.350+0700] {dag.py:3096} INFO - Sync 1 DAGs
[2025-12-28T12:57:28.399+0700] {logging_mixin.py:188} INFO - [2025-12-28T12:57:28.399+0700] {dag.py:3954} INFO - Setting next_dagrun for flight_ingestion_v2 to 2025-12-27 17:00:00+00:00, run_after=2025-12-28 17:00:00+00:00
[2025-12-28T12:57:28.442+0700] {processor.py:183} INFO - Processing /opt/airflow/dags/ingestion_dag.py took 1.418 seconds
[2025-12-28T13:29:19.863+0700] {processor.py:161} INFO - Started process (PID=727) to work on /opt/airflow/dags/ingestion_dag.py
[2025-12-28T13:29:19.891+0700] {processor.py:830} INFO - Processing file /opt/airflow/dags/ingestion_dag.py for tasks to queue
[2025-12-28T13:29:19.911+0700] {logging_mixin.py:188} INFO - [2025-12-28T13:29:19.909+0700] {dagbag.py:545} INFO - Filling up the DagBag from /opt/airflow/dags/ingestion_dag.py
[2025-12-28T13:29:21.637+0700] {processor.py:840} INFO - DAG(s) 'flight_ingestion_v2' retrieved from /opt/airflow/dags/ingestion_dag.py
[2025-12-28T13:29:21.685+0700] {logging_mixin.py:188} INFO - [2025-12-28T13:29:21.685+0700] {dag.py:3096} INFO - Sync 1 DAGs
[2025-12-28T13:29:21.730+0700] {logging_mixin.py:188} INFO - [2025-12-28T13:29:21.730+0700] {dag.py:3954} INFO - Setting next_dagrun for flight_ingestion_v2 to 2025-12-27 17:00:00+00:00, run_after=2025-12-28 17:00:00+00:00
[2025-12-28T13:29:21.774+0700] {processor.py:183} INFO - Processing /opt/airflow/dags/ingestion_dag.py took 1.939 seconds
[2025-12-28T13:29:52.155+0700] {processor.py:161} INFO - Started process (PID=733) to work on /opt/airflow/dags/ingestion_dag.py
[2025-12-28T13:29:52.157+0700] {processor.py:830} INFO - Processing file /opt/airflow/dags/ingestion_dag.py for tasks to queue
[2025-12-28T13:29:52.163+0700] {logging_mixin.py:188} INFO - [2025-12-28T13:29:52.162+0700] {dagbag.py:545} INFO - Filling up the DagBag from /opt/airflow/dags/ingestion_dag.py
[2025-12-28T13:29:53.267+0700] {processor.py:840} INFO - DAG(s) 'flight_ingestion_v2' retrieved from /opt/airflow/dags/ingestion_dag.py
[2025-12-28T13:29:53.307+0700] {logging_mixin.py:188} INFO - [2025-12-28T13:29:53.306+0700] {dag.py:3096} INFO - Sync 1 DAGs
[2025-12-28T13:29:53.350+0700] {logging_mixin.py:188} INFO - [2025-12-28T13:29:53.349+0700] {dag.py:3954} INFO - Setting next_dagrun for flight_ingestion_v2 to 2025-12-27 17:00:00+00:00, run_after=2025-12-28 17:00:00+00:00
[2025-12-28T13:29:53.382+0700] {processor.py:183} INFO - Processing /opt/airflow/dags/ingestion_dag.py took 1.240 seconds
[2025-12-28T13:30:23.555+0700] {processor.py:161} INFO - Started process (PID=739) to work on /opt/airflow/dags/ingestion_dag.py
[2025-12-28T13:30:23.561+0700] {processor.py:830} INFO - Processing file /opt/airflow/dags/ingestion_dag.py for tasks to queue
[2025-12-28T13:30:23.574+0700] {logging_mixin.py:188} INFO - [2025-12-28T13:30:23.572+0700] {dagbag.py:545} INFO - Filling up the DagBag from /opt/airflow/dags/ingestion_dag.py
[2025-12-28T13:30:24.618+0700] {processor.py:840} INFO - DAG(s) 'flight_ingestion_v2' retrieved from /opt/airflow/dags/ingestion_dag.py
[2025-12-28T13:30:24.662+0700] {logging_mixin.py:188} INFO - [2025-12-28T13:30:24.661+0700] {dag.py:3096} INFO - Sync 1 DAGs
[2025-12-28T13:30:24.703+0700] {logging_mixin.py:188} INFO - [2025-12-28T13:30:24.702+0700] {dag.py:3954} INFO - Setting next_dagrun for flight_ingestion_v2 to 2025-12-27 17:00:00+00:00, run_after=2025-12-28 17:00:00+00:00
[2025-12-28T13:30:24.744+0700] {processor.py:183} INFO - Processing /opt/airflow/dags/ingestion_dag.py took 1.227 seconds
[2025-12-28T13:30:55.160+0700] {processor.py:161} INFO - Started process (PID=745) to work on /opt/airflow/dags/ingestion_dag.py
[2025-12-28T13:30:55.165+0700] {processor.py:830} INFO - Processing file /opt/airflow/dags/ingestion_dag.py for tasks to queue
[2025-12-28T13:30:55.175+0700] {logging_mixin.py:188} INFO - [2025-12-28T13:30:55.173+0700] {dagbag.py:545} INFO - Filling up the DagBag from /opt/airflow/dags/ingestion_dag.py
[2025-12-28T13:30:56.253+0700] {processor.py:840} INFO - DAG(s) 'flight_ingestion_v2' retrieved from /opt/airflow/dags/ingestion_dag.py
[2025-12-28T13:30:56.293+0700] {logging_mixin.py:188} INFO - [2025-12-28T13:30:56.293+0700] {dag.py:3096} INFO - Sync 1 DAGs
[2025-12-28T13:30:56.335+0700] {logging_mixin.py:188} INFO - [2025-12-28T13:30:56.334+0700] {dag.py:3954} INFO - Setting next_dagrun for flight_ingestion_v2 to 2025-12-27 17:00:00+00:00, run_after=2025-12-28 17:00:00+00:00
[2025-12-28T13:30:56.376+0700] {processor.py:183} INFO - Processing /opt/airflow/dags/ingestion_dag.py took 1.244 seconds
[2025-12-28T13:31:26.523+0700] {processor.py:161} INFO - Started process (PID=751) to work on /opt/airflow/dags/ingestion_dag.py
[2025-12-28T13:31:26.528+0700] {processor.py:830} INFO - Processing file /opt/airflow/dags/ingestion_dag.py for tasks to queue
[2025-12-28T13:31:26.539+0700] {logging_mixin.py:188} INFO - [2025-12-28T13:31:26.537+0700] {dagbag.py:545} INFO - Filling up the DagBag from /opt/airflow/dags/ingestion_dag.py
[2025-12-28T13:31:27.659+0700] {processor.py:840} INFO - DAG(s) 'flight_ingestion_v2' retrieved from /opt/airflow/dags/ingestion_dag.py
[2025-12-28T13:31:27.702+0700] {logging_mixin.py:188} INFO - [2025-12-28T13:31:27.701+0700] {dag.py:3096} INFO - Sync 1 DAGs
[2025-12-28T13:31:27.742+0700] {logging_mixin.py:188} INFO - [2025-12-28T13:31:27.741+0700] {dag.py:3954} INFO - Setting next_dagrun for flight_ingestion_v2 to 2025-12-27 17:00:00+00:00, run_after=2025-12-28 17:00:00+00:00
[2025-12-28T13:31:27.777+0700] {processor.py:183} INFO - Processing /opt/airflow/dags/ingestion_dag.py took 1.286 seconds
[2025-12-28T13:31:58.128+0700] {processor.py:161} INFO - Started process (PID=757) to work on /opt/airflow/dags/ingestion_dag.py
[2025-12-28T13:31:58.133+0700] {processor.py:830} INFO - Processing file /opt/airflow/dags/ingestion_dag.py for tasks to queue
[2025-12-28T13:31:58.143+0700] {logging_mixin.py:188} INFO - [2025-12-28T13:31:58.141+0700] {dagbag.py:545} INFO - Filling up the DagBag from /opt/airflow/dags/ingestion_dag.py
[2025-12-28T13:31:59.309+0700] {processor.py:840} INFO - DAG(s) 'flight_ingestion_v2' retrieved from /opt/airflow/dags/ingestion_dag.py
[2025-12-28T13:31:59.366+0700] {logging_mixin.py:188} INFO - [2025-12-28T13:31:59.365+0700] {dag.py:3096} INFO - Sync 1 DAGs
[2025-12-28T13:31:59.432+0700] {logging_mixin.py:188} INFO - [2025-12-28T13:31:59.431+0700] {dag.py:3954} INFO - Setting next_dagrun for flight_ingestion_v2 to 2025-12-27 17:00:00+00:00, run_after=2025-12-28 17:00:00+00:00
[2025-12-28T13:31:59.482+0700] {processor.py:183} INFO - Processing /opt/airflow/dags/ingestion_dag.py took 1.384 seconds
[2025-12-28T13:32:29.892+0700] {processor.py:161} INFO - Started process (PID=763) to work on /opt/airflow/dags/ingestion_dag.py
[2025-12-28T13:32:29.896+0700] {processor.py:830} INFO - Processing file /opt/airflow/dags/ingestion_dag.py for tasks to queue
[2025-12-28T13:32:29.905+0700] {logging_mixin.py:188} INFO - [2025-12-28T13:32:29.903+0700] {dagbag.py:545} INFO - Filling up the DagBag from /opt/airflow/dags/ingestion_dag.py
[2025-12-28T13:32:31.011+0700] {processor.py:840} INFO - DAG(s) 'flight_ingestion_v2' retrieved from /opt/airflow/dags/ingestion_dag.py
[2025-12-28T13:32:31.056+0700] {logging_mixin.py:188} INFO - [2025-12-28T13:32:31.055+0700] {dag.py:3096} INFO - Sync 1 DAGs
[2025-12-28T13:32:31.098+0700] {logging_mixin.py:188} INFO - [2025-12-28T13:32:31.098+0700] {dag.py:3954} INFO - Setting next_dagrun for flight_ingestion_v2 to 2025-12-27 17:00:00+00:00, run_after=2025-12-28 17:00:00+00:00
[2025-12-28T13:32:31.133+0700] {processor.py:183} INFO - Processing /opt/airflow/dags/ingestion_dag.py took 1.274 seconds
[2025-12-28T13:33:01.536+0700] {processor.py:161} INFO - Started process (PID=769) to work on /opt/airflow/dags/ingestion_dag.py
[2025-12-28T13:33:01.541+0700] {processor.py:830} INFO - Processing file /opt/airflow/dags/ingestion_dag.py for tasks to queue
[2025-12-28T13:33:01.549+0700] {logging_mixin.py:188} INFO - [2025-12-28T13:33:01.547+0700] {dagbag.py:545} INFO - Filling up the DagBag from /opt/airflow/dags/ingestion_dag.py
[2025-12-28T13:33:02.777+0700] {processor.py:840} INFO - DAG(s) 'flight_ingestion_v2' retrieved from /opt/airflow/dags/ingestion_dag.py
[2025-12-28T13:33:02.826+0700] {logging_mixin.py:188} INFO - [2025-12-28T13:33:02.825+0700] {dag.py:3096} INFO - Sync 1 DAGs
[2025-12-28T13:33:02.871+0700] {logging_mixin.py:188} INFO - [2025-12-28T13:33:02.871+0700] {dag.py:3954} INFO - Setting next_dagrun for flight_ingestion_v2 to 2025-12-27 17:00:00+00:00, run_after=2025-12-28 17:00:00+00:00
[2025-12-28T13:33:02.914+0700] {processor.py:183} INFO - Processing /opt/airflow/dags/ingestion_dag.py took 1.408 seconds
[2025-12-28T13:33:33.333+0700] {processor.py:161} INFO - Started process (PID=775) to work on /opt/airflow/dags/ingestion_dag.py
[2025-12-28T13:33:33.338+0700] {processor.py:830} INFO - Processing file /opt/airflow/dags/ingestion_dag.py for tasks to queue
[2025-12-28T13:33:33.349+0700] {logging_mixin.py:188} INFO - [2025-12-28T13:33:33.347+0700] {dagbag.py:545} INFO - Filling up the DagBag from /opt/airflow/dags/ingestion_dag.py
[2025-12-28T13:33:34.405+0700] {processor.py:840} INFO - DAG(s) 'flight_ingestion_v2' retrieved from /opt/airflow/dags/ingestion_dag.py
[2025-12-28T13:33:34.450+0700] {logging_mixin.py:188} INFO - [2025-12-28T13:33:34.449+0700] {dag.py:3096} INFO - Sync 1 DAGs
[2025-12-28T13:33:34.494+0700] {logging_mixin.py:188} INFO - [2025-12-28T13:33:34.493+0700] {dag.py:3954} INFO - Setting next_dagrun for flight_ingestion_v2 to 2025-12-27 17:00:00+00:00, run_after=2025-12-28 17:00:00+00:00
[2025-12-28T13:33:34.529+0700] {processor.py:183} INFO - Processing /opt/airflow/dags/ingestion_dag.py took 1.230 seconds
[2025-12-28T13:34:04.690+0700] {processor.py:161} INFO - Started process (PID=781) to work on /opt/airflow/dags/ingestion_dag.py
[2025-12-28T13:34:04.692+0700] {processor.py:830} INFO - Processing file /opt/airflow/dags/ingestion_dag.py for tasks to queue
[2025-12-28T13:34:04.696+0700] {logging_mixin.py:188} INFO - [2025-12-28T13:34:04.695+0700] {dagbag.py:545} INFO - Filling up the DagBag from /opt/airflow/dags/ingestion_dag.py
[2025-12-28T13:34:05.715+0700] {processor.py:840} INFO - DAG(s) 'flight_ingestion_v2' retrieved from /opt/airflow/dags/ingestion_dag.py
[2025-12-28T13:34:05.756+0700] {logging_mixin.py:188} INFO - [2025-12-28T13:34:05.755+0700] {dag.py:3096} INFO - Sync 1 DAGs
[2025-12-28T13:34:05.797+0700] {logging_mixin.py:188} INFO - [2025-12-28T13:34:05.797+0700] {dag.py:3954} INFO - Setting next_dagrun for flight_ingestion_v2 to 2025-12-27 17:00:00+00:00, run_after=2025-12-28 17:00:00+00:00
[2025-12-28T13:34:05.842+0700] {processor.py:183} INFO - Processing /opt/airflow/dags/ingestion_dag.py took 1.196 seconds
[2025-12-28T13:34:36.325+0700] {processor.py:161} INFO - Started process (PID=787) to work on /opt/airflow/dags/ingestion_dag.py
[2025-12-28T13:34:36.329+0700] {processor.py:830} INFO - Processing file /opt/airflow/dags/ingestion_dag.py for tasks to queue
[2025-12-28T13:34:36.338+0700] {logging_mixin.py:188} INFO - [2025-12-28T13:34:36.336+0700] {dagbag.py:545} INFO - Filling up the DagBag from /opt/airflow/dags/ingestion_dag.py
[2025-12-28T13:34:37.399+0700] {processor.py:840} INFO - DAG(s) 'flight_ingestion_v2' retrieved from /opt/airflow/dags/ingestion_dag.py
[2025-12-28T13:34:37.447+0700] {logging_mixin.py:188} INFO - [2025-12-28T13:34:37.446+0700] {dag.py:3096} INFO - Sync 1 DAGs
[2025-12-28T13:34:37.490+0700] {logging_mixin.py:188} INFO - [2025-12-28T13:34:37.489+0700] {dag.py:3954} INFO - Setting next_dagrun for flight_ingestion_v2 to 2025-12-27 17:00:00+00:00, run_after=2025-12-28 17:00:00+00:00
[2025-12-28T13:34:37.531+0700] {processor.py:183} INFO - Processing /opt/airflow/dags/ingestion_dag.py took 1.235 seconds
[2025-12-28T13:35:07.712+0700] {processor.py:161} INFO - Started process (PID=793) to work on /opt/airflow/dags/ingestion_dag.py
[2025-12-28T13:35:07.724+0700] {processor.py:830} INFO - Processing file /opt/airflow/dags/ingestion_dag.py for tasks to queue
[2025-12-28T13:35:07.734+0700] {logging_mixin.py:188} INFO - [2025-12-28T13:35:07.732+0700] {dagbag.py:545} INFO - Filling up the DagBag from /opt/airflow/dags/ingestion_dag.py
[2025-12-28T13:35:08.872+0700] {processor.py:840} INFO - DAG(s) 'flight_ingestion_v2' retrieved from /opt/airflow/dags/ingestion_dag.py
[2025-12-28T13:35:08.919+0700] {logging_mixin.py:188} INFO - [2025-12-28T13:35:08.911+0700] {dag.py:3096} INFO - Sync 1 DAGs
[2025-12-28T13:35:08.963+0700] {logging_mixin.py:188} INFO - [2025-12-28T13:35:08.962+0700] {dag.py:3954} INFO - Setting next_dagrun for flight_ingestion_v2 to 2025-12-27 17:00:00+00:00, run_after=2025-12-28 17:00:00+00:00
[2025-12-28T13:35:08.998+0700] {processor.py:183} INFO - Processing /opt/airflow/dags/ingestion_dag.py took 1.318 seconds
[2025-12-28T13:35:39.260+0700] {processor.py:161} INFO - Started process (PID=799) to work on /opt/airflow/dags/ingestion_dag.py
[2025-12-28T13:35:39.262+0700] {processor.py:830} INFO - Processing file /opt/airflow/dags/ingestion_dag.py for tasks to queue
[2025-12-28T13:35:39.267+0700] {logging_mixin.py:188} INFO - [2025-12-28T13:35:39.266+0700] {dagbag.py:545} INFO - Filling up the DagBag from /opt/airflow/dags/ingestion_dag.py
[2025-12-28T13:35:40.392+0700] {processor.py:840} INFO - DAG(s) 'flight_ingestion_v2' retrieved from /opt/airflow/dags/ingestion_dag.py
[2025-12-28T13:35:40.436+0700] {logging_mixin.py:188} INFO - [2025-12-28T13:35:40.435+0700] {dag.py:3096} INFO - Sync 1 DAGs
[2025-12-28T13:35:40.479+0700] {logging_mixin.py:188} INFO - [2025-12-28T13:35:40.479+0700] {dag.py:3954} INFO - Setting next_dagrun for flight_ingestion_v2 to 2025-12-27 17:00:00+00:00, run_after=2025-12-28 17:00:00+00:00
[2025-12-28T13:35:40.520+0700] {processor.py:183} INFO - Processing /opt/airflow/dags/ingestion_dag.py took 1.277 seconds
[2025-12-28T13:36:10.641+0700] {processor.py:161} INFO - Started process (PID=805) to work on /opt/airflow/dags/ingestion_dag.py
[2025-12-28T13:36:10.643+0700] {processor.py:830} INFO - Processing file /opt/airflow/dags/ingestion_dag.py for tasks to queue
[2025-12-28T13:36:10.647+0700] {logging_mixin.py:188} INFO - [2025-12-28T13:36:10.646+0700] {dagbag.py:545} INFO - Filling up the DagBag from /opt/airflow/dags/ingestion_dag.py
[2025-12-28T13:36:11.800+0700] {processor.py:840} INFO - DAG(s) 'flight_ingestion_v2' retrieved from /opt/airflow/dags/ingestion_dag.py
[2025-12-28T13:36:11.853+0700] {logging_mixin.py:188} INFO - [2025-12-28T13:36:11.852+0700] {dag.py:3096} INFO - Sync 1 DAGs
[2025-12-28T13:36:11.898+0700] {logging_mixin.py:188} INFO - [2025-12-28T13:36:11.897+0700] {dag.py:3954} INFO - Setting next_dagrun for flight_ingestion_v2 to 2025-12-27 17:00:00+00:00, run_after=2025-12-28 17:00:00+00:00
[2025-12-28T13:36:11.954+0700] {processor.py:183} INFO - Processing /opt/airflow/dags/ingestion_dag.py took 1.325 seconds
[2025-12-28T13:36:42.347+0700] {processor.py:161} INFO - Started process (PID=811) to work on /opt/airflow/dags/ingestion_dag.py
[2025-12-28T13:36:42.352+0700] {processor.py:830} INFO - Processing file /opt/airflow/dags/ingestion_dag.py for tasks to queue
[2025-12-28T13:36:42.365+0700] {logging_mixin.py:188} INFO - [2025-12-28T13:36:42.364+0700] {dagbag.py:545} INFO - Filling up the DagBag from /opt/airflow/dags/ingestion_dag.py
[2025-12-28T13:36:43.424+0700] {processor.py:840} INFO - DAG(s) 'flight_ingestion_v2' retrieved from /opt/airflow/dags/ingestion_dag.py
[2025-12-28T13:36:43.465+0700] {logging_mixin.py:188} INFO - [2025-12-28T13:36:43.464+0700] {dag.py:3096} INFO - Sync 1 DAGs
[2025-12-28T13:36:43.506+0700] {logging_mixin.py:188} INFO - [2025-12-28T13:36:43.506+0700] {dag.py:3954} INFO - Setting next_dagrun for flight_ingestion_v2 to 2025-12-27 17:00:00+00:00, run_after=2025-12-28 17:00:00+00:00
[2025-12-28T13:36:43.541+0700] {processor.py:183} INFO - Processing /opt/airflow/dags/ingestion_dag.py took 1.214 seconds
[2025-12-28T13:37:13.813+0700] {processor.py:161} INFO - Started process (PID=817) to work on /opt/airflow/dags/ingestion_dag.py
[2025-12-28T13:37:13.825+0700] {processor.py:830} INFO - Processing file /opt/airflow/dags/ingestion_dag.py for tasks to queue
[2025-12-28T13:37:13.839+0700] {logging_mixin.py:188} INFO - [2025-12-28T13:37:13.837+0700] {dagbag.py:545} INFO - Filling up the DagBag from /opt/airflow/dags/ingestion_dag.py
[2025-12-28T13:37:15.042+0700] {processor.py:840} INFO - DAG(s) 'flight_ingestion_v2' retrieved from /opt/airflow/dags/ingestion_dag.py
[2025-12-28T13:37:15.083+0700] {logging_mixin.py:188} INFO - [2025-12-28T13:37:15.083+0700] {dag.py:3096} INFO - Sync 1 DAGs
[2025-12-28T13:37:15.124+0700] {logging_mixin.py:188} INFO - [2025-12-28T13:37:15.124+0700] {dag.py:3954} INFO - Setting next_dagrun for flight_ingestion_v2 to 2025-12-27 17:00:00+00:00, run_after=2025-12-28 17:00:00+00:00
[2025-12-28T13:37:15.161+0700] {processor.py:183} INFO - Processing /opt/airflow/dags/ingestion_dag.py took 1.384 seconds
[2025-12-28T13:37:45.339+0700] {processor.py:161} INFO - Started process (PID=823) to work on /opt/airflow/dags/ingestion_dag.py
[2025-12-28T13:37:45.345+0700] {processor.py:830} INFO - Processing file /opt/airflow/dags/ingestion_dag.py for tasks to queue
[2025-12-28T13:37:45.357+0700] {logging_mixin.py:188} INFO - [2025-12-28T13:37:45.354+0700] {dagbag.py:545} INFO - Filling up the DagBag from /opt/airflow/dags/ingestion_dag.py
[2025-12-28T13:37:46.489+0700] {processor.py:840} INFO - DAG(s) 'flight_ingestion_v2' retrieved from /opt/airflow/dags/ingestion_dag.py
[2025-12-28T13:37:46.530+0700] {logging_mixin.py:188} INFO - [2025-12-28T13:37:46.529+0700] {dag.py:3096} INFO - Sync 1 DAGs
[2025-12-28T13:37:46.574+0700] {logging_mixin.py:188} INFO - [2025-12-28T13:37:46.574+0700] {dag.py:3954} INFO - Setting next_dagrun for flight_ingestion_v2 to 2025-12-27 17:00:00+00:00, run_after=2025-12-28 17:00:00+00:00
[2025-12-28T13:37:46.617+0700] {processor.py:183} INFO - Processing /opt/airflow/dags/ingestion_dag.py took 1.314 seconds
[2025-12-28T13:38:16.905+0700] {processor.py:161} INFO - Started process (PID=829) to work on /opt/airflow/dags/ingestion_dag.py
[2025-12-28T13:38:16.912+0700] {processor.py:830} INFO - Processing file /opt/airflow/dags/ingestion_dag.py for tasks to queue
[2025-12-28T13:38:16.926+0700] {logging_mixin.py:188} INFO - [2025-12-28T13:38:16.923+0700] {dagbag.py:545} INFO - Filling up the DagBag from /opt/airflow/dags/ingestion_dag.py
[2025-12-28T13:38:18.427+0700] {processor.py:840} INFO - DAG(s) 'flight_ingestion_v2' retrieved from /opt/airflow/dags/ingestion_dag.py
[2025-12-28T13:38:18.471+0700] {logging_mixin.py:188} INFO - [2025-12-28T13:38:18.470+0700] {dag.py:3096} INFO - Sync 1 DAGs
[2025-12-28T13:38:18.519+0700] {logging_mixin.py:188} INFO - [2025-12-28T13:38:18.519+0700] {dag.py:3954} INFO - Setting next_dagrun for flight_ingestion_v2 to 2025-12-27 17:00:00+00:00, run_after=2025-12-28 17:00:00+00:00
[2025-12-28T13:38:18.564+0700] {processor.py:183} INFO - Processing /opt/airflow/dags/ingestion_dag.py took 1.695 seconds
[2025-12-28T13:38:48.644+0700] {processor.py:161} INFO - Started process (PID=835) to work on /opt/airflow/dags/ingestion_dag.py
[2025-12-28T13:38:48.646+0700] {processor.py:830} INFO - Processing file /opt/airflow/dags/ingestion_dag.py for tasks to queue
[2025-12-28T13:38:48.651+0700] {logging_mixin.py:188} INFO - [2025-12-28T13:38:48.650+0700] {dagbag.py:545} INFO - Filling up the DagBag from /opt/airflow/dags/ingestion_dag.py
[2025-12-28T13:38:50.011+0700] {processor.py:840} INFO - DAG(s) 'flight_ingestion_v2' retrieved from /opt/airflow/dags/ingestion_dag.py
[2025-12-28T13:38:50.053+0700] {logging_mixin.py:188} INFO - [2025-12-28T13:38:50.052+0700] {dag.py:3096} INFO - Sync 1 DAGs
[2025-12-28T13:38:50.098+0700] {logging_mixin.py:188} INFO - [2025-12-28T13:38:50.097+0700] {dag.py:3954} INFO - Setting next_dagrun for flight_ingestion_v2 to 2025-12-27 17:00:00+00:00, run_after=2025-12-28 17:00:00+00:00
[2025-12-28T13:38:50.186+0700] {processor.py:183} INFO - Processing /opt/airflow/dags/ingestion_dag.py took 1.557 seconds
[2025-12-28T13:39:20.314+0700] {processor.py:161} INFO - Started process (PID=841) to work on /opt/airflow/dags/ingestion_dag.py
[2025-12-28T13:39:20.318+0700] {processor.py:830} INFO - Processing file /opt/airflow/dags/ingestion_dag.py for tasks to queue
[2025-12-28T13:39:20.331+0700] {logging_mixin.py:188} INFO - [2025-12-28T13:39:20.329+0700] {dagbag.py:545} INFO - Filling up the DagBag from /opt/airflow/dags/ingestion_dag.py
[2025-12-28T13:39:21.398+0700] {processor.py:840} INFO - DAG(s) 'flight_ingestion_v2' retrieved from /opt/airflow/dags/ingestion_dag.py
[2025-12-28T13:39:21.440+0700] {logging_mixin.py:188} INFO - [2025-12-28T13:39:21.440+0700] {dag.py:3096} INFO - Sync 1 DAGs
[2025-12-28T13:39:21.481+0700] {logging_mixin.py:188} INFO - [2025-12-28T13:39:21.480+0700] {dag.py:3954} INFO - Setting next_dagrun for flight_ingestion_v2 to 2025-12-27 17:00:00+00:00, run_after=2025-12-28 17:00:00+00:00
[2025-12-28T13:39:21.521+0700] {processor.py:183} INFO - Processing /opt/airflow/dags/ingestion_dag.py took 1.235 seconds
[2025-12-28T13:39:51.911+0700] {processor.py:161} INFO - Started process (PID=847) to work on /opt/airflow/dags/ingestion_dag.py
[2025-12-28T13:39:51.913+0700] {processor.py:830} INFO - Processing file /opt/airflow/dags/ingestion_dag.py for tasks to queue
[2025-12-28T13:39:51.916+0700] {logging_mixin.py:188} INFO - [2025-12-28T13:39:51.916+0700] {dagbag.py:545} INFO - Filling up the DagBag from /opt/airflow/dags/ingestion_dag.py
[2025-12-28T13:39:52.970+0700] {processor.py:840} INFO - DAG(s) 'flight_ingestion_v2' retrieved from /opt/airflow/dags/ingestion_dag.py
[2025-12-28T13:39:53.011+0700] {logging_mixin.py:188} INFO - [2025-12-28T13:39:53.010+0700] {dag.py:3096} INFO - Sync 1 DAGs
[2025-12-28T13:39:53.051+0700] {logging_mixin.py:188} INFO - [2025-12-28T13:39:53.051+0700] {dag.py:3954} INFO - Setting next_dagrun for flight_ingestion_v2 to 2025-12-27 17:00:00+00:00, run_after=2025-12-28 17:00:00+00:00
[2025-12-28T13:39:53.091+0700] {processor.py:183} INFO - Processing /opt/airflow/dags/ingestion_dag.py took 1.194 seconds
[2025-12-28T13:40:23.304+0700] {processor.py:161} INFO - Started process (PID=853) to work on /opt/airflow/dags/ingestion_dag.py
[2025-12-28T13:40:23.309+0700] {processor.py:830} INFO - Processing file /opt/airflow/dags/ingestion_dag.py for tasks to queue
[2025-12-28T13:40:23.322+0700] {logging_mixin.py:188} INFO - [2025-12-28T13:40:23.320+0700] {dagbag.py:545} INFO - Filling up the DagBag from /opt/airflow/dags/ingestion_dag.py
[2025-12-28T13:40:24.561+0700] {processor.py:840} INFO - DAG(s) 'flight_ingestion_v2' retrieved from /opt/airflow/dags/ingestion_dag.py
[2025-12-28T13:40:24.605+0700] {logging_mixin.py:188} INFO - [2025-12-28T13:40:24.604+0700] {dag.py:3096} INFO - Sync 1 DAGs
[2025-12-28T13:40:24.658+0700] {logging_mixin.py:188} INFO - [2025-12-28T13:40:24.658+0700] {dag.py:3954} INFO - Setting next_dagrun for flight_ingestion_v2 to 2025-12-27 17:00:00+00:00, run_after=2025-12-28 17:00:00+00:00
[2025-12-28T13:40:24.705+0700] {processor.py:183} INFO - Processing /opt/airflow/dags/ingestion_dag.py took 1.445 seconds
[2025-12-28T13:40:54.985+0700] {processor.py:161} INFO - Started process (PID=859) to work on /opt/airflow/dags/ingestion_dag.py
[2025-12-28T13:40:54.989+0700] {processor.py:830} INFO - Processing file /opt/airflow/dags/ingestion_dag.py for tasks to queue
[2025-12-28T13:40:55.000+0700] {logging_mixin.py:188} INFO - [2025-12-28T13:40:54.998+0700] {dagbag.py:545} INFO - Filling up the DagBag from /opt/airflow/dags/ingestion_dag.py
[2025-12-28T13:40:56.104+0700] {processor.py:840} INFO - DAG(s) 'flight_ingestion_v2' retrieved from /opt/airflow/dags/ingestion_dag.py
[2025-12-28T13:40:56.149+0700] {logging_mixin.py:188} INFO - [2025-12-28T13:40:56.148+0700] {dag.py:3096} INFO - Sync 1 DAGs
[2025-12-28T13:40:56.192+0700] {logging_mixin.py:188} INFO - [2025-12-28T13:40:56.191+0700] {dag.py:3954} INFO - Setting next_dagrun for flight_ingestion_v2 to 2025-12-27 17:00:00+00:00, run_after=2025-12-28 17:00:00+00:00
[2025-12-28T13:40:56.226+0700] {processor.py:183} INFO - Processing /opt/airflow/dags/ingestion_dag.py took 1.273 seconds
[2025-12-28T13:41:26.497+0700] {processor.py:161} INFO - Started process (PID=865) to work on /opt/airflow/dags/ingestion_dag.py
[2025-12-28T13:41:26.503+0700] {processor.py:830} INFO - Processing file /opt/airflow/dags/ingestion_dag.py for tasks to queue
[2025-12-28T13:41:26.515+0700] {logging_mixin.py:188} INFO - [2025-12-28T13:41:26.513+0700] {dagbag.py:545} INFO - Filling up the DagBag from /opt/airflow/dags/ingestion_dag.py
[2025-12-28T13:41:27.812+0700] {processor.py:840} INFO - DAG(s) 'flight_ingestion_v2' retrieved from /opt/airflow/dags/ingestion_dag.py
[2025-12-28T13:41:27.852+0700] {logging_mixin.py:188} INFO - [2025-12-28T13:41:27.851+0700] {dag.py:3096} INFO - Sync 1 DAGs
[2025-12-28T13:41:27.895+0700] {logging_mixin.py:188} INFO - [2025-12-28T13:41:27.895+0700] {dag.py:3954} INFO - Setting next_dagrun for flight_ingestion_v2 to 2025-12-27 17:00:00+00:00, run_after=2025-12-28 17:00:00+00:00
[2025-12-28T13:41:27.934+0700] {processor.py:183} INFO - Processing /opt/airflow/dags/ingestion_dag.py took 1.468 seconds
[2025-12-28T13:41:58.148+0700] {processor.py:161} INFO - Started process (PID=871) to work on /opt/airflow/dags/ingestion_dag.py
[2025-12-28T13:41:58.153+0700] {processor.py:830} INFO - Processing file /opt/airflow/dags/ingestion_dag.py for tasks to queue
[2025-12-28T13:41:58.165+0700] {logging_mixin.py:188} INFO - [2025-12-28T13:41:58.161+0700] {dagbag.py:545} INFO - Filling up the DagBag from /opt/airflow/dags/ingestion_dag.py
[2025-12-28T13:41:59.534+0700] {processor.py:840} INFO - DAG(s) 'flight_ingestion_v2' retrieved from /opt/airflow/dags/ingestion_dag.py
[2025-12-28T13:41:59.591+0700] {logging_mixin.py:188} INFO - [2025-12-28T13:41:59.590+0700] {dag.py:3096} INFO - Sync 1 DAGs
[2025-12-28T13:41:59.648+0700] {logging_mixin.py:188} INFO - [2025-12-28T13:41:59.647+0700] {dag.py:3954} INFO - Setting next_dagrun for flight_ingestion_v2 to 2025-12-27 17:00:00+00:00, run_after=2025-12-28 17:00:00+00:00
[2025-12-28T13:41:59.694+0700] {processor.py:183} INFO - Processing /opt/airflow/dags/ingestion_dag.py took 1.579 seconds
[2025-12-28T13:42:30.125+0700] {processor.py:161} INFO - Started process (PID=877) to work on /opt/airflow/dags/ingestion_dag.py
[2025-12-28T13:42:30.129+0700] {processor.py:830} INFO - Processing file /opt/airflow/dags/ingestion_dag.py for tasks to queue
[2025-12-28T13:42:30.144+0700] {logging_mixin.py:188} INFO - [2025-12-28T13:42:30.142+0700] {dagbag.py:545} INFO - Filling up the DagBag from /opt/airflow/dags/ingestion_dag.py
[2025-12-28T13:42:31.252+0700] {processor.py:840} INFO - DAG(s) 'flight_ingestion_v2' retrieved from /opt/airflow/dags/ingestion_dag.py
[2025-12-28T13:42:31.300+0700] {logging_mixin.py:188} INFO - [2025-12-28T13:42:31.299+0700] {dag.py:3096} INFO - Sync 1 DAGs
[2025-12-28T13:42:31.344+0700] {logging_mixin.py:188} INFO - [2025-12-28T13:42:31.343+0700] {dag.py:3954} INFO - Setting next_dagrun for flight_ingestion_v2 to 2025-12-27 17:00:00+00:00, run_after=2025-12-28 17:00:00+00:00
[2025-12-28T13:42:31.383+0700] {processor.py:183} INFO - Processing /opt/airflow/dags/ingestion_dag.py took 1.288 seconds
[2025-12-28T13:43:01.646+0700] {processor.py:161} INFO - Started process (PID=883) to work on /opt/airflow/dags/ingestion_dag.py
[2025-12-28T13:43:01.652+0700] {processor.py:830} INFO - Processing file /opt/airflow/dags/ingestion_dag.py for tasks to queue
[2025-12-28T13:43:01.667+0700] {logging_mixin.py:188} INFO - [2025-12-28T13:43:01.664+0700] {dagbag.py:545} INFO - Filling up the DagBag from /opt/airflow/dags/ingestion_dag.py
[2025-12-28T13:43:02.863+0700] {processor.py:840} INFO - DAG(s) 'flight_ingestion_v2' retrieved from /opt/airflow/dags/ingestion_dag.py
[2025-12-28T13:43:02.902+0700] {logging_mixin.py:188} INFO - [2025-12-28T13:43:02.901+0700] {dag.py:3096} INFO - Sync 1 DAGs
[2025-12-28T13:43:02.942+0700] {logging_mixin.py:188} INFO - [2025-12-28T13:43:02.941+0700] {dag.py:3954} INFO - Setting next_dagrun for flight_ingestion_v2 to 2025-12-27 17:00:00+00:00, run_after=2025-12-28 17:00:00+00:00
[2025-12-28T13:43:02.982+0700] {processor.py:183} INFO - Processing /opt/airflow/dags/ingestion_dag.py took 1.387 seconds
[2025-12-28T13:43:33.237+0700] {processor.py:161} INFO - Started process (PID=889) to work on /opt/airflow/dags/ingestion_dag.py
[2025-12-28T13:43:33.242+0700] {processor.py:830} INFO - Processing file /opt/airflow/dags/ingestion_dag.py for tasks to queue
[2025-12-28T13:43:33.253+0700] {logging_mixin.py:188} INFO - [2025-12-28T13:43:33.251+0700] {dagbag.py:545} INFO - Filling up the DagBag from /opt/airflow/dags/ingestion_dag.py
[2025-12-28T13:43:34.332+0700] {processor.py:840} INFO - DAG(s) 'flight_ingestion_v2' retrieved from /opt/airflow/dags/ingestion_dag.py
[2025-12-28T13:43:34.374+0700] {logging_mixin.py:188} INFO - [2025-12-28T13:43:34.372+0700] {dag.py:3096} INFO - Sync 1 DAGs
[2025-12-28T13:43:34.415+0700] {logging_mixin.py:188} INFO - [2025-12-28T13:43:34.415+0700] {dag.py:3954} INFO - Setting next_dagrun for flight_ingestion_v2 to 2025-12-27 17:00:00+00:00, run_after=2025-12-28 17:00:00+00:00
[2025-12-28T13:43:34.455+0700] {processor.py:183} INFO - Processing /opt/airflow/dags/ingestion_dag.py took 1.249 seconds
[2025-12-28T13:44:04.841+0700] {processor.py:161} INFO - Started process (PID=895) to work on /opt/airflow/dags/ingestion_dag.py
[2025-12-28T13:44:04.847+0700] {processor.py:830} INFO - Processing file /opt/airflow/dags/ingestion_dag.py for tasks to queue
[2025-12-28T13:44:04.859+0700] {logging_mixin.py:188} INFO - [2025-12-28T13:44:04.856+0700] {dagbag.py:545} INFO - Filling up the DagBag from /opt/airflow/dags/ingestion_dag.py
[2025-12-28T13:44:06.073+0700] {processor.py:840} INFO - DAG(s) 'flight_ingestion_v2' retrieved from /opt/airflow/dags/ingestion_dag.py
[2025-12-28T13:44:06.114+0700] {logging_mixin.py:188} INFO - [2025-12-28T13:44:06.113+0700] {dag.py:3096} INFO - Sync 1 DAGs
[2025-12-28T13:44:06.165+0700] {logging_mixin.py:188} INFO - [2025-12-28T13:44:06.164+0700] {dag.py:3954} INFO - Setting next_dagrun for flight_ingestion_v2 to 2025-12-27 17:00:00+00:00, run_after=2025-12-28 17:00:00+00:00
[2025-12-28T13:44:06.205+0700] {processor.py:183} INFO - Processing /opt/airflow/dags/ingestion_dag.py took 1.399 seconds
[2025-12-28T13:44:36.723+0700] {processor.py:161} INFO - Started process (PID=901) to work on /opt/airflow/dags/ingestion_dag.py
[2025-12-28T13:44:36.728+0700] {processor.py:830} INFO - Processing file /opt/airflow/dags/ingestion_dag.py for tasks to queue
[2025-12-28T13:44:36.742+0700] {logging_mixin.py:188} INFO - [2025-12-28T13:44:36.740+0700] {dagbag.py:545} INFO - Filling up the DagBag from /opt/airflow/dags/ingestion_dag.py
[2025-12-28T13:44:38.011+0700] {processor.py:840} INFO - DAG(s) 'flight_ingestion_v2' retrieved from /opt/airflow/dags/ingestion_dag.py
[2025-12-28T13:44:38.055+0700] {logging_mixin.py:188} INFO - [2025-12-28T13:44:38.054+0700] {dag.py:3096} INFO - Sync 1 DAGs
[2025-12-28T13:44:38.096+0700] {logging_mixin.py:188} INFO - [2025-12-28T13:44:38.095+0700] {dag.py:3954} INFO - Setting next_dagrun for flight_ingestion_v2 to 2025-12-27 17:00:00+00:00, run_after=2025-12-28 17:00:00+00:00
[2025-12-28T13:44:38.135+0700] {processor.py:183} INFO - Processing /opt/airflow/dags/ingestion_dag.py took 1.451 seconds
[2025-12-28T13:45:08.578+0700] {processor.py:161} INFO - Started process (PID=907) to work on /opt/airflow/dags/ingestion_dag.py
[2025-12-28T13:45:08.584+0700] {processor.py:830} INFO - Processing file /opt/airflow/dags/ingestion_dag.py for tasks to queue
[2025-12-28T13:45:08.593+0700] {logging_mixin.py:188} INFO - [2025-12-28T13:45:08.591+0700] {dagbag.py:545} INFO - Filling up the DagBag from /opt/airflow/dags/ingestion_dag.py
[2025-12-28T13:45:10.021+0700] {processor.py:840} INFO - DAG(s) 'flight_ingestion_v2' retrieved from /opt/airflow/dags/ingestion_dag.py
[2025-12-28T13:45:10.063+0700] {logging_mixin.py:188} INFO - [2025-12-28T13:45:10.063+0700] {dag.py:3096} INFO - Sync 1 DAGs
[2025-12-28T13:45:10.117+0700] {logging_mixin.py:188} INFO - [2025-12-28T13:45:10.116+0700] {dag.py:3954} INFO - Setting next_dagrun for flight_ingestion_v2 to 2025-12-27 17:00:00+00:00, run_after=2025-12-28 17:00:00+00:00
[2025-12-28T13:45:10.209+0700] {processor.py:183} INFO - Processing /opt/airflow/dags/ingestion_dag.py took 1.672 seconds
[2025-12-28T13:45:40.427+0700] {processor.py:161} INFO - Started process (PID=913) to work on /opt/airflow/dags/ingestion_dag.py
[2025-12-28T13:45:40.432+0700] {processor.py:830} INFO - Processing file /opt/airflow/dags/ingestion_dag.py for tasks to queue
[2025-12-28T13:45:40.443+0700] {logging_mixin.py:188} INFO - [2025-12-28T13:45:40.441+0700] {dagbag.py:545} INFO - Filling up the DagBag from /opt/airflow/dags/ingestion_dag.py
[2025-12-28T13:45:41.749+0700] {processor.py:840} INFO - DAG(s) 'flight_ingestion_v2' retrieved from /opt/airflow/dags/ingestion_dag.py
[2025-12-28T13:45:41.803+0700] {logging_mixin.py:188} INFO - [2025-12-28T13:45:41.802+0700] {dag.py:3096} INFO - Sync 1 DAGs
[2025-12-28T13:45:41.864+0700] {logging_mixin.py:188} INFO - [2025-12-28T13:45:41.864+0700] {dag.py:3954} INFO - Setting next_dagrun for flight_ingestion_v2 to 2025-12-27 17:00:00+00:00, run_after=2025-12-28 17:00:00+00:00
[2025-12-28T13:45:41.913+0700] {processor.py:183} INFO - Processing /opt/airflow/dags/ingestion_dag.py took 1.522 seconds
[2025-12-28T13:46:12.364+0700] {processor.py:161} INFO - Started process (PID=919) to work on /opt/airflow/dags/ingestion_dag.py
[2025-12-28T13:46:12.371+0700] {processor.py:830} INFO - Processing file /opt/airflow/dags/ingestion_dag.py for tasks to queue
[2025-12-28T13:46:12.396+0700] {logging_mixin.py:188} INFO - [2025-12-28T13:46:12.388+0700] {dagbag.py:545} INFO - Filling up the DagBag from /opt/airflow/dags/ingestion_dag.py
[2025-12-28T13:46:13.583+0700] {processor.py:840} INFO - DAG(s) 'flight_ingestion_v2' retrieved from /opt/airflow/dags/ingestion_dag.py
[2025-12-28T13:46:13.627+0700] {logging_mixin.py:188} INFO - [2025-12-28T13:46:13.626+0700] {dag.py:3096} INFO - Sync 1 DAGs
[2025-12-28T13:46:13.673+0700] {logging_mixin.py:188} INFO - [2025-12-28T13:46:13.673+0700] {dag.py:3954} INFO - Setting next_dagrun for flight_ingestion_v2 to 2025-12-27 17:00:00+00:00, run_after=2025-12-28 17:00:00+00:00
[2025-12-28T13:46:13.721+0700] {processor.py:183} INFO - Processing /opt/airflow/dags/ingestion_dag.py took 1.407 seconds
[2025-12-28T13:46:44.088+0700] {processor.py:161} INFO - Started process (PID=925) to work on /opt/airflow/dags/ingestion_dag.py
[2025-12-28T13:46:44.093+0700] {processor.py:830} INFO - Processing file /opt/airflow/dags/ingestion_dag.py for tasks to queue
[2025-12-28T13:46:44.102+0700] {logging_mixin.py:188} INFO - [2025-12-28T13:46:44.101+0700] {dagbag.py:545} INFO - Filling up the DagBag from /opt/airflow/dags/ingestion_dag.py
[2025-12-28T13:46:45.234+0700] {processor.py:840} INFO - DAG(s) 'flight_ingestion_v2' retrieved from /opt/airflow/dags/ingestion_dag.py
[2025-12-28T13:46:45.275+0700] {logging_mixin.py:188} INFO - [2025-12-28T13:46:45.274+0700] {dag.py:3096} INFO - Sync 1 DAGs
[2025-12-28T13:46:45.317+0700] {logging_mixin.py:188} INFO - [2025-12-28T13:46:45.317+0700] {dag.py:3954} INFO - Setting next_dagrun for flight_ingestion_v2 to 2025-12-27 17:00:00+00:00, run_after=2025-12-28 17:00:00+00:00
[2025-12-28T13:46:45.358+0700] {processor.py:183} INFO - Processing /opt/airflow/dags/ingestion_dag.py took 1.303 seconds
[2025-12-28T13:47:15.484+0700] {processor.py:161} INFO - Started process (PID=931) to work on /opt/airflow/dags/ingestion_dag.py
[2025-12-28T13:47:15.489+0700] {processor.py:830} INFO - Processing file /opt/airflow/dags/ingestion_dag.py for tasks to queue
[2025-12-28T13:47:15.501+0700] {logging_mixin.py:188} INFO - [2025-12-28T13:47:15.499+0700] {dagbag.py:545} INFO - Filling up the DagBag from /opt/airflow/dags/ingestion_dag.py
[2025-12-28T13:47:16.843+0700] {processor.py:840} INFO - DAG(s) 'flight_ingestion_v2' retrieved from /opt/airflow/dags/ingestion_dag.py
[2025-12-28T13:47:16.900+0700] {logging_mixin.py:188} INFO - [2025-12-28T13:47:16.898+0700] {dag.py:3096} INFO - Sync 1 DAGs
[2025-12-28T13:47:17.023+0700] {logging_mixin.py:188} INFO - [2025-12-28T13:47:17.022+0700] {dag.py:3954} INFO - Setting next_dagrun for flight_ingestion_v2 to 2025-12-27 17:00:00+00:00, run_after=2025-12-28 17:00:00+00:00
[2025-12-28T13:47:17.088+0700] {processor.py:183} INFO - Processing /opt/airflow/dags/ingestion_dag.py took 1.642 seconds
[2025-12-28T13:47:47.206+0700] {processor.py:161} INFO - Started process (PID=937) to work on /opt/airflow/dags/ingestion_dag.py
[2025-12-28T13:47:47.210+0700] {processor.py:830} INFO - Processing file /opt/airflow/dags/ingestion_dag.py for tasks to queue
[2025-12-28T13:47:47.218+0700] {logging_mixin.py:188} INFO - [2025-12-28T13:47:47.217+0700] {dagbag.py:545} INFO - Filling up the DagBag from /opt/airflow/dags/ingestion_dag.py
[2025-12-28T13:47:48.328+0700] {processor.py:840} INFO - DAG(s) 'flight_ingestion_v2' retrieved from /opt/airflow/dags/ingestion_dag.py
[2025-12-28T13:47:48.374+0700] {logging_mixin.py:188} INFO - [2025-12-28T13:47:48.373+0700] {dag.py:3096} INFO - Sync 1 DAGs
[2025-12-28T13:47:48.417+0700] {logging_mixin.py:188} INFO - [2025-12-28T13:47:48.417+0700] {dag.py:3954} INFO - Setting next_dagrun for flight_ingestion_v2 to 2025-12-27 17:00:00+00:00, run_after=2025-12-28 17:00:00+00:00
[2025-12-28T13:47:48.460+0700] {processor.py:183} INFO - Processing /opt/airflow/dags/ingestion_dag.py took 1.274 seconds
[2025-12-28T13:48:18.800+0700] {processor.py:161} INFO - Started process (PID=943) to work on /opt/airflow/dags/ingestion_dag.py
[2025-12-28T13:48:18.802+0700] {processor.py:830} INFO - Processing file /opt/airflow/dags/ingestion_dag.py for tasks to queue
[2025-12-28T13:48:18.806+0700] {logging_mixin.py:188} INFO - [2025-12-28T13:48:18.805+0700] {dagbag.py:545} INFO - Filling up the DagBag from /opt/airflow/dags/ingestion_dag.py
[2025-12-28T13:48:20.116+0700] {processor.py:840} INFO - DAG(s) 'flight_ingestion_v2' retrieved from /opt/airflow/dags/ingestion_dag.py
[2025-12-28T13:48:20.156+0700] {logging_mixin.py:188} INFO - [2025-12-28T13:48:20.155+0700] {dag.py:3096} INFO - Sync 1 DAGs
[2025-12-28T13:48:20.197+0700] {logging_mixin.py:188} INFO - [2025-12-28T13:48:20.196+0700] {dag.py:3954} INFO - Setting next_dagrun for flight_ingestion_v2 to 2025-12-27 17:00:00+00:00, run_after=2025-12-28 17:00:00+00:00
[2025-12-28T13:48:20.235+0700] {processor.py:183} INFO - Processing /opt/airflow/dags/ingestion_dag.py took 1.448 seconds
[2025-12-28T13:48:50.661+0700] {processor.py:161} INFO - Started process (PID=949) to work on /opt/airflow/dags/ingestion_dag.py
[2025-12-28T13:48:50.666+0700] {processor.py:830} INFO - Processing file /opt/airflow/dags/ingestion_dag.py for tasks to queue
[2025-12-28T13:48:50.675+0700] {logging_mixin.py:188} INFO - [2025-12-28T13:48:50.673+0700] {dagbag.py:545} INFO - Filling up the DagBag from /opt/airflow/dags/ingestion_dag.py
[2025-12-28T13:48:52.001+0700] {processor.py:840} INFO - DAG(s) 'flight_ingestion_v2' retrieved from /opt/airflow/dags/ingestion_dag.py
[2025-12-28T13:48:52.045+0700] {logging_mixin.py:188} INFO - [2025-12-28T13:48:52.044+0700] {dag.py:3096} INFO - Sync 1 DAGs
[2025-12-28T13:48:52.090+0700] {logging_mixin.py:188} INFO - [2025-12-28T13:48:52.089+0700] {dag.py:3954} INFO - Setting next_dagrun for flight_ingestion_v2 to 2025-12-27 17:00:00+00:00, run_after=2025-12-28 17:00:00+00:00
[2025-12-28T13:48:52.132+0700] {processor.py:183} INFO - Processing /opt/airflow/dags/ingestion_dag.py took 1.498 seconds
[2025-12-28T13:49:22.585+0700] {processor.py:161} INFO - Started process (PID=955) to work on /opt/airflow/dags/ingestion_dag.py
[2025-12-28T13:49:22.593+0700] {processor.py:830} INFO - Processing file /opt/airflow/dags/ingestion_dag.py for tasks to queue
[2025-12-28T13:49:22.629+0700] {logging_mixin.py:188} INFO - [2025-12-28T13:49:22.624+0700] {dagbag.py:545} INFO - Filling up the DagBag from /opt/airflow/dags/ingestion_dag.py
[2025-12-28T13:49:23.979+0700] {processor.py:840} INFO - DAG(s) 'flight_ingestion_v2' retrieved from /opt/airflow/dags/ingestion_dag.py
[2025-12-28T13:49:24.025+0700] {logging_mixin.py:188} INFO - [2025-12-28T13:49:24.024+0700] {dag.py:3096} INFO - Sync 1 DAGs
[2025-12-28T13:49:24.068+0700] {logging_mixin.py:188} INFO - [2025-12-28T13:49:24.068+0700] {dag.py:3954} INFO - Setting next_dagrun for flight_ingestion_v2 to 2025-12-27 17:00:00+00:00, run_after=2025-12-28 17:00:00+00:00
[2025-12-28T13:49:24.104+0700] {processor.py:183} INFO - Processing /opt/airflow/dags/ingestion_dag.py took 1.567 seconds
[2025-12-28T13:49:54.475+0700] {processor.py:161} INFO - Started process (PID=961) to work on /opt/airflow/dags/ingestion_dag.py
[2025-12-28T13:49:54.478+0700] {processor.py:830} INFO - Processing file /opt/airflow/dags/ingestion_dag.py for tasks to queue
[2025-12-28T13:49:54.485+0700] {logging_mixin.py:188} INFO - [2025-12-28T13:49:54.484+0700] {dagbag.py:545} INFO - Filling up the DagBag from /opt/airflow/dags/ingestion_dag.py
[2025-12-28T13:49:55.696+0700] {processor.py:840} INFO - DAG(s) 'flight_ingestion_v2' retrieved from /opt/airflow/dags/ingestion_dag.py
[2025-12-28T13:49:55.739+0700] {logging_mixin.py:188} INFO - [2025-12-28T13:49:55.738+0700] {dag.py:3096} INFO - Sync 1 DAGs
[2025-12-28T13:49:55.784+0700] {logging_mixin.py:188} INFO - [2025-12-28T13:49:55.783+0700] {dag.py:3954} INFO - Setting next_dagrun for flight_ingestion_v2 to 2025-12-27 17:00:00+00:00, run_after=2025-12-28 17:00:00+00:00
[2025-12-28T13:49:55.827+0700] {processor.py:183} INFO - Processing /opt/airflow/dags/ingestion_dag.py took 1.371 seconds
[2025-12-28T13:50:26.157+0700] {processor.py:161} INFO - Started process (PID=967) to work on /opt/airflow/dags/ingestion_dag.py
[2025-12-28T13:50:26.162+0700] {processor.py:830} INFO - Processing file /opt/airflow/dags/ingestion_dag.py for tasks to queue
[2025-12-28T13:50:26.173+0700] {logging_mixin.py:188} INFO - [2025-12-28T13:50:26.171+0700] {dagbag.py:545} INFO - Filling up the DagBag from /opt/airflow/dags/ingestion_dag.py
[2025-12-28T13:50:27.283+0700] {processor.py:840} INFO - DAG(s) 'flight_ingestion_v2' retrieved from /opt/airflow/dags/ingestion_dag.py
[2025-12-28T13:50:27.324+0700] {logging_mixin.py:188} INFO - [2025-12-28T13:50:27.323+0700] {dag.py:3096} INFO - Sync 1 DAGs
[2025-12-28T13:50:27.363+0700] {logging_mixin.py:188} INFO - [2025-12-28T13:50:27.363+0700] {dag.py:3954} INFO - Setting next_dagrun for flight_ingestion_v2 to 2025-12-27 17:00:00+00:00, run_after=2025-12-28 17:00:00+00:00
[2025-12-28T13:50:27.396+0700] {processor.py:183} INFO - Processing /opt/airflow/dags/ingestion_dag.py took 1.271 seconds
[2025-12-28T13:50:57.784+0700] {processor.py:161} INFO - Started process (PID=973) to work on /opt/airflow/dags/ingestion_dag.py
[2025-12-28T13:50:57.789+0700] {processor.py:830} INFO - Processing file /opt/airflow/dags/ingestion_dag.py for tasks to queue
[2025-12-28T13:50:57.797+0700] {logging_mixin.py:188} INFO - [2025-12-28T13:50:57.796+0700] {dagbag.py:545} INFO - Filling up the DagBag from /opt/airflow/dags/ingestion_dag.py
[2025-12-28T13:50:58.880+0700] {processor.py:840} INFO - DAG(s) 'flight_ingestion_v2' retrieved from /opt/airflow/dags/ingestion_dag.py
[2025-12-28T13:50:58.921+0700] {logging_mixin.py:188} INFO - [2025-12-28T13:50:58.920+0700] {dag.py:3096} INFO - Sync 1 DAGs
[2025-12-28T13:50:58.963+0700] {logging_mixin.py:188} INFO - [2025-12-28T13:50:58.963+0700] {dag.py:3954} INFO - Setting next_dagrun for flight_ingestion_v2 to 2025-12-27 17:00:00+00:00, run_after=2025-12-28 17:00:00+00:00
[2025-12-28T13:50:59.005+0700] {processor.py:183} INFO - Processing /opt/airflow/dags/ingestion_dag.py took 1.248 seconds
[2025-12-28T13:51:29.131+0700] {processor.py:161} INFO - Started process (PID=979) to work on /opt/airflow/dags/ingestion_dag.py
[2025-12-28T13:51:29.136+0700] {processor.py:830} INFO - Processing file /opt/airflow/dags/ingestion_dag.py for tasks to queue
[2025-12-28T13:51:29.145+0700] {logging_mixin.py:188} INFO - [2025-12-28T13:51:29.143+0700] {dagbag.py:545} INFO - Filling up the DagBag from /opt/airflow/dags/ingestion_dag.py
[2025-12-28T13:51:30.498+0700] {processor.py:840} INFO - DAG(s) 'flight_ingestion_v2' retrieved from /opt/airflow/dags/ingestion_dag.py
[2025-12-28T13:51:30.537+0700] {logging_mixin.py:188} INFO - [2025-12-28T13:51:30.537+0700] {dag.py:3096} INFO - Sync 1 DAGs
[2025-12-28T13:51:30.581+0700] {logging_mixin.py:188} INFO - [2025-12-28T13:51:30.580+0700] {dag.py:3954} INFO - Setting next_dagrun for flight_ingestion_v2 to 2025-12-27 17:00:00+00:00, run_after=2025-12-28 17:00:00+00:00
[2025-12-28T13:51:30.620+0700] {processor.py:183} INFO - Processing /opt/airflow/dags/ingestion_dag.py took 1.520 seconds
[2025-12-28T13:52:00.814+0700] {processor.py:161} INFO - Started process (PID=985) to work on /opt/airflow/dags/ingestion_dag.py
[2025-12-28T13:52:00.821+0700] {processor.py:830} INFO - Processing file /opt/airflow/dags/ingestion_dag.py for tasks to queue
[2025-12-28T13:52:00.837+0700] {logging_mixin.py:188} INFO - [2025-12-28T13:52:00.834+0700] {dagbag.py:545} INFO - Filling up the DagBag from /opt/airflow/dags/ingestion_dag.py
[2025-12-28T13:52:02.185+0700] {processor.py:840} INFO - DAG(s) 'flight_ingestion_v2' retrieved from /opt/airflow/dags/ingestion_dag.py
[2025-12-28T13:52:02.225+0700] {logging_mixin.py:188} INFO - [2025-12-28T13:52:02.224+0700] {dag.py:3096} INFO - Sync 1 DAGs
[2025-12-28T13:52:02.267+0700] {logging_mixin.py:188} INFO - [2025-12-28T13:52:02.266+0700] {dag.py:3954} INFO - Setting next_dagrun for flight_ingestion_v2 to 2025-12-27 17:00:00+00:00, run_after=2025-12-28 17:00:00+00:00
[2025-12-28T13:52:02.321+0700] {processor.py:183} INFO - Processing /opt/airflow/dags/ingestion_dag.py took 1.543 seconds
[2025-12-28T13:52:32.413+0700] {processor.py:161} INFO - Started process (PID=991) to work on /opt/airflow/dags/ingestion_dag.py
[2025-12-28T13:52:32.416+0700] {processor.py:830} INFO - Processing file /opt/airflow/dags/ingestion_dag.py for tasks to queue
[2025-12-28T13:52:32.420+0700] {logging_mixin.py:188} INFO - [2025-12-28T13:52:32.419+0700] {dagbag.py:545} INFO - Filling up the DagBag from /opt/airflow/dags/ingestion_dag.py
[2025-12-28T13:52:33.535+0700] {processor.py:840} INFO - DAG(s) 'flight_ingestion_v2' retrieved from /opt/airflow/dags/ingestion_dag.py
[2025-12-28T13:52:33.589+0700] {logging_mixin.py:188} INFO - [2025-12-28T13:52:33.588+0700] {dag.py:3096} INFO - Sync 1 DAGs
[2025-12-28T13:52:33.638+0700] {logging_mixin.py:188} INFO - [2025-12-28T13:52:33.637+0700] {dag.py:3954} INFO - Setting next_dagrun for flight_ingestion_v2 to 2025-12-27 17:00:00+00:00, run_after=2025-12-28 17:00:00+00:00
[2025-12-28T13:52:33.685+0700] {processor.py:183} INFO - Processing /opt/airflow/dags/ingestion_dag.py took 1.286 seconds
[2025-12-28T13:53:03.988+0700] {processor.py:161} INFO - Started process (PID=997) to work on /opt/airflow/dags/ingestion_dag.py
[2025-12-28T13:53:03.994+0700] {processor.py:830} INFO - Processing file /opt/airflow/dags/ingestion_dag.py for tasks to queue
[2025-12-28T13:53:04.007+0700] {logging_mixin.py:188} INFO - [2025-12-28T13:53:04.005+0700] {dagbag.py:545} INFO - Filling up the DagBag from /opt/airflow/dags/ingestion_dag.py
[2025-12-28T13:53:05.307+0700] {processor.py:840} INFO - DAG(s) 'flight_ingestion_v2' retrieved from /opt/airflow/dags/ingestion_dag.py
[2025-12-28T13:53:05.348+0700] {logging_mixin.py:188} INFO - [2025-12-28T13:53:05.347+0700] {dag.py:3096} INFO - Sync 1 DAGs
[2025-12-28T13:53:05.392+0700] {logging_mixin.py:188} INFO - [2025-12-28T13:53:05.391+0700] {dag.py:3954} INFO - Setting next_dagrun for flight_ingestion_v2 to 2025-12-27 17:00:00+00:00, run_after=2025-12-28 17:00:00+00:00
[2025-12-28T13:53:05.433+0700] {processor.py:183} INFO - Processing /opt/airflow/dags/ingestion_dag.py took 1.481 seconds
[2025-12-28T13:53:35.862+0700] {processor.py:161} INFO - Started process (PID=1003) to work on /opt/airflow/dags/ingestion_dag.py
[2025-12-28T13:53:35.867+0700] {processor.py:830} INFO - Processing file /opt/airflow/dags/ingestion_dag.py for tasks to queue
[2025-12-28T13:53:35.876+0700] {logging_mixin.py:188} INFO - [2025-12-28T13:53:35.874+0700] {dagbag.py:545} INFO - Filling up the DagBag from /opt/airflow/dags/ingestion_dag.py
[2025-12-28T13:53:36.928+0700] {processor.py:840} INFO - DAG(s) 'flight_ingestion_v2' retrieved from /opt/airflow/dags/ingestion_dag.py
[2025-12-28T13:53:36.968+0700] {logging_mixin.py:188} INFO - [2025-12-28T13:53:36.968+0700] {dag.py:3096} INFO - Sync 1 DAGs
[2025-12-28T13:53:37.009+0700] {logging_mixin.py:188} INFO - [2025-12-28T13:53:37.009+0700] {dag.py:3954} INFO - Setting next_dagrun for flight_ingestion_v2 to 2025-12-27 17:00:00+00:00, run_after=2025-12-28 17:00:00+00:00
[2025-12-28T13:53:37.049+0700] {processor.py:183} INFO - Processing /opt/airflow/dags/ingestion_dag.py took 1.216 seconds
[2025-12-28T13:54:07.180+0700] {processor.py:161} INFO - Started process (PID=1009) to work on /opt/airflow/dags/ingestion_dag.py
[2025-12-28T13:54:07.184+0700] {processor.py:830} INFO - Processing file /opt/airflow/dags/ingestion_dag.py for tasks to queue
[2025-12-28T13:54:07.193+0700] {logging_mixin.py:188} INFO - [2025-12-28T13:54:07.192+0700] {dagbag.py:545} INFO - Filling up the DagBag from /opt/airflow/dags/ingestion_dag.py
[2025-12-28T13:54:08.284+0700] {processor.py:840} INFO - DAG(s) 'flight_ingestion_v2' retrieved from /opt/airflow/dags/ingestion_dag.py
[2025-12-28T13:54:08.324+0700] {logging_mixin.py:188} INFO - [2025-12-28T13:54:08.323+0700] {dag.py:3096} INFO - Sync 1 DAGs
[2025-12-28T13:54:08.364+0700] {logging_mixin.py:188} INFO - [2025-12-28T13:54:08.363+0700] {dag.py:3954} INFO - Setting next_dagrun for flight_ingestion_v2 to 2025-12-27 17:00:00+00:00, run_after=2025-12-28 17:00:00+00:00
[2025-12-28T13:54:08.405+0700] {processor.py:183} INFO - Processing /opt/airflow/dags/ingestion_dag.py took 1.254 seconds
[2025-12-28T13:54:38.824+0700] {processor.py:161} INFO - Started process (PID=1015) to work on /opt/airflow/dags/ingestion_dag.py
[2025-12-28T13:54:38.828+0700] {processor.py:830} INFO - Processing file /opt/airflow/dags/ingestion_dag.py for tasks to queue
[2025-12-28T13:54:38.840+0700] {logging_mixin.py:188} INFO - [2025-12-28T13:54:38.838+0700] {dagbag.py:545} INFO - Filling up the DagBag from /opt/airflow/dags/ingestion_dag.py
[2025-12-28T13:54:40.402+0700] {processor.py:840} INFO - DAG(s) 'flight_ingestion_v2' retrieved from /opt/airflow/dags/ingestion_dag.py
[2025-12-28T13:54:40.456+0700] {logging_mixin.py:188} INFO - [2025-12-28T13:54:40.454+0700] {dag.py:3096} INFO - Sync 1 DAGs
[2025-12-28T13:54:40.507+0700] {logging_mixin.py:188} INFO - [2025-12-28T13:54:40.506+0700] {dag.py:3954} INFO - Setting next_dagrun for flight_ingestion_v2 to 2025-12-27 17:00:00+00:00, run_after=2025-12-28 17:00:00+00:00
[2025-12-28T13:54:40.543+0700] {processor.py:183} INFO - Processing /opt/airflow/dags/ingestion_dag.py took 1.755 seconds
[2025-12-28T13:55:11.008+0700] {processor.py:161} INFO - Started process (PID=1021) to work on /opt/airflow/dags/ingestion_dag.py
[2025-12-28T13:55:11.012+0700] {processor.py:830} INFO - Processing file /opt/airflow/dags/ingestion_dag.py for tasks to queue
[2025-12-28T13:55:11.021+0700] {logging_mixin.py:188} INFO - [2025-12-28T13:55:11.019+0700] {dagbag.py:545} INFO - Filling up the DagBag from /opt/airflow/dags/ingestion_dag.py
[2025-12-28T13:55:12.083+0700] {processor.py:840} INFO - DAG(s) 'flight_ingestion_v2' retrieved from /opt/airflow/dags/ingestion_dag.py
[2025-12-28T13:55:12.122+0700] {logging_mixin.py:188} INFO - [2025-12-28T13:55:12.121+0700] {dag.py:3096} INFO - Sync 1 DAGs
[2025-12-28T13:55:12.163+0700] {logging_mixin.py:188} INFO - [2025-12-28T13:55:12.163+0700] {dag.py:3954} INFO - Setting next_dagrun for flight_ingestion_v2 to 2025-12-27 17:00:00+00:00, run_after=2025-12-28 17:00:00+00:00
[2025-12-28T13:55:12.203+0700] {processor.py:183} INFO - Processing /opt/airflow/dags/ingestion_dag.py took 1.224 seconds
[2025-12-28T13:55:42.494+0700] {processor.py:161} INFO - Started process (PID=1027) to work on /opt/airflow/dags/ingestion_dag.py
[2025-12-28T13:55:42.496+0700] {processor.py:830} INFO - Processing file /opt/airflow/dags/ingestion_dag.py for tasks to queue
[2025-12-28T13:55:42.501+0700] {logging_mixin.py:188} INFO - [2025-12-28T13:55:42.500+0700] {dagbag.py:545} INFO - Filling up the DagBag from /opt/airflow/dags/ingestion_dag.py
[2025-12-28T13:55:43.532+0700] {processor.py:840} INFO - DAG(s) 'flight_ingestion_v2' retrieved from /opt/airflow/dags/ingestion_dag.py
[2025-12-28T13:55:43.572+0700] {logging_mixin.py:188} INFO - [2025-12-28T13:55:43.572+0700] {dag.py:3096} INFO - Sync 1 DAGs
[2025-12-28T13:55:43.614+0700] {logging_mixin.py:188} INFO - [2025-12-28T13:55:43.613+0700] {dag.py:3954} INFO - Setting next_dagrun for flight_ingestion_v2 to 2025-12-27 17:00:00+00:00, run_after=2025-12-28 17:00:00+00:00
[2025-12-28T13:55:43.654+0700] {processor.py:183} INFO - Processing /opt/airflow/dags/ingestion_dag.py took 1.172 seconds
[2025-12-28T13:56:14.015+0700] {processor.py:161} INFO - Started process (PID=1033) to work on /opt/airflow/dags/ingestion_dag.py
[2025-12-28T13:56:14.022+0700] {processor.py:830} INFO - Processing file /opt/airflow/dags/ingestion_dag.py for tasks to queue
[2025-12-28T13:56:14.058+0700] {logging_mixin.py:188} INFO - [2025-12-28T13:56:14.054+0700] {dagbag.py:545} INFO - Filling up the DagBag from /opt/airflow/dags/ingestion_dag.py
[2025-12-28T13:56:15.300+0700] {processor.py:840} INFO - DAG(s) 'flight_ingestion_v2' retrieved from /opt/airflow/dags/ingestion_dag.py
[2025-12-28T13:56:15.355+0700] {logging_mixin.py:188} INFO - [2025-12-28T13:56:15.354+0700] {dag.py:3096} INFO - Sync 1 DAGs
[2025-12-28T13:56:15.399+0700] {logging_mixin.py:188} INFO - [2025-12-28T13:56:15.398+0700] {dag.py:3954} INFO - Setting next_dagrun for flight_ingestion_v2 to 2025-12-27 17:00:00+00:00, run_after=2025-12-28 17:00:00+00:00
[2025-12-28T13:56:15.442+0700] {processor.py:183} INFO - Processing /opt/airflow/dags/ingestion_dag.py took 1.468 seconds
[2025-12-28T13:56:45.889+0700] {processor.py:161} INFO - Started process (PID=1039) to work on /opt/airflow/dags/ingestion_dag.py
[2025-12-28T13:56:45.895+0700] {processor.py:830} INFO - Processing file /opt/airflow/dags/ingestion_dag.py for tasks to queue
[2025-12-28T13:56:45.906+0700] {logging_mixin.py:188} INFO - [2025-12-28T13:56:45.904+0700] {dagbag.py:545} INFO - Filling up the DagBag from /opt/airflow/dags/ingestion_dag.py
[2025-12-28T13:56:47.085+0700] {processor.py:840} INFO - DAG(s) 'flight_ingestion_v2' retrieved from /opt/airflow/dags/ingestion_dag.py
[2025-12-28T13:56:47.129+0700] {logging_mixin.py:188} INFO - [2025-12-28T13:56:47.128+0700] {dag.py:3096} INFO - Sync 1 DAGs
[2025-12-28T13:56:47.171+0700] {logging_mixin.py:188} INFO - [2025-12-28T13:56:47.170+0700] {dag.py:3954} INFO - Setting next_dagrun for flight_ingestion_v2 to 2025-12-27 17:00:00+00:00, run_after=2025-12-28 17:00:00+00:00
[2025-12-28T13:56:47.210+0700] {processor.py:183} INFO - Processing /opt/airflow/dags/ingestion_dag.py took 1.356 seconds
[2025-12-28T13:57:17.622+0700] {processor.py:161} INFO - Started process (PID=1045) to work on /opt/airflow/dags/ingestion_dag.py
[2025-12-28T13:57:17.627+0700] {processor.py:830} INFO - Processing file /opt/airflow/dags/ingestion_dag.py for tasks to queue
[2025-12-28T13:57:17.640+0700] {logging_mixin.py:188} INFO - [2025-12-28T13:57:17.638+0700] {dagbag.py:545} INFO - Filling up the DagBag from /opt/airflow/dags/ingestion_dag.py
[2025-12-28T13:57:18.657+0700] {processor.py:840} INFO - DAG(s) 'flight_ingestion_v2' retrieved from /opt/airflow/dags/ingestion_dag.py
[2025-12-28T13:57:18.696+0700] {logging_mixin.py:188} INFO - [2025-12-28T13:57:18.695+0700] {dag.py:3096} INFO - Sync 1 DAGs
[2025-12-28T13:57:18.737+0700] {logging_mixin.py:188} INFO - [2025-12-28T13:57:18.737+0700] {dag.py:3954} INFO - Setting next_dagrun for flight_ingestion_v2 to 2025-12-27 17:00:00+00:00, run_after=2025-12-28 17:00:00+00:00
[2025-12-28T13:57:18.779+0700] {processor.py:183} INFO - Processing /opt/airflow/dags/ingestion_dag.py took 1.194 seconds
[2025-12-28T13:57:48.960+0700] {processor.py:161} INFO - Started process (PID=1051) to work on /opt/airflow/dags/ingestion_dag.py
[2025-12-28T13:57:48.964+0700] {processor.py:830} INFO - Processing file /opt/airflow/dags/ingestion_dag.py for tasks to queue
[2025-12-28T13:57:48.972+0700] {logging_mixin.py:188} INFO - [2025-12-28T13:57:48.971+0700] {dagbag.py:545} INFO - Filling up the DagBag from /opt/airflow/dags/ingestion_dag.py
[2025-12-28T13:57:50.186+0700] {processor.py:840} INFO - DAG(s) 'flight_ingestion_v2' retrieved from /opt/airflow/dags/ingestion_dag.py
[2025-12-28T13:57:50.226+0700] {logging_mixin.py:188} INFO - [2025-12-28T13:57:50.225+0700] {dag.py:3096} INFO - Sync 1 DAGs
[2025-12-28T13:57:50.267+0700] {logging_mixin.py:188} INFO - [2025-12-28T13:57:50.266+0700] {dag.py:3954} INFO - Setting next_dagrun for flight_ingestion_v2 to 2025-12-27 17:00:00+00:00, run_after=2025-12-28 17:00:00+00:00
[2025-12-28T13:57:50.299+0700] {processor.py:183} INFO - Processing /opt/airflow/dags/ingestion_dag.py took 1.367 seconds
[2025-12-28T13:58:20.505+0700] {processor.py:161} INFO - Started process (PID=1057) to work on /opt/airflow/dags/ingestion_dag.py
[2025-12-28T13:58:20.509+0700] {processor.py:830} INFO - Processing file /opt/airflow/dags/ingestion_dag.py for tasks to queue
[2025-12-28T13:58:20.520+0700] {logging_mixin.py:188} INFO - [2025-12-28T13:58:20.518+0700] {dagbag.py:545} INFO - Filling up the DagBag from /opt/airflow/dags/ingestion_dag.py
[2025-12-28T13:58:21.532+0700] {processor.py:840} INFO - DAG(s) 'flight_ingestion_v2' retrieved from /opt/airflow/dags/ingestion_dag.py
[2025-12-28T13:58:21.571+0700] {logging_mixin.py:188} INFO - [2025-12-28T13:58:21.571+0700] {dag.py:3096} INFO - Sync 1 DAGs
[2025-12-28T13:58:21.617+0700] {logging_mixin.py:188} INFO - [2025-12-28T13:58:21.616+0700] {dag.py:3954} INFO - Setting next_dagrun for flight_ingestion_v2 to 2025-12-27 17:00:00+00:00, run_after=2025-12-28 17:00:00+00:00
[2025-12-28T13:58:21.656+0700] {processor.py:183} INFO - Processing /opt/airflow/dags/ingestion_dag.py took 1.187 seconds
[2025-12-28T13:58:51.974+0700] {processor.py:161} INFO - Started process (PID=1063) to work on /opt/airflow/dags/ingestion_dag.py
[2025-12-28T13:58:51.976+0700] {processor.py:830} INFO - Processing file /opt/airflow/dags/ingestion_dag.py for tasks to queue
[2025-12-28T13:58:51.980+0700] {logging_mixin.py:188} INFO - [2025-12-28T13:58:51.979+0700] {dagbag.py:545} INFO - Filling up the DagBag from /opt/airflow/dags/ingestion_dag.py
[2025-12-28T13:58:53.053+0700] {processor.py:840} INFO - DAG(s) 'flight_ingestion_v2' retrieved from /opt/airflow/dags/ingestion_dag.py
[2025-12-28T13:58:53.094+0700] {logging_mixin.py:188} INFO - [2025-12-28T13:58:53.093+0700] {dag.py:3096} INFO - Sync 1 DAGs
[2025-12-28T13:58:53.144+0700] {logging_mixin.py:188} INFO - [2025-12-28T13:58:53.143+0700] {dag.py:3954} INFO - Setting next_dagrun for flight_ingestion_v2 to 2025-12-27 17:00:00+00:00, run_after=2025-12-28 17:00:00+00:00
[2025-12-28T13:58:53.188+0700] {processor.py:183} INFO - Processing /opt/airflow/dags/ingestion_dag.py took 1.232 seconds
[2025-12-28T13:59:23.414+0700] {processor.py:161} INFO - Started process (PID=1069) to work on /opt/airflow/dags/ingestion_dag.py
[2025-12-28T13:59:23.419+0700] {processor.py:830} INFO - Processing file /opt/airflow/dags/ingestion_dag.py for tasks to queue
[2025-12-28T13:59:23.434+0700] {logging_mixin.py:188} INFO - [2025-12-28T13:59:23.432+0700] {dagbag.py:545} INFO - Filling up the DagBag from /opt/airflow/dags/ingestion_dag.py
[2025-12-28T13:59:24.634+0700] {processor.py:840} INFO - DAG(s) 'flight_ingestion_v2' retrieved from /opt/airflow/dags/ingestion_dag.py
[2025-12-28T13:59:24.690+0700] {logging_mixin.py:188} INFO - [2025-12-28T13:59:24.689+0700] {dag.py:3096} INFO - Sync 1 DAGs
[2025-12-28T13:59:24.746+0700] {logging_mixin.py:188} INFO - [2025-12-28T13:59:24.745+0700] {dag.py:3954} INFO - Setting next_dagrun for flight_ingestion_v2 to 2025-12-27 17:00:00+00:00, run_after=2025-12-28 17:00:00+00:00
[2025-12-28T13:59:24.791+0700] {processor.py:183} INFO - Processing /opt/airflow/dags/ingestion_dag.py took 1.412 seconds
[2025-12-28T13:59:54.952+0700] {processor.py:161} INFO - Started process (PID=1075) to work on /opt/airflow/dags/ingestion_dag.py
[2025-12-28T13:59:54.957+0700] {processor.py:830} INFO - Processing file /opt/airflow/dags/ingestion_dag.py for tasks to queue
[2025-12-28T13:59:54.965+0700] {logging_mixin.py:188} INFO - [2025-12-28T13:59:54.963+0700] {dagbag.py:545} INFO - Filling up the DagBag from /opt/airflow/dags/ingestion_dag.py
[2025-12-28T13:59:56.053+0700] {processor.py:840} INFO - DAG(s) 'flight_ingestion_v2' retrieved from /opt/airflow/dags/ingestion_dag.py
[2025-12-28T13:59:56.092+0700] {logging_mixin.py:188} INFO - [2025-12-28T13:59:56.092+0700] {dag.py:3096} INFO - Sync 1 DAGs
[2025-12-28T13:59:56.132+0700] {logging_mixin.py:188} INFO - [2025-12-28T13:59:56.131+0700] {dag.py:3954} INFO - Setting next_dagrun for flight_ingestion_v2 to 2025-12-27 17:00:00+00:00, run_after=2025-12-28 17:00:00+00:00
[2025-12-28T13:59:56.172+0700] {processor.py:183} INFO - Processing /opt/airflow/dags/ingestion_dag.py took 1.251 seconds
[2025-12-28T19:57:49.908+0700] {processor.py:161} INFO - Started process (PID=164) to work on /opt/airflow/dags/ingestion_dag.py
[2025-12-28T19:57:49.917+0700] {processor.py:830} INFO - Processing file /opt/airflow/dags/ingestion_dag.py for tasks to queue
[2025-12-28T19:57:49.928+0700] {logging_mixin.py:188} INFO - [2025-12-28T19:57:49.926+0700] {dagbag.py:545} INFO - Filling up the DagBag from /opt/airflow/dags/ingestion_dag.py
[2025-12-28T19:57:55.310+0700] {processor.py:840} INFO - DAG(s) 'flight_ingestion_v2' retrieved from /opt/airflow/dags/ingestion_dag.py
[2025-12-28T19:57:56.083+0700] {logging_mixin.py:188} INFO - [2025-12-28T19:57:56.082+0700] {override.py:1829} INFO - Created Permission View: can edit on DAG:flight_ingestion_v2
[2025-12-28T19:57:56.112+0700] {logging_mixin.py:188} INFO - [2025-12-28T19:57:56.112+0700] {override.py:1829} INFO - Created Permission View: can delete on DAG:flight_ingestion_v2
[2025-12-28T19:57:56.135+0700] {logging_mixin.py:188} INFO - [2025-12-28T19:57:56.134+0700] {override.py:1829} INFO - Created Permission View: can read on DAG:flight_ingestion_v2
[2025-12-28T19:57:56.138+0700] {logging_mixin.py:188} INFO - [2025-12-28T19:57:56.137+0700] {dag.py:3096} INFO - Sync 1 DAGs
[2025-12-28T19:57:56.180+0700] {logging_mixin.py:188} INFO - [2025-12-28T19:57:56.179+0700] {dag.py:3118} INFO - Creating ORM DAG for flight_ingestion_v2
[2025-12-28T19:57:56.225+0700] {logging_mixin.py:188} INFO - [2025-12-28T19:57:56.224+0700] {dag.py:3954} INFO - Setting next_dagrun for flight_ingestion_v2 to 2025-12-27 17:00:00+00:00, run_after=2025-12-28 17:00:00+00:00
[2025-12-28T19:57:56.295+0700] {processor.py:183} INFO - Processing /opt/airflow/dags/ingestion_dag.py took 6.414 seconds
[2025-12-28T19:58:26.626+0700] {processor.py:161} INFO - Started process (PID=170) to work on /opt/airflow/dags/ingestion_dag.py
[2025-12-28T19:58:26.629+0700] {processor.py:830} INFO - Processing file /opt/airflow/dags/ingestion_dag.py for tasks to queue
[2025-12-28T19:58:26.634+0700] {logging_mixin.py:188} INFO - [2025-12-28T19:58:26.633+0700] {dagbag.py:545} INFO - Filling up the DagBag from /opt/airflow/dags/ingestion_dag.py
[2025-12-28T19:58:27.818+0700] {processor.py:840} INFO - DAG(s) 'flight_ingestion_v2' retrieved from /opt/airflow/dags/ingestion_dag.py
[2025-12-28T19:58:27.874+0700] {logging_mixin.py:188} INFO - [2025-12-28T19:58:27.873+0700] {dag.py:3096} INFO - Sync 1 DAGs
[2025-12-28T19:58:27.932+0700] {logging_mixin.py:188} INFO - [2025-12-28T19:58:27.932+0700] {dag.py:3954} INFO - Setting next_dagrun for flight_ingestion_v2 to 2025-12-27 17:00:00+00:00, run_after=2025-12-28 17:00:00+00:00
[2025-12-28T19:58:27.984+0700] {processor.py:183} INFO - Processing /opt/airflow/dags/ingestion_dag.py took 1.397 seconds
[2025-12-28T19:58:58.357+0700] {processor.py:161} INFO - Started process (PID=179) to work on /opt/airflow/dags/ingestion_dag.py
[2025-12-28T19:58:58.362+0700] {processor.py:830} INFO - Processing file /opt/airflow/dags/ingestion_dag.py for tasks to queue
[2025-12-28T19:58:58.371+0700] {logging_mixin.py:188} INFO - [2025-12-28T19:58:58.370+0700] {dagbag.py:545} INFO - Filling up the DagBag from /opt/airflow/dags/ingestion_dag.py
[2025-12-28T19:58:59.920+0700] {processor.py:840} INFO - DAG(s) 'flight_ingestion_v2' retrieved from /opt/airflow/dags/ingestion_dag.py
[2025-12-28T19:58:59.984+0700] {logging_mixin.py:188} INFO - [2025-12-28T19:58:59.983+0700] {dag.py:3096} INFO - Sync 1 DAGs
[2025-12-28T19:59:00.054+0700] {logging_mixin.py:188} INFO - [2025-12-28T19:59:00.053+0700] {dag.py:3954} INFO - Setting next_dagrun for flight_ingestion_v2 to 2025-12-27 17:00:00+00:00, run_after=2025-12-28 17:00:00+00:00
[2025-12-28T19:59:00.106+0700] {processor.py:183} INFO - Processing /opt/airflow/dags/ingestion_dag.py took 1.773 seconds
[2025-12-28T19:59:30.276+0700] {processor.py:161} INFO - Started process (PID=185) to work on /opt/airflow/dags/ingestion_dag.py
[2025-12-28T19:59:30.281+0700] {processor.py:830} INFO - Processing file /opt/airflow/dags/ingestion_dag.py for tasks to queue
[2025-12-28T19:59:30.289+0700] {logging_mixin.py:188} INFO - [2025-12-28T19:59:30.287+0700] {dagbag.py:545} INFO - Filling up the DagBag from /opt/airflow/dags/ingestion_dag.py
[2025-12-28T19:59:31.709+0700] {processor.py:840} INFO - DAG(s) 'flight_ingestion_v2' retrieved from /opt/airflow/dags/ingestion_dag.py
[2025-12-28T19:59:31.761+0700] {logging_mixin.py:188} INFO - [2025-12-28T19:59:31.759+0700] {dag.py:3096} INFO - Sync 1 DAGs
[2025-12-28T19:59:31.824+0700] {logging_mixin.py:188} INFO - [2025-12-28T19:59:31.823+0700] {dag.py:3954} INFO - Setting next_dagrun for flight_ingestion_v2 to 2025-12-27 17:00:00+00:00, run_after=2025-12-28 17:00:00+00:00
[2025-12-28T19:59:31.865+0700] {processor.py:183} INFO - Processing /opt/airflow/dags/ingestion_dag.py took 1.622 seconds
[2025-12-28T20:00:01.985+0700] {processor.py:161} INFO - Started process (PID=191) to work on /opt/airflow/dags/ingestion_dag.py
[2025-12-28T20:00:01.988+0700] {processor.py:830} INFO - Processing file /opt/airflow/dags/ingestion_dag.py for tasks to queue
[2025-12-28T20:00:01.993+0700] {logging_mixin.py:188} INFO - [2025-12-28T20:00:01.992+0700] {dagbag.py:545} INFO - Filling up the DagBag from /opt/airflow/dags/ingestion_dag.py
[2025-12-28T20:00:03.654+0700] {processor.py:840} INFO - DAG(s) 'flight_ingestion_v2' retrieved from /opt/airflow/dags/ingestion_dag.py
[2025-12-28T20:00:03.713+0700] {logging_mixin.py:188} INFO - [2025-12-28T20:00:03.712+0700] {dag.py:3096} INFO - Sync 1 DAGs
[2025-12-28T20:00:03.764+0700] {logging_mixin.py:188} INFO - [2025-12-28T20:00:03.764+0700] {dag.py:3954} INFO - Setting next_dagrun for flight_ingestion_v2 to 2025-12-27 17:00:00+00:00, run_after=2025-12-28 17:00:00+00:00
[2025-12-28T20:00:03.836+0700] {processor.py:183} INFO - Processing /opt/airflow/dags/ingestion_dag.py took 1.873 seconds
[2025-12-28T20:00:34.273+0700] {processor.py:161} INFO - Started process (PID=197) to work on /opt/airflow/dags/ingestion_dag.py
[2025-12-28T20:00:34.277+0700] {processor.py:830} INFO - Processing file /opt/airflow/dags/ingestion_dag.py for tasks to queue
[2025-12-28T20:00:34.288+0700] {logging_mixin.py:188} INFO - [2025-12-28T20:00:34.286+0700] {dagbag.py:545} INFO - Filling up the DagBag from /opt/airflow/dags/ingestion_dag.py
[2025-12-28T20:00:35.374+0700] {processor.py:840} INFO - DAG(s) 'flight_ingestion_v2' retrieved from /opt/airflow/dags/ingestion_dag.py
[2025-12-28T20:00:35.413+0700] {logging_mixin.py:188} INFO - [2025-12-28T20:00:35.412+0700] {dag.py:3096} INFO - Sync 1 DAGs
[2025-12-28T20:00:35.452+0700] {logging_mixin.py:188} INFO - [2025-12-28T20:00:35.452+0700] {dag.py:3954} INFO - Setting next_dagrun for flight_ingestion_v2 to 2025-12-27 17:00:00+00:00, run_after=2025-12-28 17:00:00+00:00
[2025-12-28T20:00:35.494+0700] {processor.py:183} INFO - Processing /opt/airflow/dags/ingestion_dag.py took 1.254 seconds
[2025-12-28T20:01:05.868+0700] {processor.py:161} INFO - Started process (PID=203) to work on /opt/airflow/dags/ingestion_dag.py
[2025-12-28T20:01:05.873+0700] {processor.py:830} INFO - Processing file /opt/airflow/dags/ingestion_dag.py for tasks to queue
[2025-12-28T20:01:05.884+0700] {logging_mixin.py:188} INFO - [2025-12-28T20:01:05.882+0700] {dagbag.py:545} INFO - Filling up the DagBag from /opt/airflow/dags/ingestion_dag.py
[2025-12-28T20:01:07.435+0700] {processor.py:840} INFO - DAG(s) 'flight_ingestion_v2' retrieved from /opt/airflow/dags/ingestion_dag.py
[2025-12-28T20:01:07.494+0700] {logging_mixin.py:188} INFO - [2025-12-28T20:01:07.493+0700] {dag.py:3096} INFO - Sync 1 DAGs
[2025-12-28T20:01:07.558+0700] {logging_mixin.py:188} INFO - [2025-12-28T20:01:07.557+0700] {dag.py:3954} INFO - Setting next_dagrun for flight_ingestion_v2 to 2025-12-27 17:00:00+00:00, run_after=2025-12-28 17:00:00+00:00
[2025-12-28T20:01:07.621+0700] {processor.py:183} INFO - Processing /opt/airflow/dags/ingestion_dag.py took 1.788 seconds
[2025-12-28T20:01:38.133+0700] {processor.py:161} INFO - Started process (PID=209) to work on /opt/airflow/dags/ingestion_dag.py
[2025-12-28T20:01:38.135+0700] {processor.py:830} INFO - Processing file /opt/airflow/dags/ingestion_dag.py for tasks to queue
[2025-12-28T20:01:38.141+0700] {logging_mixin.py:188} INFO - [2025-12-28T20:01:38.140+0700] {dagbag.py:545} INFO - Filling up the DagBag from /opt/airflow/dags/ingestion_dag.py
[2025-12-28T20:01:39.381+0700] {processor.py:840} INFO - DAG(s) 'flight_ingestion_v2' retrieved from /opt/airflow/dags/ingestion_dag.py
[2025-12-28T20:01:39.438+0700] {logging_mixin.py:188} INFO - [2025-12-28T20:01:39.437+0700] {dag.py:3096} INFO - Sync 1 DAGs
[2025-12-28T20:01:39.504+0700] {logging_mixin.py:188} INFO - [2025-12-28T20:01:39.503+0700] {dag.py:3954} INFO - Setting next_dagrun for flight_ingestion_v2 to 2025-12-27 17:00:00+00:00, run_after=2025-12-28 17:00:00+00:00
[2025-12-28T20:01:39.562+0700] {processor.py:183} INFO - Processing /opt/airflow/dags/ingestion_dag.py took 1.453 seconds
[2025-12-28T20:02:10.056+0700] {processor.py:161} INFO - Started process (PID=215) to work on /opt/airflow/dags/ingestion_dag.py
[2025-12-28T20:02:10.061+0700] {processor.py:830} INFO - Processing file /opt/airflow/dags/ingestion_dag.py for tasks to queue
[2025-12-28T20:02:10.071+0700] {logging_mixin.py:188} INFO - [2025-12-28T20:02:10.069+0700] {dagbag.py:545} INFO - Filling up the DagBag from /opt/airflow/dags/ingestion_dag.py
[2025-12-28T20:02:11.605+0700] {processor.py:840} INFO - DAG(s) 'flight_ingestion_v2' retrieved from /opt/airflow/dags/ingestion_dag.py
[2025-12-28T20:02:11.653+0700] {logging_mixin.py:188} INFO - [2025-12-28T20:02:11.652+0700] {dag.py:3096} INFO - Sync 1 DAGs
[2025-12-28T20:02:11.705+0700] {logging_mixin.py:188} INFO - [2025-12-28T20:02:11.705+0700] {dag.py:3954} INFO - Setting next_dagrun for flight_ingestion_v2 to 2025-12-27 17:00:00+00:00, run_after=2025-12-28 17:00:00+00:00
[2025-12-28T20:02:11.746+0700] {processor.py:183} INFO - Processing /opt/airflow/dags/ingestion_dag.py took 1.728 seconds
[2025-12-28T20:02:42.092+0700] {processor.py:161} INFO - Started process (PID=221) to work on /opt/airflow/dags/ingestion_dag.py
[2025-12-28T20:02:42.096+0700] {processor.py:830} INFO - Processing file /opt/airflow/dags/ingestion_dag.py for tasks to queue
[2025-12-28T20:02:42.104+0700] {logging_mixin.py:188} INFO - [2025-12-28T20:02:42.103+0700] {dagbag.py:545} INFO - Filling up the DagBag from /opt/airflow/dags/ingestion_dag.py
[2025-12-28T20:02:43.464+0700] {processor.py:840} INFO - DAG(s) 'flight_ingestion_v2' retrieved from /opt/airflow/dags/ingestion_dag.py
[2025-12-28T20:02:43.515+0700] {logging_mixin.py:188} INFO - [2025-12-28T20:02:43.514+0700] {dag.py:3096} INFO - Sync 1 DAGs
[2025-12-28T20:02:43.576+0700] {logging_mixin.py:188} INFO - [2025-12-28T20:02:43.575+0700] {dag.py:3954} INFO - Setting next_dagrun for flight_ingestion_v2 to 2025-12-27 17:00:00+00:00, run_after=2025-12-28 17:00:00+00:00
[2025-12-28T20:02:43.672+0700] {processor.py:183} INFO - Processing /opt/airflow/dags/ingestion_dag.py took 1.607 seconds
[2025-12-28T20:03:14.125+0700] {processor.py:161} INFO - Started process (PID=227) to work on /opt/airflow/dags/ingestion_dag.py
[2025-12-28T20:03:14.130+0700] {processor.py:830} INFO - Processing file /opt/airflow/dags/ingestion_dag.py for tasks to queue
[2025-12-28T20:03:14.144+0700] {logging_mixin.py:188} INFO - [2025-12-28T20:03:14.142+0700] {dagbag.py:545} INFO - Filling up the DagBag from /opt/airflow/dags/ingestion_dag.py
[2025-12-28T20:03:15.513+0700] {processor.py:840} INFO - DAG(s) 'flight_ingestion_v2' retrieved from /opt/airflow/dags/ingestion_dag.py
[2025-12-28T20:03:15.562+0700] {logging_mixin.py:188} INFO - [2025-12-28T20:03:15.561+0700] {dag.py:3096} INFO - Sync 1 DAGs
[2025-12-28T20:03:15.616+0700] {logging_mixin.py:188} INFO - [2025-12-28T20:03:15.616+0700] {dag.py:3954} INFO - Setting next_dagrun for flight_ingestion_v2 to 2025-12-27 17:00:00+00:00, run_after=2025-12-28 17:00:00+00:00
[2025-12-28T20:03:15.696+0700] {processor.py:183} INFO - Processing /opt/airflow/dags/ingestion_dag.py took 1.602 seconds
[2025-12-28T20:03:46.106+0700] {processor.py:161} INFO - Started process (PID=233) to work on /opt/airflow/dags/ingestion_dag.py
[2025-12-28T20:03:46.111+0700] {processor.py:830} INFO - Processing file /opt/airflow/dags/ingestion_dag.py for tasks to queue
[2025-12-28T20:03:46.121+0700] {logging_mixin.py:188} INFO - [2025-12-28T20:03:46.120+0700] {dagbag.py:545} INFO - Filling up the DagBag from /opt/airflow/dags/ingestion_dag.py
[2025-12-28T20:03:47.454+0700] {processor.py:840} INFO - DAG(s) 'flight_ingestion_v2' retrieved from /opt/airflow/dags/ingestion_dag.py
[2025-12-28T20:03:47.502+0700] {logging_mixin.py:188} INFO - [2025-12-28T20:03:47.501+0700] {dag.py:3096} INFO - Sync 1 DAGs
[2025-12-28T20:03:47.553+0700] {logging_mixin.py:188} INFO - [2025-12-28T20:03:47.553+0700] {dag.py:3954} INFO - Setting next_dagrun for flight_ingestion_v2 to 2025-12-27 17:00:00+00:00, run_after=2025-12-28 17:00:00+00:00
[2025-12-28T20:03:47.592+0700] {processor.py:183} INFO - Processing /opt/airflow/dags/ingestion_dag.py took 1.512 seconds
[2025-12-28T20:04:17.950+0700] {processor.py:161} INFO - Started process (PID=239) to work on /opt/airflow/dags/ingestion_dag.py
[2025-12-28T20:04:17.954+0700] {processor.py:830} INFO - Processing file /opt/airflow/dags/ingestion_dag.py for tasks to queue
[2025-12-28T20:04:17.962+0700] {logging_mixin.py:188} INFO - [2025-12-28T20:04:17.960+0700] {dagbag.py:545} INFO - Filling up the DagBag from /opt/airflow/dags/ingestion_dag.py
[2025-12-28T20:04:19.173+0700] {processor.py:840} INFO - DAG(s) 'flight_ingestion_v2' retrieved from /opt/airflow/dags/ingestion_dag.py
[2025-12-28T20:04:19.217+0700] {logging_mixin.py:188} INFO - [2025-12-28T20:04:19.216+0700] {dag.py:3096} INFO - Sync 1 DAGs
[2025-12-28T20:04:19.267+0700] {logging_mixin.py:188} INFO - [2025-12-28T20:04:19.266+0700] {dag.py:3954} INFO - Setting next_dagrun for flight_ingestion_v2 to 2025-12-27 17:00:00+00:00, run_after=2025-12-28 17:00:00+00:00
[2025-12-28T20:04:19.306+0700] {processor.py:183} INFO - Processing /opt/airflow/dags/ingestion_dag.py took 1.391 seconds
[2025-12-28T20:04:49.595+0700] {processor.py:161} INFO - Started process (PID=245) to work on /opt/airflow/dags/ingestion_dag.py
[2025-12-28T20:04:49.597+0700] {processor.py:830} INFO - Processing file /opt/airflow/dags/ingestion_dag.py for tasks to queue
[2025-12-28T20:04:49.601+0700] {logging_mixin.py:188} INFO - [2025-12-28T20:04:49.600+0700] {dagbag.py:545} INFO - Filling up the DagBag from /opt/airflow/dags/ingestion_dag.py
[2025-12-28T20:04:50.864+0700] {processor.py:840} INFO - DAG(s) 'flight_ingestion_v2' retrieved from /opt/airflow/dags/ingestion_dag.py
[2025-12-28T20:04:50.913+0700] {logging_mixin.py:188} INFO - [2025-12-28T20:04:50.912+0700] {dag.py:3096} INFO - Sync 1 DAGs
[2025-12-28T20:04:50.961+0700] {logging_mixin.py:188} INFO - [2025-12-28T20:04:50.960+0700] {dag.py:3954} INFO - Setting next_dagrun for flight_ingestion_v2 to 2025-12-27 17:00:00+00:00, run_after=2025-12-28 17:00:00+00:00
[2025-12-28T20:04:51.007+0700] {processor.py:183} INFO - Processing /opt/airflow/dags/ingestion_dag.py took 1.427 seconds
[2025-12-28T20:05:21.402+0700] {processor.py:161} INFO - Started process (PID=251) to work on /opt/airflow/dags/ingestion_dag.py
[2025-12-28T20:05:21.409+0700] {processor.py:830} INFO - Processing file /opt/airflow/dags/ingestion_dag.py for tasks to queue
[2025-12-28T20:05:21.418+0700] {logging_mixin.py:188} INFO - [2025-12-28T20:05:21.416+0700] {dagbag.py:545} INFO - Filling up the DagBag from /opt/airflow/dags/ingestion_dag.py
[2025-12-28T20:05:22.830+0700] {processor.py:840} INFO - DAG(s) 'flight_ingestion_v2' retrieved from /opt/airflow/dags/ingestion_dag.py
[2025-12-28T20:05:22.878+0700] {logging_mixin.py:188} INFO - [2025-12-28T20:05:22.876+0700] {dag.py:3096} INFO - Sync 1 DAGs
[2025-12-28T20:05:22.982+0700] {logging_mixin.py:188} INFO - [2025-12-28T20:05:22.981+0700] {dag.py:3954} INFO - Setting next_dagrun for flight_ingestion_v2 to 2025-12-27 17:00:00+00:00, run_after=2025-12-28 17:00:00+00:00
[2025-12-28T20:05:23.076+0700] {processor.py:183} INFO - Processing /opt/airflow/dags/ingestion_dag.py took 1.715 seconds
[2025-12-28T20:05:53.230+0700] {processor.py:161} INFO - Started process (PID=257) to work on /opt/airflow/dags/ingestion_dag.py
[2025-12-28T20:05:53.232+0700] {processor.py:830} INFO - Processing file /opt/airflow/dags/ingestion_dag.py for tasks to queue
[2025-12-28T20:05:53.238+0700] {logging_mixin.py:188} INFO - [2025-12-28T20:05:53.237+0700] {dagbag.py:545} INFO - Filling up the DagBag from /opt/airflow/dags/ingestion_dag.py
[2025-12-28T20:05:54.441+0700] {processor.py:840} INFO - DAG(s) 'flight_ingestion_v2' retrieved from /opt/airflow/dags/ingestion_dag.py
[2025-12-28T20:05:54.480+0700] {logging_mixin.py:188} INFO - [2025-12-28T20:05:54.479+0700] {dag.py:3096} INFO - Sync 1 DAGs
[2025-12-28T20:05:54.519+0700] {logging_mixin.py:188} INFO - [2025-12-28T20:05:54.519+0700] {dag.py:3954} INFO - Setting next_dagrun for flight_ingestion_v2 to 2025-12-27 17:00:00+00:00, run_after=2025-12-28 17:00:00+00:00
[2025-12-28T20:05:54.551+0700] {processor.py:183} INFO - Processing /opt/airflow/dags/ingestion_dag.py took 1.344 seconds
[2025-12-28T20:06:24.729+0700] {processor.py:161} INFO - Started process (PID=263) to work on /opt/airflow/dags/ingestion_dag.py
[2025-12-28T20:06:24.732+0700] {processor.py:830} INFO - Processing file /opt/airflow/dags/ingestion_dag.py for tasks to queue
[2025-12-28T20:06:24.740+0700] {logging_mixin.py:188} INFO - [2025-12-28T20:06:24.738+0700] {dagbag.py:545} INFO - Filling up the DagBag from /opt/airflow/dags/ingestion_dag.py
[2025-12-28T20:06:25.854+0700] {processor.py:840} INFO - DAG(s) 'flight_ingestion_v2' retrieved from /opt/airflow/dags/ingestion_dag.py
[2025-12-28T20:06:25.897+0700] {logging_mixin.py:188} INFO - [2025-12-28T20:06:25.896+0700] {dag.py:3096} INFO - Sync 1 DAGs
[2025-12-28T20:06:25.943+0700] {logging_mixin.py:188} INFO - [2025-12-28T20:06:25.942+0700] {dag.py:3954} INFO - Setting next_dagrun for flight_ingestion_v2 to 2025-12-27 17:00:00+00:00, run_after=2025-12-28 17:00:00+00:00
[2025-12-28T20:06:26.012+0700] {processor.py:183} INFO - Processing /opt/airflow/dags/ingestion_dag.py took 1.309 seconds
[2025-12-28T20:06:56.175+0700] {processor.py:161} INFO - Started process (PID=269) to work on /opt/airflow/dags/ingestion_dag.py
[2025-12-28T20:06:56.179+0700] {processor.py:830} INFO - Processing file /opt/airflow/dags/ingestion_dag.py for tasks to queue
[2025-12-28T20:06:56.192+0700] {logging_mixin.py:188} INFO - [2025-12-28T20:06:56.190+0700] {dagbag.py:545} INFO - Filling up the DagBag from /opt/airflow/dags/ingestion_dag.py
[2025-12-28T20:06:57.236+0700] {processor.py:840} INFO - DAG(s) 'flight_ingestion_v2' retrieved from /opt/airflow/dags/ingestion_dag.py
[2025-12-28T20:06:57.274+0700] {logging_mixin.py:188} INFO - [2025-12-28T20:06:57.273+0700] {dag.py:3096} INFO - Sync 1 DAGs
[2025-12-28T20:06:57.312+0700] {logging_mixin.py:188} INFO - [2025-12-28T20:06:57.312+0700] {dag.py:3954} INFO - Setting next_dagrun for flight_ingestion_v2 to 2025-12-27 17:00:00+00:00, run_after=2025-12-28 17:00:00+00:00
[2025-12-28T20:06:57.354+0700] {processor.py:183} INFO - Processing /opt/airflow/dags/ingestion_dag.py took 1.207 seconds
[2025-12-28T20:07:27.541+0700] {processor.py:161} INFO - Started process (PID=275) to work on /opt/airflow/dags/ingestion_dag.py
[2025-12-28T20:07:27.547+0700] {processor.py:830} INFO - Processing file /opt/airflow/dags/ingestion_dag.py for tasks to queue
[2025-12-28T20:07:27.558+0700] {logging_mixin.py:188} INFO - [2025-12-28T20:07:27.555+0700] {dagbag.py:545} INFO - Filling up the DagBag from /opt/airflow/dags/ingestion_dag.py
[2025-12-28T20:07:28.731+0700] {processor.py:840} INFO - DAG(s) 'flight_ingestion_v2' retrieved from /opt/airflow/dags/ingestion_dag.py
[2025-12-28T20:07:28.769+0700] {logging_mixin.py:188} INFO - [2025-12-28T20:07:28.768+0700] {dag.py:3096} INFO - Sync 1 DAGs
[2025-12-28T20:07:28.811+0700] {logging_mixin.py:188} INFO - [2025-12-28T20:07:28.810+0700] {dag.py:3954} INFO - Setting next_dagrun for flight_ingestion_v2 to 2025-12-27 17:00:00+00:00, run_after=2025-12-28 17:00:00+00:00
[2025-12-28T20:07:28.853+0700] {processor.py:183} INFO - Processing /opt/airflow/dags/ingestion_dag.py took 1.347 seconds
[2025-12-28T20:07:59.218+0700] {processor.py:161} INFO - Started process (PID=281) to work on /opt/airflow/dags/ingestion_dag.py
[2025-12-28T20:07:59.227+0700] {processor.py:830} INFO - Processing file /opt/airflow/dags/ingestion_dag.py for tasks to queue
[2025-12-28T20:07:59.254+0700] {logging_mixin.py:188} INFO - [2025-12-28T20:07:59.252+0700] {dagbag.py:545} INFO - Filling up the DagBag from /opt/airflow/dags/ingestion_dag.py
[2025-12-28T20:08:00.434+0700] {processor.py:840} INFO - DAG(s) 'flight_ingestion_v2' retrieved from /opt/airflow/dags/ingestion_dag.py
[2025-12-28T20:08:00.472+0700] {logging_mixin.py:188} INFO - [2025-12-28T20:08:00.472+0700] {dag.py:3096} INFO - Sync 1 DAGs
[2025-12-28T20:08:00.532+0700] {logging_mixin.py:188} INFO - [2025-12-28T20:08:00.531+0700] {dag.py:3954} INFO - Setting next_dagrun for flight_ingestion_v2 to 2025-12-27 17:00:00+00:00, run_after=2025-12-28 17:00:00+00:00
[2025-12-28T20:08:00.599+0700] {processor.py:183} INFO - Processing /opt/airflow/dags/ingestion_dag.py took 1.427 seconds
[2025-12-28T20:08:30.965+0700] {processor.py:161} INFO - Started process (PID=287) to work on /opt/airflow/dags/ingestion_dag.py
[2025-12-28T20:08:30.968+0700] {processor.py:830} INFO - Processing file /opt/airflow/dags/ingestion_dag.py for tasks to queue
[2025-12-28T20:08:30.972+0700] {logging_mixin.py:188} INFO - [2025-12-28T20:08:30.972+0700] {dagbag.py:545} INFO - Filling up the DagBag from /opt/airflow/dags/ingestion_dag.py
[2025-12-28T20:08:32.211+0700] {processor.py:840} INFO - DAG(s) 'flight_ingestion_v2' retrieved from /opt/airflow/dags/ingestion_dag.py
[2025-12-28T20:08:32.251+0700] {logging_mixin.py:188} INFO - [2025-12-28T20:08:32.250+0700] {dag.py:3096} INFO - Sync 1 DAGs
[2025-12-28T20:08:32.293+0700] {logging_mixin.py:188} INFO - [2025-12-28T20:08:32.292+0700] {dag.py:3954} INFO - Setting next_dagrun for flight_ingestion_v2 to 2025-12-27 17:00:00+00:00, run_after=2025-12-28 17:00:00+00:00
[2025-12-28T20:08:32.334+0700] {processor.py:183} INFO - Processing /opt/airflow/dags/ingestion_dag.py took 1.381 seconds
[2025-12-28T20:09:02.745+0700] {processor.py:161} INFO - Started process (PID=293) to work on /opt/airflow/dags/ingestion_dag.py
[2025-12-28T20:09:02.750+0700] {processor.py:830} INFO - Processing file /opt/airflow/dags/ingestion_dag.py for tasks to queue
[2025-12-28T20:09:02.761+0700] {logging_mixin.py:188} INFO - [2025-12-28T20:09:02.759+0700] {dagbag.py:545} INFO - Filling up the DagBag from /opt/airflow/dags/ingestion_dag.py
[2025-12-28T20:09:03.966+0700] {processor.py:840} INFO - DAG(s) 'flight_ingestion_v2' retrieved from /opt/airflow/dags/ingestion_dag.py
[2025-12-28T20:09:04.005+0700] {logging_mixin.py:188} INFO - [2025-12-28T20:09:04.005+0700] {dag.py:3096} INFO - Sync 1 DAGs
[2025-12-28T20:09:04.049+0700] {logging_mixin.py:188} INFO - [2025-12-28T20:09:04.048+0700] {dag.py:3954} INFO - Setting next_dagrun for flight_ingestion_v2 to 2025-12-27 17:00:00+00:00, run_after=2025-12-28 17:00:00+00:00
[2025-12-28T20:09:04.085+0700] {processor.py:183} INFO - Processing /opt/airflow/dags/ingestion_dag.py took 1.378 seconds
[2025-12-28T20:09:34.640+0700] {processor.py:161} INFO - Started process (PID=299) to work on /opt/airflow/dags/ingestion_dag.py
[2025-12-28T20:09:34.645+0700] {processor.py:830} INFO - Processing file /opt/airflow/dags/ingestion_dag.py for tasks to queue
[2025-12-28T20:09:34.654+0700] {logging_mixin.py:188} INFO - [2025-12-28T20:09:34.653+0700] {dagbag.py:545} INFO - Filling up the DagBag from /opt/airflow/dags/ingestion_dag.py
[2025-12-28T20:09:35.695+0700] {processor.py:840} INFO - DAG(s) 'flight_ingestion_v2' retrieved from /opt/airflow/dags/ingestion_dag.py
[2025-12-28T20:09:35.734+0700] {logging_mixin.py:188} INFO - [2025-12-28T20:09:35.733+0700] {dag.py:3096} INFO - Sync 1 DAGs
[2025-12-28T20:09:35.773+0700] {logging_mixin.py:188} INFO - [2025-12-28T20:09:35.773+0700] {dag.py:3954} INFO - Setting next_dagrun for flight_ingestion_v2 to 2025-12-27 17:00:00+00:00, run_after=2025-12-28 17:00:00+00:00
[2025-12-28T20:09:35.828+0700] {processor.py:183} INFO - Processing /opt/airflow/dags/ingestion_dag.py took 1.219 seconds
[2025-12-28T20:10:05.960+0700] {processor.py:161} INFO - Started process (PID=305) to work on /opt/airflow/dags/ingestion_dag.py
[2025-12-28T20:10:05.966+0700] {processor.py:830} INFO - Processing file /opt/airflow/dags/ingestion_dag.py for tasks to queue
[2025-12-28T20:10:05.976+0700] {logging_mixin.py:188} INFO - [2025-12-28T20:10:05.975+0700] {dagbag.py:545} INFO - Filling up the DagBag from /opt/airflow/dags/ingestion_dag.py
[2025-12-28T20:10:07.084+0700] {processor.py:840} INFO - DAG(s) 'flight_ingestion_v2' retrieved from /opt/airflow/dags/ingestion_dag.py
[2025-12-28T20:10:07.123+0700] {logging_mixin.py:188} INFO - [2025-12-28T20:10:07.122+0700] {dag.py:3096} INFO - Sync 1 DAGs
[2025-12-28T20:10:07.164+0700] {logging_mixin.py:188} INFO - [2025-12-28T20:10:07.164+0700] {dag.py:3954} INFO - Setting next_dagrun for flight_ingestion_v2 to 2025-12-27 17:00:00+00:00, run_after=2025-12-28 17:00:00+00:00
[2025-12-28T20:10:07.202+0700] {processor.py:183} INFO - Processing /opt/airflow/dags/ingestion_dag.py took 1.272 seconds
[2025-12-28T20:10:37.533+0700] {processor.py:161} INFO - Started process (PID=311) to work on /opt/airflow/dags/ingestion_dag.py
[2025-12-28T20:10:37.536+0700] {processor.py:830} INFO - Processing file /opt/airflow/dags/ingestion_dag.py for tasks to queue
[2025-12-28T20:10:37.541+0700] {logging_mixin.py:188} INFO - [2025-12-28T20:10:37.540+0700] {dagbag.py:545} INFO - Filling up the DagBag from /opt/airflow/dags/ingestion_dag.py
[2025-12-28T20:10:38.818+0700] {processor.py:840} INFO - DAG(s) 'flight_ingestion_v2' retrieved from /opt/airflow/dags/ingestion_dag.py
[2025-12-28T20:10:38.858+0700] {logging_mixin.py:188} INFO - [2025-12-28T20:10:38.857+0700] {dag.py:3096} INFO - Sync 1 DAGs
[2025-12-28T20:10:38.901+0700] {logging_mixin.py:188} INFO - [2025-12-28T20:10:38.901+0700] {dag.py:3954} INFO - Setting next_dagrun for flight_ingestion_v2 to 2025-12-27 17:00:00+00:00, run_after=2025-12-28 17:00:00+00:00
[2025-12-28T20:10:38.932+0700] {processor.py:183} INFO - Processing /opt/airflow/dags/ingestion_dag.py took 1.416 seconds
[2025-12-28T20:11:09.384+0700] {processor.py:161} INFO - Started process (PID=317) to work on /opt/airflow/dags/ingestion_dag.py
[2025-12-28T20:11:09.390+0700] {processor.py:830} INFO - Processing file /opt/airflow/dags/ingestion_dag.py for tasks to queue
[2025-12-28T20:11:09.402+0700] {logging_mixin.py:188} INFO - [2025-12-28T20:11:09.400+0700] {dagbag.py:545} INFO - Filling up the DagBag from /opt/airflow/dags/ingestion_dag.py
[2025-12-28T20:11:10.546+0700] {processor.py:840} INFO - DAG(s) 'flight_ingestion_v2' retrieved from /opt/airflow/dags/ingestion_dag.py
[2025-12-28T20:11:10.587+0700] {logging_mixin.py:188} INFO - [2025-12-28T20:11:10.587+0700] {dag.py:3096} INFO - Sync 1 DAGs
[2025-12-28T20:11:10.629+0700] {logging_mixin.py:188} INFO - [2025-12-28T20:11:10.628+0700] {dag.py:3954} INFO - Setting next_dagrun for flight_ingestion_v2 to 2025-12-27 17:00:00+00:00, run_after=2025-12-28 17:00:00+00:00
[2025-12-28T20:11:10.662+0700] {processor.py:183} INFO - Processing /opt/airflow/dags/ingestion_dag.py took 1.312 seconds
[2025-12-28T20:11:41.045+0700] {processor.py:161} INFO - Started process (PID=326) to work on /opt/airflow/dags/ingestion_dag.py
[2025-12-28T20:11:41.048+0700] {processor.py:830} INFO - Processing file /opt/airflow/dags/ingestion_dag.py for tasks to queue
[2025-12-28T20:11:41.053+0700] {logging_mixin.py:188} INFO - [2025-12-28T20:11:41.052+0700] {dagbag.py:545} INFO - Filling up the DagBag from /opt/airflow/dags/ingestion_dag.py
[2025-12-28T20:11:42.485+0700] {processor.py:840} INFO - DAG(s) 'flight_ingestion_v2' retrieved from /opt/airflow/dags/ingestion_dag.py
[2025-12-28T20:11:42.566+0700] {logging_mixin.py:188} INFO - [2025-12-28T20:11:42.564+0700] {dag.py:3096} INFO - Sync 1 DAGs
[2025-12-28T20:11:42.628+0700] {logging_mixin.py:188} INFO - [2025-12-28T20:11:42.628+0700] {dag.py:3954} INFO - Setting next_dagrun for flight_ingestion_v2 to 2025-12-27 17:00:00+00:00, run_after=2025-12-28 17:00:00+00:00
[2025-12-28T20:11:42.675+0700] {processor.py:183} INFO - Processing /opt/airflow/dags/ingestion_dag.py took 1.648 seconds
[2025-12-28T20:12:13.165+0700] {processor.py:161} INFO - Started process (PID=335) to work on /opt/airflow/dags/ingestion_dag.py
[2025-12-28T20:12:13.169+0700] {processor.py:830} INFO - Processing file /opt/airflow/dags/ingestion_dag.py for tasks to queue
[2025-12-28T20:12:13.176+0700] {logging_mixin.py:188} INFO - [2025-12-28T20:12:13.175+0700] {dagbag.py:545} INFO - Filling up the DagBag from /opt/airflow/dags/ingestion_dag.py
[2025-12-28T20:12:14.688+0700] {processor.py:840} INFO - DAG(s) 'flight_ingestion_v2' retrieved from /opt/airflow/dags/ingestion_dag.py
[2025-12-28T20:12:14.737+0700] {logging_mixin.py:188} INFO - [2025-12-28T20:12:14.736+0700] {dag.py:3096} INFO - Sync 1 DAGs
[2025-12-28T20:12:14.804+0700] {logging_mixin.py:188} INFO - [2025-12-28T20:12:14.804+0700] {dag.py:3954} INFO - Setting next_dagrun for flight_ingestion_v2 to 2025-12-27 17:00:00+00:00, run_after=2025-12-28 17:00:00+00:00
[2025-12-28T20:12:14.862+0700] {processor.py:183} INFO - Processing /opt/airflow/dags/ingestion_dag.py took 1.725 seconds
[2025-12-28T20:12:45.267+0700] {processor.py:161} INFO - Started process (PID=341) to work on /opt/airflow/dags/ingestion_dag.py
[2025-12-28T20:12:45.271+0700] {processor.py:830} INFO - Processing file /opt/airflow/dags/ingestion_dag.py for tasks to queue
[2025-12-28T20:12:45.283+0700] {logging_mixin.py:188} INFO - [2025-12-28T20:12:45.281+0700] {dagbag.py:545} INFO - Filling up the DagBag from /opt/airflow/dags/ingestion_dag.py
[2025-12-28T20:12:46.587+0700] {processor.py:840} INFO - DAG(s) 'flight_ingestion_v2' retrieved from /opt/airflow/dags/ingestion_dag.py
[2025-12-28T20:12:46.648+0700] {logging_mixin.py:188} INFO - [2025-12-28T20:12:46.646+0700] {dag.py:3096} INFO - Sync 1 DAGs
[2025-12-28T20:12:46.709+0700] {logging_mixin.py:188} INFO - [2025-12-28T20:12:46.708+0700] {dag.py:3954} INFO - Setting next_dagrun for flight_ingestion_v2 to 2025-12-27 17:00:00+00:00, run_after=2025-12-28 17:00:00+00:00
[2025-12-28T20:12:46.763+0700] {processor.py:183} INFO - Processing /opt/airflow/dags/ingestion_dag.py took 1.526 seconds
[2025-12-28T20:13:16.907+0700] {processor.py:161} INFO - Started process (PID=347) to work on /opt/airflow/dags/ingestion_dag.py
[2025-12-28T20:13:16.912+0700] {processor.py:830} INFO - Processing file /opt/airflow/dags/ingestion_dag.py for tasks to queue
[2025-12-28T20:13:16.924+0700] {logging_mixin.py:188} INFO - [2025-12-28T20:13:16.922+0700] {dagbag.py:545} INFO - Filling up the DagBag from /opt/airflow/dags/ingestion_dag.py
[2025-12-28T20:13:18.387+0700] {processor.py:840} INFO - DAG(s) 'flight_ingestion_v2' retrieved from /opt/airflow/dags/ingestion_dag.py
[2025-12-28T20:13:18.428+0700] {logging_mixin.py:188} INFO - [2025-12-28T20:13:18.428+0700] {dag.py:3096} INFO - Sync 1 DAGs
[2025-12-28T20:13:18.473+0700] {logging_mixin.py:188} INFO - [2025-12-28T20:13:18.472+0700] {dag.py:3954} INFO - Setting next_dagrun for flight_ingestion_v2 to 2025-12-27 17:00:00+00:00, run_after=2025-12-28 17:00:00+00:00
[2025-12-28T20:13:18.544+0700] {processor.py:183} INFO - Processing /opt/airflow/dags/ingestion_dag.py took 1.674 seconds
[2025-12-28T20:13:48.984+0700] {processor.py:161} INFO - Started process (PID=353) to work on /opt/airflow/dags/ingestion_dag.py
[2025-12-28T20:13:48.989+0700] {processor.py:830} INFO - Processing file /opt/airflow/dags/ingestion_dag.py for tasks to queue
[2025-12-28T20:13:48.999+0700] {logging_mixin.py:188} INFO - [2025-12-28T20:13:48.997+0700] {dagbag.py:545} INFO - Filling up the DagBag from /opt/airflow/dags/ingestion_dag.py
[2025-12-28T20:13:50.079+0700] {processor.py:840} INFO - DAG(s) 'flight_ingestion_v2' retrieved from /opt/airflow/dags/ingestion_dag.py
[2025-12-28T20:13:50.116+0700] {logging_mixin.py:188} INFO - [2025-12-28T20:13:50.115+0700] {dag.py:3096} INFO - Sync 1 DAGs
[2025-12-28T20:13:50.158+0700] {logging_mixin.py:188} INFO - [2025-12-28T20:13:50.157+0700] {dag.py:3954} INFO - Setting next_dagrun for flight_ingestion_v2 to 2025-12-27 17:00:00+00:00, run_after=2025-12-28 17:00:00+00:00
[2025-12-28T20:13:50.191+0700] {processor.py:183} INFO - Processing /opt/airflow/dags/ingestion_dag.py took 1.239 seconds
[2025-12-28T20:14:20.328+0700] {processor.py:161} INFO - Started process (PID=359) to work on /opt/airflow/dags/ingestion_dag.py
[2025-12-28T20:14:20.332+0700] {processor.py:830} INFO - Processing file /opt/airflow/dags/ingestion_dag.py for tasks to queue
[2025-12-28T20:14:20.340+0700] {logging_mixin.py:188} INFO - [2025-12-28T20:14:20.339+0700] {dagbag.py:545} INFO - Filling up the DagBag from /opt/airflow/dags/ingestion_dag.py
[2025-12-28T20:14:21.458+0700] {processor.py:840} INFO - DAG(s) 'flight_ingestion_v2' retrieved from /opt/airflow/dags/ingestion_dag.py
[2025-12-28T20:14:21.529+0700] {logging_mixin.py:188} INFO - [2025-12-28T20:14:21.528+0700] {dag.py:3096} INFO - Sync 1 DAGs
[2025-12-28T20:14:21.587+0700] {logging_mixin.py:188} INFO - [2025-12-28T20:14:21.587+0700] {dag.py:3954} INFO - Setting next_dagrun for flight_ingestion_v2 to 2025-12-27 17:00:00+00:00, run_after=2025-12-28 17:00:00+00:00
[2025-12-28T20:14:21.624+0700] {processor.py:183} INFO - Processing /opt/airflow/dags/ingestion_dag.py took 1.322 seconds
[2025-12-28T20:14:51.949+0700] {processor.py:161} INFO - Started process (PID=365) to work on /opt/airflow/dags/ingestion_dag.py
[2025-12-28T20:14:51.954+0700] {processor.py:830} INFO - Processing file /opt/airflow/dags/ingestion_dag.py for tasks to queue
[2025-12-28T20:14:51.966+0700] {logging_mixin.py:188} INFO - [2025-12-28T20:14:51.964+0700] {dagbag.py:545} INFO - Filling up the DagBag from /opt/airflow/dags/ingestion_dag.py
[2025-12-28T20:14:53.105+0700] {processor.py:840} INFO - DAG(s) 'flight_ingestion_v2' retrieved from /opt/airflow/dags/ingestion_dag.py
[2025-12-28T20:14:53.145+0700] {logging_mixin.py:188} INFO - [2025-12-28T20:14:53.144+0700] {dag.py:3096} INFO - Sync 1 DAGs
[2025-12-28T20:14:53.185+0700] {logging_mixin.py:188} INFO - [2025-12-28T20:14:53.184+0700] {dag.py:3954} INFO - Setting next_dagrun for flight_ingestion_v2 to 2025-12-27 17:00:00+00:00, run_after=2025-12-28 17:00:00+00:00
[2025-12-28T20:14:53.217+0700] {processor.py:183} INFO - Processing /opt/airflow/dags/ingestion_dag.py took 1.299 seconds
[2025-12-28T20:15:23.415+0700] {processor.py:161} INFO - Started process (PID=371) to work on /opt/airflow/dags/ingestion_dag.py
[2025-12-28T20:15:23.419+0700] {processor.py:830} INFO - Processing file /opt/airflow/dags/ingestion_dag.py for tasks to queue
[2025-12-28T20:15:23.430+0700] {logging_mixin.py:188} INFO - [2025-12-28T20:15:23.427+0700] {dagbag.py:545} INFO - Filling up the DagBag from /opt/airflow/dags/ingestion_dag.py
[2025-12-28T20:15:24.716+0700] {processor.py:840} INFO - DAG(s) 'flight_ingestion_v2' retrieved from /opt/airflow/dags/ingestion_dag.py
[2025-12-28T20:15:24.754+0700] {logging_mixin.py:188} INFO - [2025-12-28T20:15:24.753+0700] {dag.py:3096} INFO - Sync 1 DAGs
[2025-12-28T20:15:24.794+0700] {logging_mixin.py:188} INFO - [2025-12-28T20:15:24.793+0700] {dag.py:3954} INFO - Setting next_dagrun for flight_ingestion_v2 to 2025-12-27 17:00:00+00:00, run_after=2025-12-28 17:00:00+00:00
[2025-12-28T20:15:24.826+0700] {processor.py:183} INFO - Processing /opt/airflow/dags/ingestion_dag.py took 1.445 seconds
[2025-12-28T20:15:55.130+0700] {processor.py:161} INFO - Started process (PID=377) to work on /opt/airflow/dags/ingestion_dag.py
[2025-12-28T20:15:55.143+0700] {processor.py:830} INFO - Processing file /opt/airflow/dags/ingestion_dag.py for tasks to queue
[2025-12-28T20:15:55.167+0700] {logging_mixin.py:188} INFO - [2025-12-28T20:15:55.163+0700] {dagbag.py:545} INFO - Filling up the DagBag from /opt/airflow/dags/ingestion_dag.py
[2025-12-28T20:15:58.095+0700] {processor.py:840} INFO - DAG(s) 'flight_ingestion_v2' retrieved from /opt/airflow/dags/ingestion_dag.py
[2025-12-28T20:15:58.232+0700] {logging_mixin.py:188} INFO - [2025-12-28T20:15:58.230+0700] {dag.py:3096} INFO - Sync 1 DAGs
[2025-12-28T20:15:58.368+0700] {logging_mixin.py:188} INFO - [2025-12-28T20:15:58.367+0700] {dag.py:3954} INFO - Setting next_dagrun for flight_ingestion_v2 to 2025-12-27 17:00:00+00:00, run_after=2025-12-28 17:00:00+00:00
[2025-12-28T20:15:58.459+0700] {processor.py:183} INFO - Processing /opt/airflow/dags/ingestion_dag.py took 3.405 seconds
[2025-12-28T20:16:28.723+0700] {processor.py:161} INFO - Started process (PID=383) to work on /opt/airflow/dags/ingestion_dag.py
[2025-12-28T20:16:28.728+0700] {processor.py:830} INFO - Processing file /opt/airflow/dags/ingestion_dag.py for tasks to queue
[2025-12-28T20:16:28.738+0700] {logging_mixin.py:188} INFO - [2025-12-28T20:16:28.736+0700] {dagbag.py:545} INFO - Filling up the DagBag from /opt/airflow/dags/ingestion_dag.py
[2025-12-28T20:16:31.876+0700] {processor.py:840} INFO - DAG(s) 'flight_ingestion_v2' retrieved from /opt/airflow/dags/ingestion_dag.py
[2025-12-28T20:16:32.026+0700] {logging_mixin.py:188} INFO - [2025-12-28T20:16:32.024+0700] {dag.py:3096} INFO - Sync 1 DAGs
[2025-12-28T20:16:32.125+0700] {logging_mixin.py:188} INFO - [2025-12-28T20:16:32.124+0700] {dag.py:3954} INFO - Setting next_dagrun for flight_ingestion_v2 to 2025-12-27 17:00:00+00:00, run_after=2025-12-28 17:00:00+00:00
[2025-12-28T20:16:32.202+0700] {processor.py:183} INFO - Processing /opt/airflow/dags/ingestion_dag.py took 3.515 seconds
[2025-12-28T20:17:02.434+0700] {processor.py:161} INFO - Started process (PID=389) to work on /opt/airflow/dags/ingestion_dag.py
[2025-12-28T20:17:02.442+0700] {processor.py:830} INFO - Processing file /opt/airflow/dags/ingestion_dag.py for tasks to queue
[2025-12-28T20:17:02.453+0700] {logging_mixin.py:188} INFO - [2025-12-28T20:17:02.450+0700] {dagbag.py:545} INFO - Filling up the DagBag from /opt/airflow/dags/ingestion_dag.py
[2025-12-28T20:17:04.832+0700] {processor.py:840} INFO - DAG(s) 'flight_ingestion_v2' retrieved from /opt/airflow/dags/ingestion_dag.py
[2025-12-28T20:17:04.979+0700] {logging_mixin.py:188} INFO - [2025-12-28T20:17:04.977+0700] {dag.py:3096} INFO - Sync 1 DAGs
[2025-12-28T20:17:05.107+0700] {logging_mixin.py:188} INFO - [2025-12-28T20:17:05.106+0700] {dag.py:3954} INFO - Setting next_dagrun for flight_ingestion_v2 to 2025-12-27 17:00:00+00:00, run_after=2025-12-28 17:00:00+00:00
[2025-12-28T20:17:05.204+0700] {processor.py:183} INFO - Processing /opt/airflow/dags/ingestion_dag.py took 2.807 seconds
[2025-12-28T20:17:35.831+0700] {processor.py:161} INFO - Started process (PID=395) to work on /opt/airflow/dags/ingestion_dag.py
[2025-12-28T20:17:35.836+0700] {processor.py:830} INFO - Processing file /opt/airflow/dags/ingestion_dag.py for tasks to queue
[2025-12-28T20:17:35.846+0700] {logging_mixin.py:188} INFO - [2025-12-28T20:17:35.844+0700] {dagbag.py:545} INFO - Filling up the DagBag from /opt/airflow/dags/ingestion_dag.py
[2025-12-28T20:17:38.309+0700] {processor.py:840} INFO - DAG(s) 'flight_ingestion_v2' retrieved from /opt/airflow/dags/ingestion_dag.py
[2025-12-28T20:17:38.402+0700] {logging_mixin.py:188} INFO - [2025-12-28T20:17:38.400+0700] {dag.py:3096} INFO - Sync 1 DAGs
[2025-12-28T20:17:38.497+0700] {logging_mixin.py:188} INFO - [2025-12-28T20:17:38.497+0700] {dag.py:3954} INFO - Setting next_dagrun for flight_ingestion_v2 to 2025-12-27 17:00:00+00:00, run_after=2025-12-28 17:00:00+00:00
[2025-12-28T20:17:38.566+0700] {processor.py:183} INFO - Processing /opt/airflow/dags/ingestion_dag.py took 2.768 seconds
[2025-12-28T20:18:09.129+0700] {processor.py:161} INFO - Started process (PID=401) to work on /opt/airflow/dags/ingestion_dag.py
[2025-12-28T20:18:09.134+0700] {processor.py:830} INFO - Processing file /opt/airflow/dags/ingestion_dag.py for tasks to queue
[2025-12-28T20:18:09.143+0700] {logging_mixin.py:188} INFO - [2025-12-28T20:18:09.141+0700] {dagbag.py:545} INFO - Filling up the DagBag from /opt/airflow/dags/ingestion_dag.py
[2025-12-28T20:18:11.950+0700] {processor.py:840} INFO - DAG(s) 'flight_ingestion_v2' retrieved from /opt/airflow/dags/ingestion_dag.py
[2025-12-28T20:18:12.047+0700] {logging_mixin.py:188} INFO - [2025-12-28T20:18:12.045+0700] {dag.py:3096} INFO - Sync 1 DAGs
[2025-12-28T20:18:12.136+0700] {logging_mixin.py:188} INFO - [2025-12-28T20:18:12.135+0700] {dag.py:3954} INFO - Setting next_dagrun for flight_ingestion_v2 to 2025-12-27 17:00:00+00:00, run_after=2025-12-28 17:00:00+00:00
[2025-12-28T20:18:12.214+0700] {processor.py:183} INFO - Processing /opt/airflow/dags/ingestion_dag.py took 3.118 seconds
[2025-12-28T20:18:42.637+0700] {processor.py:161} INFO - Started process (PID=407) to work on /opt/airflow/dags/ingestion_dag.py
[2025-12-28T20:18:42.642+0700] {processor.py:830} INFO - Processing file /opt/airflow/dags/ingestion_dag.py for tasks to queue
[2025-12-28T20:18:42.654+0700] {logging_mixin.py:188} INFO - [2025-12-28T20:18:42.652+0700] {dagbag.py:545} INFO - Filling up the DagBag from /opt/airflow/dags/ingestion_dag.py
[2025-12-28T20:18:45.785+0700] {processor.py:840} INFO - DAG(s) 'flight_ingestion_v2' retrieved from /opt/airflow/dags/ingestion_dag.py
[2025-12-28T20:18:45.909+0700] {logging_mixin.py:188} INFO - [2025-12-28T20:18:45.904+0700] {dag.py:3096} INFO - Sync 1 DAGs
[2025-12-28T20:18:46.045+0700] {logging_mixin.py:188} INFO - [2025-12-28T20:18:46.044+0700] {dag.py:3954} INFO - Setting next_dagrun for flight_ingestion_v2 to 2025-12-27 17:00:00+00:00, run_after=2025-12-28 17:00:00+00:00
[2025-12-28T20:18:46.142+0700] {processor.py:183} INFO - Processing /opt/airflow/dags/ingestion_dag.py took 3.541 seconds
[2025-12-28T20:19:16.755+0700] {processor.py:161} INFO - Started process (PID=413) to work on /opt/airflow/dags/ingestion_dag.py
[2025-12-28T20:19:16.759+0700] {processor.py:830} INFO - Processing file /opt/airflow/dags/ingestion_dag.py for tasks to queue
[2025-12-28T20:19:16.769+0700] {logging_mixin.py:188} INFO - [2025-12-28T20:19:16.767+0700] {dagbag.py:545} INFO - Filling up the DagBag from /opt/airflow/dags/ingestion_dag.py
[2025-12-28T20:19:19.752+0700] {processor.py:840} INFO - DAG(s) 'flight_ingestion_v2' retrieved from /opt/airflow/dags/ingestion_dag.py
[2025-12-28T20:19:19.856+0700] {logging_mixin.py:188} INFO - [2025-12-28T20:19:19.853+0700] {dag.py:3096} INFO - Sync 1 DAGs
[2025-12-28T20:19:19.967+0700] {logging_mixin.py:188} INFO - [2025-12-28T20:19:19.966+0700] {dag.py:3954} INFO - Setting next_dagrun for flight_ingestion_v2 to 2025-12-27 17:00:00+00:00, run_after=2025-12-28 17:00:00+00:00
[2025-12-28T20:19:20.053+0700] {processor.py:183} INFO - Processing /opt/airflow/dags/ingestion_dag.py took 3.338 seconds
[2025-12-28T20:19:50.597+0700] {processor.py:161} INFO - Started process (PID=419) to work on /opt/airflow/dags/ingestion_dag.py
[2025-12-28T20:19:50.608+0700] {processor.py:830} INFO - Processing file /opt/airflow/dags/ingestion_dag.py for tasks to queue
[2025-12-28T20:19:50.632+0700] {logging_mixin.py:188} INFO - [2025-12-28T20:19:50.628+0700] {dagbag.py:545} INFO - Filling up the DagBag from /opt/airflow/dags/ingestion_dag.py
[2025-12-28T20:19:54.075+0700] {processor.py:840} INFO - DAG(s) 'flight_ingestion_v2' retrieved from /opt/airflow/dags/ingestion_dag.py
[2025-12-28T20:19:54.208+0700] {logging_mixin.py:188} INFO - [2025-12-28T20:19:54.206+0700] {dag.py:3096} INFO - Sync 1 DAGs
[2025-12-28T20:19:54.386+0700] {logging_mixin.py:188} INFO - [2025-12-28T20:19:54.380+0700] {dag.py:3954} INFO - Setting next_dagrun for flight_ingestion_v2 to 2025-12-27 17:00:00+00:00, run_after=2025-12-28 17:00:00+00:00
[2025-12-28T20:19:54.536+0700] {processor.py:183} INFO - Processing /opt/airflow/dags/ingestion_dag.py took 3.987 seconds
[2025-12-28T20:20:25.257+0700] {processor.py:161} INFO - Started process (PID=425) to work on /opt/airflow/dags/ingestion_dag.py
[2025-12-28T20:20:25.263+0700] {processor.py:830} INFO - Processing file /opt/airflow/dags/ingestion_dag.py for tasks to queue
[2025-12-28T20:20:25.278+0700] {logging_mixin.py:188} INFO - [2025-12-28T20:20:25.276+0700] {dagbag.py:545} INFO - Filling up the DagBag from /opt/airflow/dags/ingestion_dag.py
[2025-12-28T20:20:28.754+0700] {processor.py:840} INFO - DAG(s) 'flight_ingestion_v2' retrieved from /opt/airflow/dags/ingestion_dag.py
[2025-12-28T20:20:28.862+0700] {logging_mixin.py:188} INFO - [2025-12-28T20:20:28.860+0700] {dag.py:3096} INFO - Sync 1 DAGs
[2025-12-28T20:20:28.984+0700] {logging_mixin.py:188} INFO - [2025-12-28T20:20:28.982+0700] {dag.py:3954} INFO - Setting next_dagrun for flight_ingestion_v2 to 2025-12-27 17:00:00+00:00, run_after=2025-12-28 17:00:00+00:00
[2025-12-28T20:20:29.101+0700] {processor.py:183} INFO - Processing /opt/airflow/dags/ingestion_dag.py took 3.915 seconds
[2025-12-28T20:20:59.668+0700] {processor.py:161} INFO - Started process (PID=431) to work on /opt/airflow/dags/ingestion_dag.py
[2025-12-28T20:20:59.677+0700] {processor.py:830} INFO - Processing file /opt/airflow/dags/ingestion_dag.py for tasks to queue
[2025-12-28T20:20:59.691+0700] {logging_mixin.py:188} INFO - [2025-12-28T20:20:59.689+0700] {dagbag.py:545} INFO - Filling up the DagBag from /opt/airflow/dags/ingestion_dag.py
[2025-12-28T20:21:03.269+0700] {processor.py:840} INFO - DAG(s) 'flight_ingestion_v2' retrieved from /opt/airflow/dags/ingestion_dag.py
[2025-12-28T20:21:03.434+0700] {logging_mixin.py:188} INFO - [2025-12-28T20:21:03.432+0700] {dag.py:3096} INFO - Sync 1 DAGs
[2025-12-28T20:21:03.565+0700] {logging_mixin.py:188} INFO - [2025-12-28T20:21:03.563+0700] {dag.py:3954} INFO - Setting next_dagrun for flight_ingestion_v2 to 2025-12-27 17:00:00+00:00, run_after=2025-12-28 17:00:00+00:00
[2025-12-28T20:21:03.666+0700] {processor.py:183} INFO - Processing /opt/airflow/dags/ingestion_dag.py took 4.035 seconds
[2025-12-28T20:21:34.184+0700] {processor.py:161} INFO - Started process (PID=437) to work on /opt/airflow/dags/ingestion_dag.py
[2025-12-28T20:21:34.188+0700] {processor.py:830} INFO - Processing file /opt/airflow/dags/ingestion_dag.py for tasks to queue
[2025-12-28T20:21:34.197+0700] {logging_mixin.py:188} INFO - [2025-12-28T20:21:34.195+0700] {dagbag.py:545} INFO - Filling up the DagBag from /opt/airflow/dags/ingestion_dag.py
[2025-12-28T20:21:36.888+0700] {processor.py:840} INFO - DAG(s) 'flight_ingestion_v2' retrieved from /opt/airflow/dags/ingestion_dag.py
[2025-12-28T20:21:36.991+0700] {logging_mixin.py:188} INFO - [2025-12-28T20:21:36.989+0700] {dag.py:3096} INFO - Sync 1 DAGs
[2025-12-28T20:21:37.116+0700] {logging_mixin.py:188} INFO - [2025-12-28T20:21:37.115+0700] {dag.py:3954} INFO - Setting next_dagrun for flight_ingestion_v2 to 2025-12-27 17:00:00+00:00, run_after=2025-12-28 17:00:00+00:00
[2025-12-28T20:21:37.213+0700] {processor.py:183} INFO - Processing /opt/airflow/dags/ingestion_dag.py took 3.063 seconds
[2025-12-28T20:22:07.649+0700] {processor.py:161} INFO - Started process (PID=443) to work on /opt/airflow/dags/ingestion_dag.py
[2025-12-28T20:22:07.656+0700] {processor.py:830} INFO - Processing file /opt/airflow/dags/ingestion_dag.py for tasks to queue
[2025-12-28T20:22:07.669+0700] {logging_mixin.py:188} INFO - [2025-12-28T20:22:07.666+0700] {dagbag.py:545} INFO - Filling up the DagBag from /opt/airflow/dags/ingestion_dag.py
[2025-12-28T20:22:10.766+0700] {processor.py:840} INFO - DAG(s) 'flight_ingestion_v2' retrieved from /opt/airflow/dags/ingestion_dag.py
[2025-12-28T20:22:10.871+0700] {logging_mixin.py:188} INFO - [2025-12-28T20:22:10.870+0700] {dag.py:3096} INFO - Sync 1 DAGs
[2025-12-28T20:22:10.994+0700] {logging_mixin.py:188} INFO - [2025-12-28T20:22:10.992+0700] {dag.py:3954} INFO - Setting next_dagrun for flight_ingestion_v2 to 2025-12-27 17:00:00+00:00, run_after=2025-12-28 17:00:00+00:00
[2025-12-28T20:22:11.144+0700] {processor.py:183} INFO - Processing /opt/airflow/dags/ingestion_dag.py took 3.537 seconds
[2025-12-28T20:22:41.328+0700] {processor.py:161} INFO - Started process (PID=449) to work on /opt/airflow/dags/ingestion_dag.py
[2025-12-28T20:22:41.335+0700] {processor.py:830} INFO - Processing file /opt/airflow/dags/ingestion_dag.py for tasks to queue
[2025-12-28T20:22:41.359+0700] {logging_mixin.py:188} INFO - [2025-12-28T20:22:41.356+0700] {dagbag.py:545} INFO - Filling up the DagBag from /opt/airflow/dags/ingestion_dag.py
[2025-12-28T20:22:44.670+0700] {processor.py:840} INFO - DAG(s) 'flight_ingestion_v2' retrieved from /opt/airflow/dags/ingestion_dag.py
[2025-12-28T20:22:44.847+0700] {logging_mixin.py:188} INFO - [2025-12-28T20:22:44.844+0700] {dag.py:3096} INFO - Sync 1 DAGs
[2025-12-28T20:22:45.058+0700] {logging_mixin.py:188} INFO - [2025-12-28T20:22:45.057+0700] {dag.py:3954} INFO - Setting next_dagrun for flight_ingestion_v2 to 2025-12-27 17:00:00+00:00, run_after=2025-12-28 17:00:00+00:00
[2025-12-28T20:22:45.210+0700] {processor.py:183} INFO - Processing /opt/airflow/dags/ingestion_dag.py took 3.928 seconds
[2025-12-28T20:23:15.764+0700] {processor.py:161} INFO - Started process (PID=455) to work on /opt/airflow/dags/ingestion_dag.py
[2025-12-28T20:23:15.768+0700] {processor.py:830} INFO - Processing file /opt/airflow/dags/ingestion_dag.py for tasks to queue
[2025-12-28T20:23:15.779+0700] {logging_mixin.py:188} INFO - [2025-12-28T20:23:15.778+0700] {dagbag.py:545} INFO - Filling up the DagBag from /opt/airflow/dags/ingestion_dag.py
[2025-12-28T20:23:18.844+0700] {processor.py:840} INFO - DAG(s) 'flight_ingestion_v2' retrieved from /opt/airflow/dags/ingestion_dag.py
[2025-12-28T20:23:18.976+0700] {logging_mixin.py:188} INFO - [2025-12-28T20:23:18.974+0700] {dag.py:3096} INFO - Sync 1 DAGs
[2025-12-28T20:23:19.082+0700] {logging_mixin.py:188} INFO - [2025-12-28T20:23:19.081+0700] {dag.py:3954} INFO - Setting next_dagrun for flight_ingestion_v2 to 2025-12-27 17:00:00+00:00, run_after=2025-12-28 17:00:00+00:00
[2025-12-28T20:23:19.169+0700] {processor.py:183} INFO - Processing /opt/airflow/dags/ingestion_dag.py took 3.432 seconds
[2025-12-28T20:23:49.991+0700] {processor.py:161} INFO - Started process (PID=461) to work on /opt/airflow/dags/ingestion_dag.py
[2025-12-28T20:23:49.995+0700] {processor.py:830} INFO - Processing file /opt/airflow/dags/ingestion_dag.py for tasks to queue
[2025-12-28T20:23:50.007+0700] {logging_mixin.py:188} INFO - [2025-12-28T20:23:50.004+0700] {dagbag.py:545} INFO - Filling up the DagBag from /opt/airflow/dags/ingestion_dag.py
[2025-12-28T20:23:53.208+0700] {processor.py:840} INFO - DAG(s) 'flight_ingestion_v2' retrieved from /opt/airflow/dags/ingestion_dag.py
[2025-12-28T20:23:53.313+0700] {logging_mixin.py:188} INFO - [2025-12-28T20:23:53.311+0700] {dag.py:3096} INFO - Sync 1 DAGs
[2025-12-28T20:23:53.426+0700] {logging_mixin.py:188} INFO - [2025-12-28T20:23:53.425+0700] {dag.py:3954} INFO - Setting next_dagrun for flight_ingestion_v2 to 2025-12-27 17:00:00+00:00, run_after=2025-12-28 17:00:00+00:00
[2025-12-28T20:23:53.513+0700] {processor.py:183} INFO - Processing /opt/airflow/dags/ingestion_dag.py took 3.556 seconds
[2025-12-28T20:24:23.636+0700] {processor.py:161} INFO - Started process (PID=467) to work on /opt/airflow/dags/ingestion_dag.py
[2025-12-28T20:24:23.640+0700] {processor.py:830} INFO - Processing file /opt/airflow/dags/ingestion_dag.py for tasks to queue
[2025-12-28T20:24:23.651+0700] {logging_mixin.py:188} INFO - [2025-12-28T20:24:23.649+0700] {dagbag.py:545} INFO - Filling up the DagBag from /opt/airflow/dags/ingestion_dag.py
[2025-12-28T20:24:26.587+0700] {processor.py:840} INFO - DAG(s) 'flight_ingestion_v2' retrieved from /opt/airflow/dags/ingestion_dag.py
[2025-12-28T20:24:26.714+0700] {logging_mixin.py:188} INFO - [2025-12-28T20:24:26.711+0700] {dag.py:3096} INFO - Sync 1 DAGs
[2025-12-28T20:24:26.816+0700] {logging_mixin.py:188} INFO - [2025-12-28T20:24:26.815+0700] {dag.py:3954} INFO - Setting next_dagrun for flight_ingestion_v2 to 2025-12-27 17:00:00+00:00, run_after=2025-12-28 17:00:00+00:00
[2025-12-28T20:24:26.902+0700] {processor.py:183} INFO - Processing /opt/airflow/dags/ingestion_dag.py took 3.292 seconds
[2025-12-28T20:24:57.059+0700] {processor.py:161} INFO - Started process (PID=473) to work on /opt/airflow/dags/ingestion_dag.py
[2025-12-28T20:24:57.065+0700] {processor.py:830} INFO - Processing file /opt/airflow/dags/ingestion_dag.py for tasks to queue
[2025-12-28T20:24:57.076+0700] {logging_mixin.py:188} INFO - [2025-12-28T20:24:57.073+0700] {dagbag.py:545} INFO - Filling up the DagBag from /opt/airflow/dags/ingestion_dag.py
[2025-12-28T20:25:00.518+0700] {processor.py:840} INFO - DAG(s) 'flight_ingestion_v2' retrieved from /opt/airflow/dags/ingestion_dag.py
[2025-12-28T20:25:00.636+0700] {logging_mixin.py:188} INFO - [2025-12-28T20:25:00.633+0700] {dag.py:3096} INFO - Sync 1 DAGs
[2025-12-28T20:25:00.773+0700] {logging_mixin.py:188} INFO - [2025-12-28T20:25:00.772+0700] {dag.py:3954} INFO - Setting next_dagrun for flight_ingestion_v2 to 2025-12-27 17:00:00+00:00, run_after=2025-12-28 17:00:00+00:00
[2025-12-28T20:25:00.880+0700] {processor.py:183} INFO - Processing /opt/airflow/dags/ingestion_dag.py took 3.855 seconds
[2025-12-28T20:25:31.420+0700] {processor.py:161} INFO - Started process (PID=479) to work on /opt/airflow/dags/ingestion_dag.py
[2025-12-28T20:25:31.428+0700] {processor.py:830} INFO - Processing file /opt/airflow/dags/ingestion_dag.py for tasks to queue
[2025-12-28T20:25:31.442+0700] {logging_mixin.py:188} INFO - [2025-12-28T20:25:31.440+0700] {dagbag.py:545} INFO - Filling up the DagBag from /opt/airflow/dags/ingestion_dag.py
[2025-12-28T20:25:34.434+0700] {processor.py:840} INFO - DAG(s) 'flight_ingestion_v2' retrieved from /opt/airflow/dags/ingestion_dag.py
[2025-12-28T20:25:34.552+0700] {logging_mixin.py:188} INFO - [2025-12-28T20:25:34.550+0700] {dag.py:3096} INFO - Sync 1 DAGs
[2025-12-28T20:25:34.679+0700] {logging_mixin.py:188} INFO - [2025-12-28T20:25:34.678+0700] {dag.py:3954} INFO - Setting next_dagrun for flight_ingestion_v2 to 2025-12-27 17:00:00+00:00, run_after=2025-12-28 17:00:00+00:00
[2025-12-28T20:25:34.773+0700] {processor.py:183} INFO - Processing /opt/airflow/dags/ingestion_dag.py took 3.391 seconds
[2025-12-28T20:26:05.305+0700] {processor.py:161} INFO - Started process (PID=485) to work on /opt/airflow/dags/ingestion_dag.py
[2025-12-28T20:26:05.313+0700] {processor.py:830} INFO - Processing file /opt/airflow/dags/ingestion_dag.py for tasks to queue
[2025-12-28T20:26:05.329+0700] {logging_mixin.py:188} INFO - [2025-12-28T20:26:05.326+0700] {dagbag.py:545} INFO - Filling up the DagBag from /opt/airflow/dags/ingestion_dag.py
[2025-12-28T20:26:09.035+0700] {processor.py:840} INFO - DAG(s) 'flight_ingestion_v2' retrieved from /opt/airflow/dags/ingestion_dag.py
[2025-12-28T20:26:09.177+0700] {logging_mixin.py:188} INFO - [2025-12-28T20:26:09.174+0700] {dag.py:3096} INFO - Sync 1 DAGs
[2025-12-28T20:26:09.325+0700] {logging_mixin.py:188} INFO - [2025-12-28T20:26:09.324+0700] {dag.py:3954} INFO - Setting next_dagrun for flight_ingestion_v2 to 2025-12-27 17:00:00+00:00, run_after=2025-12-28 17:00:00+00:00
[2025-12-28T20:26:09.455+0700] {processor.py:183} INFO - Processing /opt/airflow/dags/ingestion_dag.py took 4.201 seconds
[2025-12-28T20:26:39.877+0700] {processor.py:161} INFO - Started process (PID=491) to work on /opt/airflow/dags/ingestion_dag.py
[2025-12-28T20:26:39.883+0700] {processor.py:830} INFO - Processing file /opt/airflow/dags/ingestion_dag.py for tasks to queue
[2025-12-28T20:26:39.892+0700] {logging_mixin.py:188} INFO - [2025-12-28T20:26:39.890+0700] {dagbag.py:545} INFO - Filling up the DagBag from /opt/airflow/dags/ingestion_dag.py
[2025-12-28T20:26:42.786+0700] {processor.py:840} INFO - DAG(s) 'flight_ingestion_v2' retrieved from /opt/airflow/dags/ingestion_dag.py
[2025-12-28T20:26:43.018+0700] {logging_mixin.py:188} INFO - [2025-12-28T20:26:43.015+0700] {dag.py:3096} INFO - Sync 1 DAGs
[2025-12-28T20:26:43.309+0700] {logging_mixin.py:188} INFO - [2025-12-28T20:26:43.304+0700] {dag.py:3954} INFO - Setting next_dagrun for flight_ingestion_v2 to 2025-12-27 17:00:00+00:00, run_after=2025-12-28 17:00:00+00:00
[2025-12-28T20:26:43.420+0700] {processor.py:183} INFO - Processing /opt/airflow/dags/ingestion_dag.py took 3.577 seconds
[2025-12-28T20:27:13.888+0700] {processor.py:161} INFO - Started process (PID=497) to work on /opt/airflow/dags/ingestion_dag.py
[2025-12-28T20:27:13.892+0700] {processor.py:830} INFO - Processing file /opt/airflow/dags/ingestion_dag.py for tasks to queue
[2025-12-28T20:27:13.902+0700] {logging_mixin.py:188} INFO - [2025-12-28T20:27:13.900+0700] {dagbag.py:545} INFO - Filling up the DagBag from /opt/airflow/dags/ingestion_dag.py
[2025-12-28T20:27:17.192+0700] {processor.py:840} INFO - DAG(s) 'flight_ingestion_v2' retrieved from /opt/airflow/dags/ingestion_dag.py
[2025-12-28T20:27:17.293+0700] {logging_mixin.py:188} INFO - [2025-12-28T20:27:17.291+0700] {dag.py:3096} INFO - Sync 1 DAGs
[2025-12-28T20:27:17.418+0700] {logging_mixin.py:188} INFO - [2025-12-28T20:27:17.416+0700] {dag.py:3954} INFO - Setting next_dagrun for flight_ingestion_v2 to 2025-12-27 17:00:00+00:00, run_after=2025-12-28 17:00:00+00:00
[2025-12-28T20:27:17.527+0700] {processor.py:183} INFO - Processing /opt/airflow/dags/ingestion_dag.py took 3.670 seconds
[2025-12-28T20:27:48.726+0700] {processor.py:161} INFO - Started process (PID=503) to work on /opt/airflow/dags/ingestion_dag.py
[2025-12-28T20:27:48.750+0700] {processor.py:830} INFO - Processing file /opt/airflow/dags/ingestion_dag.py for tasks to queue
[2025-12-28T20:27:48.811+0700] {logging_mixin.py:188} INFO - [2025-12-28T20:27:48.806+0700] {dagbag.py:545} INFO - Filling up the DagBag from /opt/airflow/dags/ingestion_dag.py
[2025-12-28T20:27:53.610+0700] {processor.py:840} INFO - DAG(s) 'flight_ingestion_v2' retrieved from /opt/airflow/dags/ingestion_dag.py
[2025-12-28T20:27:53.757+0700] {logging_mixin.py:188} INFO - [2025-12-28T20:27:53.752+0700] {dag.py:3096} INFO - Sync 1 DAGs
[2025-12-28T20:27:53.905+0700] {logging_mixin.py:188} INFO - [2025-12-28T20:27:53.903+0700] {dag.py:3954} INFO - Setting next_dagrun for flight_ingestion_v2 to 2025-12-27 17:00:00+00:00, run_after=2025-12-28 17:00:00+00:00
[2025-12-28T20:27:54.048+0700] {processor.py:183} INFO - Processing /opt/airflow/dags/ingestion_dag.py took 5.564 seconds
[2025-12-28T20:28:24.457+0700] {processor.py:161} INFO - Started process (PID=509) to work on /opt/airflow/dags/ingestion_dag.py
[2025-12-28T20:28:24.469+0700] {processor.py:830} INFO - Processing file /opt/airflow/dags/ingestion_dag.py for tasks to queue
[2025-12-28T20:28:24.497+0700] {logging_mixin.py:188} INFO - [2025-12-28T20:28:24.495+0700] {dagbag.py:545} INFO - Filling up the DagBag from /opt/airflow/dags/ingestion_dag.py
[2025-12-28T20:28:29.032+0700] {processor.py:840} INFO - DAG(s) 'flight_ingestion_v2' retrieved from /opt/airflow/dags/ingestion_dag.py
[2025-12-28T20:28:29.169+0700] {logging_mixin.py:188} INFO - [2025-12-28T20:28:29.166+0700] {dag.py:3096} INFO - Sync 1 DAGs
[2025-12-28T20:28:29.310+0700] {logging_mixin.py:188} INFO - [2025-12-28T20:28:29.308+0700] {dag.py:3954} INFO - Setting next_dagrun for flight_ingestion_v2 to 2025-12-27 17:00:00+00:00, run_after=2025-12-28 17:00:00+00:00
[2025-12-28T20:28:29.401+0700] {processor.py:183} INFO - Processing /opt/airflow/dags/ingestion_dag.py took 4.987 seconds
[2025-12-28T20:28:59.949+0700] {processor.py:161} INFO - Started process (PID=515) to work on /opt/airflow/dags/ingestion_dag.py
[2025-12-28T20:28:59.954+0700] {processor.py:830} INFO - Processing file /opt/airflow/dags/ingestion_dag.py for tasks to queue
[2025-12-28T20:28:59.966+0700] {logging_mixin.py:188} INFO - [2025-12-28T20:28:59.964+0700] {dagbag.py:545} INFO - Filling up the DagBag from /opt/airflow/dags/ingestion_dag.py
[2025-12-28T20:29:03.544+0700] {processor.py:840} INFO - DAG(s) 'flight_ingestion_v2' retrieved from /opt/airflow/dags/ingestion_dag.py
[2025-12-28T20:29:03.639+0700] {logging_mixin.py:188} INFO - [2025-12-28T20:29:03.638+0700] {dag.py:3096} INFO - Sync 1 DAGs
[2025-12-28T20:29:03.730+0700] {logging_mixin.py:188} INFO - [2025-12-28T20:29:03.729+0700] {dag.py:3954} INFO - Setting next_dagrun for flight_ingestion_v2 to 2025-12-27 17:00:00+00:00, run_after=2025-12-28 17:00:00+00:00
[2025-12-28T20:29:03.811+0700] {processor.py:183} INFO - Processing /opt/airflow/dags/ingestion_dag.py took 3.900 seconds
[2025-12-28T20:29:34.379+0700] {processor.py:161} INFO - Started process (PID=521) to work on /opt/airflow/dags/ingestion_dag.py
[2025-12-28T20:29:34.383+0700] {processor.py:830} INFO - Processing file /opt/airflow/dags/ingestion_dag.py for tasks to queue
[2025-12-28T20:29:34.392+0700] {logging_mixin.py:188} INFO - [2025-12-28T20:29:34.391+0700] {dagbag.py:545} INFO - Filling up the DagBag from /opt/airflow/dags/ingestion_dag.py
[2025-12-28T20:29:36.957+0700] {processor.py:840} INFO - DAG(s) 'flight_ingestion_v2' retrieved from /opt/airflow/dags/ingestion_dag.py
[2025-12-28T20:29:37.041+0700] {logging_mixin.py:188} INFO - [2025-12-28T20:29:37.039+0700] {dag.py:3096} INFO - Sync 1 DAGs
[2025-12-28T20:29:37.120+0700] {logging_mixin.py:188} INFO - [2025-12-28T20:29:37.119+0700] {dag.py:3954} INFO - Setting next_dagrun for flight_ingestion_v2 to 2025-12-27 17:00:00+00:00, run_after=2025-12-28 17:00:00+00:00
[2025-12-28T20:29:37.198+0700] {processor.py:183} INFO - Processing /opt/airflow/dags/ingestion_dag.py took 2.848 seconds
[2025-12-28T20:30:07.668+0700] {processor.py:161} INFO - Started process (PID=527) to work on /opt/airflow/dags/ingestion_dag.py
[2025-12-28T20:30:07.673+0700] {processor.py:830} INFO - Processing file /opt/airflow/dags/ingestion_dag.py for tasks to queue
[2025-12-28T20:30:07.683+0700] {logging_mixin.py:188} INFO - [2025-12-28T20:30:07.681+0700] {dagbag.py:545} INFO - Filling up the DagBag from /opt/airflow/dags/ingestion_dag.py
[2025-12-28T20:30:10.344+0700] {processor.py:840} INFO - DAG(s) 'flight_ingestion_v2' retrieved from /opt/airflow/dags/ingestion_dag.py
[2025-12-28T20:30:10.420+0700] {logging_mixin.py:188} INFO - [2025-12-28T20:30:10.419+0700] {dag.py:3096} INFO - Sync 1 DAGs
[2025-12-28T20:30:10.493+0700] {logging_mixin.py:188} INFO - [2025-12-28T20:30:10.493+0700] {dag.py:3954} INFO - Setting next_dagrun for flight_ingestion_v2 to 2025-12-27 17:00:00+00:00, run_after=2025-12-28 17:00:00+00:00
[2025-12-28T20:30:10.563+0700] {processor.py:183} INFO - Processing /opt/airflow/dags/ingestion_dag.py took 2.924 seconds
[2025-12-28T20:30:41.055+0700] {processor.py:161} INFO - Started process (PID=533) to work on /opt/airflow/dags/ingestion_dag.py
[2025-12-28T20:30:41.060+0700] {processor.py:830} INFO - Processing file /opt/airflow/dags/ingestion_dag.py for tasks to queue
[2025-12-28T20:30:41.072+0700] {logging_mixin.py:188} INFO - [2025-12-28T20:30:41.070+0700] {dagbag.py:545} INFO - Filling up the DagBag from /opt/airflow/dags/ingestion_dag.py
[2025-12-28T20:30:43.570+0700] {processor.py:840} INFO - DAG(s) 'flight_ingestion_v2' retrieved from /opt/airflow/dags/ingestion_dag.py
[2025-12-28T20:30:43.647+0700] {logging_mixin.py:188} INFO - [2025-12-28T20:30:43.646+0700] {dag.py:3096} INFO - Sync 1 DAGs
[2025-12-28T20:30:43.738+0700] {logging_mixin.py:188} INFO - [2025-12-28T20:30:43.737+0700] {dag.py:3954} INFO - Setting next_dagrun for flight_ingestion_v2 to 2025-12-27 17:00:00+00:00, run_after=2025-12-28 17:00:00+00:00
[2025-12-28T20:30:43.823+0700] {processor.py:183} INFO - Processing /opt/airflow/dags/ingestion_dag.py took 2.802 seconds
[2025-12-28T20:31:14.353+0700] {processor.py:161} INFO - Started process (PID=539) to work on /opt/airflow/dags/ingestion_dag.py
[2025-12-28T20:31:14.357+0700] {processor.py:830} INFO - Processing file /opt/airflow/dags/ingestion_dag.py for tasks to queue
[2025-12-28T20:31:14.369+0700] {logging_mixin.py:188} INFO - [2025-12-28T20:31:14.367+0700] {dagbag.py:545} INFO - Filling up the DagBag from /opt/airflow/dags/ingestion_dag.py
[2025-12-28T20:31:17.308+0700] {processor.py:840} INFO - DAG(s) 'flight_ingestion_v2' retrieved from /opt/airflow/dags/ingestion_dag.py
[2025-12-28T20:31:17.408+0700] {logging_mixin.py:188} INFO - [2025-12-28T20:31:17.406+0700] {dag.py:3096} INFO - Sync 1 DAGs
[2025-12-28T20:31:17.504+0700] {logging_mixin.py:188} INFO - [2025-12-28T20:31:17.503+0700] {dag.py:3954} INFO - Setting next_dagrun for flight_ingestion_v2 to 2025-12-27 17:00:00+00:00, run_after=2025-12-28 17:00:00+00:00
[2025-12-28T20:31:17.594+0700] {processor.py:183} INFO - Processing /opt/airflow/dags/ingestion_dag.py took 3.280 seconds
[2025-12-28T20:31:47.789+0700] {processor.py:161} INFO - Started process (PID=545) to work on /opt/airflow/dags/ingestion_dag.py
[2025-12-28T20:31:47.796+0700] {processor.py:830} INFO - Processing file /opt/airflow/dags/ingestion_dag.py for tasks to queue
[2025-12-28T20:31:47.807+0700] {logging_mixin.py:188} INFO - [2025-12-28T20:31:47.805+0700] {dagbag.py:545} INFO - Filling up the DagBag from /opt/airflow/dags/ingestion_dag.py
[2025-12-28T20:31:50.929+0700] {processor.py:840} INFO - DAG(s) 'flight_ingestion_v2' retrieved from /opt/airflow/dags/ingestion_dag.py
[2025-12-28T20:31:51.080+0700] {logging_mixin.py:188} INFO - [2025-12-28T20:31:51.077+0700] {dag.py:3096} INFO - Sync 1 DAGs
[2025-12-28T20:31:51.207+0700] {logging_mixin.py:188} INFO - [2025-12-28T20:31:51.206+0700] {dag.py:3954} INFO - Setting next_dagrun for flight_ingestion_v2 to 2025-12-27 17:00:00+00:00, run_after=2025-12-28 17:00:00+00:00
[2025-12-28T20:31:51.286+0700] {processor.py:183} INFO - Processing /opt/airflow/dags/ingestion_dag.py took 3.535 seconds
[2025-12-28T20:32:21.523+0700] {processor.py:161} INFO - Started process (PID=551) to work on /opt/airflow/dags/ingestion_dag.py
[2025-12-28T20:32:21.528+0700] {processor.py:830} INFO - Processing file /opt/airflow/dags/ingestion_dag.py for tasks to queue
[2025-12-28T20:32:21.538+0700] {logging_mixin.py:188} INFO - [2025-12-28T20:32:21.536+0700] {dagbag.py:545} INFO - Filling up the DagBag from /opt/airflow/dags/ingestion_dag.py
[2025-12-28T20:32:24.153+0700] {processor.py:840} INFO - DAG(s) 'flight_ingestion_v2' retrieved from /opt/airflow/dags/ingestion_dag.py
[2025-12-28T20:32:24.282+0700] {logging_mixin.py:188} INFO - [2025-12-28T20:32:24.280+0700] {dag.py:3096} INFO - Sync 1 DAGs
[2025-12-28T20:32:24.392+0700] {logging_mixin.py:188} INFO - [2025-12-28T20:32:24.391+0700] {dag.py:3954} INFO - Setting next_dagrun for flight_ingestion_v2 to 2025-12-27 17:00:00+00:00, run_after=2025-12-28 17:00:00+00:00
[2025-12-28T20:32:24.478+0700] {processor.py:183} INFO - Processing /opt/airflow/dags/ingestion_dag.py took 2.984 seconds
[2025-12-28T20:32:55.122+0700] {processor.py:161} INFO - Started process (PID=557) to work on /opt/airflow/dags/ingestion_dag.py
[2025-12-28T20:32:55.127+0700] {processor.py:830} INFO - Processing file /opt/airflow/dags/ingestion_dag.py for tasks to queue
[2025-12-28T20:32:55.138+0700] {logging_mixin.py:188} INFO - [2025-12-28T20:32:55.136+0700] {dagbag.py:545} INFO - Filling up the DagBag from /opt/airflow/dags/ingestion_dag.py
[2025-12-28T20:32:59.017+0700] {processor.py:840} INFO - DAG(s) 'flight_ingestion_v2' retrieved from /opt/airflow/dags/ingestion_dag.py
[2025-12-28T20:32:59.150+0700] {logging_mixin.py:188} INFO - [2025-12-28T20:32:59.147+0700] {dag.py:3096} INFO - Sync 1 DAGs
[2025-12-28T20:32:59.288+0700] {logging_mixin.py:188} INFO - [2025-12-28T20:32:59.287+0700] {dag.py:3954} INFO - Setting next_dagrun for flight_ingestion_v2 to 2025-12-27 17:00:00+00:00, run_after=2025-12-28 17:00:00+00:00
[2025-12-28T20:32:59.395+0700] {processor.py:183} INFO - Processing /opt/airflow/dags/ingestion_dag.py took 4.315 seconds
[2025-12-28T20:33:29.666+0700] {processor.py:161} INFO - Started process (PID=563) to work on /opt/airflow/dags/ingestion_dag.py
[2025-12-28T20:33:29.671+0700] {processor.py:830} INFO - Processing file /opt/airflow/dags/ingestion_dag.py for tasks to queue
[2025-12-28T20:33:29.681+0700] {logging_mixin.py:188} INFO - [2025-12-28T20:33:29.679+0700] {dagbag.py:545} INFO - Filling up the DagBag from /opt/airflow/dags/ingestion_dag.py
[2025-12-28T20:33:32.093+0700] {processor.py:840} INFO - DAG(s) 'flight_ingestion_v2' retrieved from /opt/airflow/dags/ingestion_dag.py
[2025-12-28T20:33:32.204+0700] {logging_mixin.py:188} INFO - [2025-12-28T20:33:32.202+0700] {dag.py:3096} INFO - Sync 1 DAGs
[2025-12-28T20:33:32.292+0700] {logging_mixin.py:188} INFO - [2025-12-28T20:33:32.291+0700] {dag.py:3954} INFO - Setting next_dagrun for flight_ingestion_v2 to 2025-12-27 17:00:00+00:00, run_after=2025-12-28 17:00:00+00:00
[2025-12-28T20:33:32.368+0700] {processor.py:183} INFO - Processing /opt/airflow/dags/ingestion_dag.py took 2.735 seconds
[2025-12-28T20:34:03.059+0700] {processor.py:161} INFO - Started process (PID=572) to work on /opt/airflow/dags/ingestion_dag.py
[2025-12-28T20:34:03.074+0700] {processor.py:830} INFO - Processing file /opt/airflow/dags/ingestion_dag.py for tasks to queue
[2025-12-28T20:34:03.100+0700] {logging_mixin.py:188} INFO - [2025-12-28T20:34:03.098+0700] {dagbag.py:545} INFO - Filling up the DagBag from /opt/airflow/dags/ingestion_dag.py
[2025-12-28T20:34:06.683+0700] {processor.py:840} INFO - DAG(s) 'flight_ingestion_v2' retrieved from /opt/airflow/dags/ingestion_dag.py
[2025-12-28T20:34:06.790+0700] {logging_mixin.py:188} INFO - [2025-12-28T20:34:06.789+0700] {dag.py:3096} INFO - Sync 1 DAGs
[2025-12-28T20:34:06.886+0700] {logging_mixin.py:188} INFO - [2025-12-28T20:34:06.885+0700] {dag.py:3954} INFO - Setting next_dagrun for flight_ingestion_v2 to 2025-12-27 17:00:00+00:00, run_after=2025-12-28 17:00:00+00:00
[2025-12-28T20:34:06.964+0700] {processor.py:183} INFO - Processing /opt/airflow/dags/ingestion_dag.py took 3.956 seconds
[2025-12-28T20:34:37.543+0700] {processor.py:161} INFO - Started process (PID=578) to work on /opt/airflow/dags/ingestion_dag.py
[2025-12-28T20:34:37.548+0700] {processor.py:830} INFO - Processing file /opt/airflow/dags/ingestion_dag.py for tasks to queue
[2025-12-28T20:34:37.561+0700] {logging_mixin.py:188} INFO - [2025-12-28T20:34:37.558+0700] {dagbag.py:545} INFO - Filling up the DagBag from /opt/airflow/dags/ingestion_dag.py
[2025-12-28T20:34:41.172+0700] {processor.py:840} INFO - DAG(s) 'flight_ingestion_v2' retrieved from /opt/airflow/dags/ingestion_dag.py
[2025-12-28T20:34:41.316+0700] {logging_mixin.py:188} INFO - [2025-12-28T20:34:41.314+0700] {dag.py:3096} INFO - Sync 1 DAGs
[2025-12-28T20:34:41.454+0700] {logging_mixin.py:188} INFO - [2025-12-28T20:34:41.453+0700] {dag.py:3954} INFO - Setting next_dagrun for flight_ingestion_v2 to 2025-12-27 17:00:00+00:00, run_after=2025-12-28 17:00:00+00:00
[2025-12-28T20:34:41.605+0700] {processor.py:183} INFO - Processing /opt/airflow/dags/ingestion_dag.py took 4.104 seconds
[2025-12-28T20:35:12.127+0700] {processor.py:161} INFO - Started process (PID=584) to work on /opt/airflow/dags/ingestion_dag.py
[2025-12-28T20:35:12.132+0700] {processor.py:830} INFO - Processing file /opt/airflow/dags/ingestion_dag.py for tasks to queue
[2025-12-28T20:35:12.143+0700] {logging_mixin.py:188} INFO - [2025-12-28T20:35:12.141+0700] {dagbag.py:545} INFO - Filling up the DagBag from /opt/airflow/dags/ingestion_dag.py
[2025-12-28T20:35:15.399+0700] {processor.py:840} INFO - DAG(s) 'flight_ingestion_v2' retrieved from /opt/airflow/dags/ingestion_dag.py
[2025-12-28T20:35:15.506+0700] {logging_mixin.py:188} INFO - [2025-12-28T20:35:15.504+0700] {dag.py:3096} INFO - Sync 1 DAGs
[2025-12-28T20:35:15.609+0700] {logging_mixin.py:188} INFO - [2025-12-28T20:35:15.608+0700] {dag.py:3954} INFO - Setting next_dagrun for flight_ingestion_v2 to 2025-12-27 17:00:00+00:00, run_after=2025-12-28 17:00:00+00:00
[2025-12-28T20:35:15.701+0700] {processor.py:183} INFO - Processing /opt/airflow/dags/ingestion_dag.py took 3.613 seconds
[2025-12-28T20:35:46.310+0700] {processor.py:161} INFO - Started process (PID=590) to work on /opt/airflow/dags/ingestion_dag.py
[2025-12-28T20:35:46.315+0700] {processor.py:830} INFO - Processing file /opt/airflow/dags/ingestion_dag.py for tasks to queue
[2025-12-28T20:35:46.327+0700] {logging_mixin.py:188} INFO - [2025-12-28T20:35:46.326+0700] {dagbag.py:545} INFO - Filling up the DagBag from /opt/airflow/dags/ingestion_dag.py
[2025-12-28T20:35:49.948+0700] {processor.py:840} INFO - DAG(s) 'flight_ingestion_v2' retrieved from /opt/airflow/dags/ingestion_dag.py
[2025-12-28T20:35:50.089+0700] {logging_mixin.py:188} INFO - [2025-12-28T20:35:50.087+0700] {dag.py:3096} INFO - Sync 1 DAGs
[2025-12-28T20:35:50.228+0700] {logging_mixin.py:188} INFO - [2025-12-28T20:35:50.227+0700] {dag.py:3954} INFO - Setting next_dagrun for flight_ingestion_v2 to 2025-12-27 17:00:00+00:00, run_after=2025-12-28 17:00:00+00:00
[2025-12-28T20:35:50.340+0700] {processor.py:183} INFO - Processing /opt/airflow/dags/ingestion_dag.py took 4.063 seconds
[2025-12-28T20:36:20.909+0700] {processor.py:161} INFO - Started process (PID=596) to work on /opt/airflow/dags/ingestion_dag.py
[2025-12-28T20:36:20.914+0700] {processor.py:830} INFO - Processing file /opt/airflow/dags/ingestion_dag.py for tasks to queue
[2025-12-28T20:36:20.923+0700] {logging_mixin.py:188} INFO - [2025-12-28T20:36:20.921+0700] {dagbag.py:545} INFO - Filling up the DagBag from /opt/airflow/dags/ingestion_dag.py
[2025-12-28T20:36:23.799+0700] {processor.py:840} INFO - DAG(s) 'flight_ingestion_v2' retrieved from /opt/airflow/dags/ingestion_dag.py
[2025-12-28T20:36:23.913+0700] {logging_mixin.py:188} INFO - [2025-12-28T20:36:23.911+0700] {dag.py:3096} INFO - Sync 1 DAGs
[2025-12-28T20:36:24.030+0700] {logging_mixin.py:188} INFO - [2025-12-28T20:36:24.029+0700] {dag.py:3954} INFO - Setting next_dagrun for flight_ingestion_v2 to 2025-12-27 17:00:00+00:00, run_after=2025-12-28 17:00:00+00:00
[2025-12-28T20:36:24.121+0700] {processor.py:183} INFO - Processing /opt/airflow/dags/ingestion_dag.py took 3.240 seconds
[2025-12-28T20:36:54.546+0700] {processor.py:161} INFO - Started process (PID=602) to work on /opt/airflow/dags/ingestion_dag.py
[2025-12-28T20:36:54.551+0700] {processor.py:830} INFO - Processing file /opt/airflow/dags/ingestion_dag.py for tasks to queue
[2025-12-28T20:36:54.561+0700] {logging_mixin.py:188} INFO - [2025-12-28T20:36:54.560+0700] {dagbag.py:545} INFO - Filling up the DagBag from /opt/airflow/dags/ingestion_dag.py
[2025-12-28T20:36:57.826+0700] {processor.py:840} INFO - DAG(s) 'flight_ingestion_v2' retrieved from /opt/airflow/dags/ingestion_dag.py
[2025-12-28T20:36:57.935+0700] {logging_mixin.py:188} INFO - [2025-12-28T20:36:57.933+0700] {dag.py:3096} INFO - Sync 1 DAGs
[2025-12-28T20:36:58.093+0700] {logging_mixin.py:188} INFO - [2025-12-28T20:36:58.091+0700] {dag.py:3954} INFO - Setting next_dagrun for flight_ingestion_v2 to 2025-12-27 17:00:00+00:00, run_after=2025-12-28 17:00:00+00:00
[2025-12-28T20:36:58.212+0700] {processor.py:183} INFO - Processing /opt/airflow/dags/ingestion_dag.py took 3.703 seconds
[2025-12-28T20:37:28.494+0700] {processor.py:161} INFO - Started process (PID=608) to work on /opt/airflow/dags/ingestion_dag.py
[2025-12-28T20:37:28.499+0700] {processor.py:830} INFO - Processing file /opt/airflow/dags/ingestion_dag.py for tasks to queue
[2025-12-28T20:37:28.512+0700] {logging_mixin.py:188} INFO - [2025-12-28T20:37:28.510+0700] {dagbag.py:545} INFO - Filling up the DagBag from /opt/airflow/dags/ingestion_dag.py
[2025-12-28T20:37:31.781+0700] {processor.py:840} INFO - DAG(s) 'flight_ingestion_v2' retrieved from /opt/airflow/dags/ingestion_dag.py
[2025-12-28T20:37:31.894+0700] {logging_mixin.py:188} INFO - [2025-12-28T20:37:31.892+0700] {dag.py:3096} INFO - Sync 1 DAGs
[2025-12-28T20:37:32.031+0700] {logging_mixin.py:188} INFO - [2025-12-28T20:37:32.030+0700] {dag.py:3954} INFO - Setting next_dagrun for flight_ingestion_v2 to 2025-12-27 17:00:00+00:00, run_after=2025-12-28 17:00:00+00:00
[2025-12-28T20:37:32.221+0700] {processor.py:183} INFO - Processing /opt/airflow/dags/ingestion_dag.py took 3.766 seconds
[2025-12-28T20:38:02.544+0700] {processor.py:161} INFO - Started process (PID=614) to work on /opt/airflow/dags/ingestion_dag.py
[2025-12-28T20:38:02.549+0700] {processor.py:830} INFO - Processing file /opt/airflow/dags/ingestion_dag.py for tasks to queue
[2025-12-28T20:38:02.559+0700] {logging_mixin.py:188} INFO - [2025-12-28T20:38:02.557+0700] {dagbag.py:545} INFO - Filling up the DagBag from /opt/airflow/dags/ingestion_dag.py
[2025-12-28T20:38:05.543+0700] {processor.py:840} INFO - DAG(s) 'flight_ingestion_v2' retrieved from /opt/airflow/dags/ingestion_dag.py
[2025-12-28T20:38:05.657+0700] {logging_mixin.py:188} INFO - [2025-12-28T20:38:05.655+0700] {dag.py:3096} INFO - Sync 1 DAGs
[2025-12-28T20:38:05.778+0700] {logging_mixin.py:188} INFO - [2025-12-28T20:38:05.777+0700] {dag.py:3954} INFO - Setting next_dagrun for flight_ingestion_v2 to 2025-12-27 17:00:00+00:00, run_after=2025-12-28 17:00:00+00:00
[2025-12-28T20:38:05.872+0700] {processor.py:183} INFO - Processing /opt/airflow/dags/ingestion_dag.py took 3.359 seconds
[2025-12-28T20:38:36.293+0700] {processor.py:161} INFO - Started process (PID=620) to work on /opt/airflow/dags/ingestion_dag.py
[2025-12-28T20:38:36.299+0700] {processor.py:830} INFO - Processing file /opt/airflow/dags/ingestion_dag.py for tasks to queue
[2025-12-28T20:38:36.308+0700] {logging_mixin.py:188} INFO - [2025-12-28T20:38:36.306+0700] {dagbag.py:545} INFO - Filling up the DagBag from /opt/airflow/dags/ingestion_dag.py
[2025-12-28T20:38:39.378+0700] {processor.py:840} INFO - DAG(s) 'flight_ingestion_v2' retrieved from /opt/airflow/dags/ingestion_dag.py
[2025-12-28T20:38:39.484+0700] {logging_mixin.py:188} INFO - [2025-12-28T20:38:39.482+0700] {dag.py:3096} INFO - Sync 1 DAGs
[2025-12-28T20:38:39.599+0700] {logging_mixin.py:188} INFO - [2025-12-28T20:38:39.598+0700] {dag.py:3954} INFO - Setting next_dagrun for flight_ingestion_v2 to 2025-12-27 17:00:00+00:00, run_after=2025-12-28 17:00:00+00:00
[2025-12-28T20:38:39.687+0700] {processor.py:183} INFO - Processing /opt/airflow/dags/ingestion_dag.py took 3.424 seconds
[2025-12-28T20:39:09.839+0700] {processor.py:161} INFO - Started process (PID=626) to work on /opt/airflow/dags/ingestion_dag.py
[2025-12-28T20:39:09.844+0700] {processor.py:830} INFO - Processing file /opt/airflow/dags/ingestion_dag.py for tasks to queue
[2025-12-28T20:39:09.854+0700] {logging_mixin.py:188} INFO - [2025-12-28T20:39:09.853+0700] {dagbag.py:545} INFO - Filling up the DagBag from /opt/airflow/dags/ingestion_dag.py
[2025-12-28T20:39:13.033+0700] {processor.py:840} INFO - DAG(s) 'flight_ingestion_v2' retrieved from /opt/airflow/dags/ingestion_dag.py
[2025-12-28T20:39:13.149+0700] {logging_mixin.py:188} INFO - [2025-12-28T20:39:13.146+0700] {dag.py:3096} INFO - Sync 1 DAGs
[2025-12-28T20:39:13.270+0700] {logging_mixin.py:188} INFO - [2025-12-28T20:39:13.268+0700] {dag.py:3954} INFO - Setting next_dagrun for flight_ingestion_v2 to 2025-12-27 17:00:00+00:00, run_after=2025-12-28 17:00:00+00:00
[2025-12-28T20:39:13.394+0700] {processor.py:183} INFO - Processing /opt/airflow/dags/ingestion_dag.py took 3.588 seconds
[2025-12-28T20:39:43.546+0700] {processor.py:161} INFO - Started process (PID=632) to work on /opt/airflow/dags/ingestion_dag.py
[2025-12-28T20:39:43.551+0700] {processor.py:830} INFO - Processing file /opt/airflow/dags/ingestion_dag.py for tasks to queue
[2025-12-28T20:39:43.563+0700] {logging_mixin.py:188} INFO - [2025-12-28T20:39:43.561+0700] {dagbag.py:545} INFO - Filling up the DagBag from /opt/airflow/dags/ingestion_dag.py
[2025-12-28T20:39:46.465+0700] {processor.py:840} INFO - DAG(s) 'flight_ingestion_v2' retrieved from /opt/airflow/dags/ingestion_dag.py
[2025-12-28T20:39:46.687+0700] {logging_mixin.py:188} INFO - [2025-12-28T20:39:46.686+0700] {dag.py:3096} INFO - Sync 1 DAGs
[2025-12-28T20:39:46.806+0700] {logging_mixin.py:188} INFO - [2025-12-28T20:39:46.805+0700] {dag.py:3954} INFO - Setting next_dagrun for flight_ingestion_v2 to 2025-12-27 17:00:00+00:00, run_after=2025-12-28 17:00:00+00:00
[2025-12-28T20:39:46.891+0700] {processor.py:183} INFO - Processing /opt/airflow/dags/ingestion_dag.py took 3.377 seconds
[2025-12-28T20:40:17.184+0700] {processor.py:161} INFO - Started process (PID=638) to work on /opt/airflow/dags/ingestion_dag.py
[2025-12-28T20:40:17.189+0700] {processor.py:830} INFO - Processing file /opt/airflow/dags/ingestion_dag.py for tasks to queue
[2025-12-28T20:40:17.199+0700] {logging_mixin.py:188} INFO - [2025-12-28T20:40:17.196+0700] {dagbag.py:545} INFO - Filling up the DagBag from /opt/airflow/dags/ingestion_dag.py
[2025-12-28T20:40:20.712+0700] {processor.py:840} INFO - DAG(s) 'flight_ingestion_v2' retrieved from /opt/airflow/dags/ingestion_dag.py
[2025-12-28T20:40:21.023+0700] {logging_mixin.py:188} INFO - [2025-12-28T20:40:21.021+0700] {dag.py:3096} INFO - Sync 1 DAGs
[2025-12-28T20:40:21.449+0700] {logging_mixin.py:188} INFO - [2025-12-28T20:40:21.444+0700] {dag.py:3954} INFO - Setting next_dagrun for flight_ingestion_v2 to 2025-12-27 17:00:00+00:00, run_after=2025-12-28 17:00:00+00:00
[2025-12-28T20:40:21.698+0700] {processor.py:183} INFO - Processing /opt/airflow/dags/ingestion_dag.py took 4.552 seconds
[2025-12-28T20:40:52.128+0700] {processor.py:161} INFO - Started process (PID=644) to work on /opt/airflow/dags/ingestion_dag.py
[2025-12-28T20:40:52.136+0700] {processor.py:830} INFO - Processing file /opt/airflow/dags/ingestion_dag.py for tasks to queue
[2025-12-28T20:40:52.148+0700] {logging_mixin.py:188} INFO - [2025-12-28T20:40:52.146+0700] {dagbag.py:545} INFO - Filling up the DagBag from /opt/airflow/dags/ingestion_dag.py
[2025-12-28T20:40:55.603+0700] {processor.py:840} INFO - DAG(s) 'flight_ingestion_v2' retrieved from /opt/airflow/dags/ingestion_dag.py
[2025-12-28T20:40:55.756+0700] {logging_mixin.py:188} INFO - [2025-12-28T20:40:55.754+0700] {dag.py:3096} INFO - Sync 1 DAGs
[2025-12-28T20:40:55.887+0700] {logging_mixin.py:188} INFO - [2025-12-28T20:40:55.885+0700] {dag.py:3954} INFO - Setting next_dagrun for flight_ingestion_v2 to 2025-12-27 17:00:00+00:00, run_after=2025-12-28 17:00:00+00:00
[2025-12-28T20:40:56.011+0700] {processor.py:183} INFO - Processing /opt/airflow/dags/ingestion_dag.py took 3.926 seconds
[2025-12-28T20:41:26.669+0700] {processor.py:161} INFO - Started process (PID=650) to work on /opt/airflow/dags/ingestion_dag.py
[2025-12-28T20:41:26.675+0700] {processor.py:830} INFO - Processing file /opt/airflow/dags/ingestion_dag.py for tasks to queue
[2025-12-28T20:41:26.686+0700] {logging_mixin.py:188} INFO - [2025-12-28T20:41:26.684+0700] {dagbag.py:545} INFO - Filling up the DagBag from /opt/airflow/dags/ingestion_dag.py
[2025-12-28T20:41:30.461+0700] {processor.py:840} INFO - DAG(s) 'flight_ingestion_v2' retrieved from /opt/airflow/dags/ingestion_dag.py
[2025-12-28T20:41:30.672+0700] {logging_mixin.py:188} INFO - [2025-12-28T20:41:30.666+0700] {dag.py:3096} INFO - Sync 1 DAGs
[2025-12-28T20:41:30.806+0700] {logging_mixin.py:188} INFO - [2025-12-28T20:41:30.805+0700] {dag.py:3954} INFO - Setting next_dagrun for flight_ingestion_v2 to 2025-12-27 17:00:00+00:00, run_after=2025-12-28 17:00:00+00:00
[2025-12-28T20:41:30.921+0700] {processor.py:183} INFO - Processing /opt/airflow/dags/ingestion_dag.py took 4.283 seconds
[2025-12-28T20:42:01.702+0700] {processor.py:161} INFO - Started process (PID=656) to work on /opt/airflow/dags/ingestion_dag.py
[2025-12-28T20:42:01.714+0700] {processor.py:830} INFO - Processing file /opt/airflow/dags/ingestion_dag.py for tasks to queue
[2025-12-28T20:42:01.735+0700] {logging_mixin.py:188} INFO - [2025-12-28T20:42:01.726+0700] {dagbag.py:545} INFO - Filling up the DagBag from /opt/airflow/dags/ingestion_dag.py
[2025-12-28T20:42:05.334+0700] {processor.py:840} INFO - DAG(s) 'flight_ingestion_v2' retrieved from /opt/airflow/dags/ingestion_dag.py
[2025-12-28T20:42:05.518+0700] {logging_mixin.py:188} INFO - [2025-12-28T20:42:05.516+0700] {dag.py:3096} INFO - Sync 1 DAGs
[2025-12-28T20:42:05.687+0700] {logging_mixin.py:188} INFO - [2025-12-28T20:42:05.685+0700] {dag.py:3954} INFO - Setting next_dagrun for flight_ingestion_v2 to 2025-12-27 17:00:00+00:00, run_after=2025-12-28 17:00:00+00:00
[2025-12-28T20:42:05.801+0700] {processor.py:183} INFO - Processing /opt/airflow/dags/ingestion_dag.py took 4.151 seconds
[2025-12-28T20:42:36.285+0700] {processor.py:161} INFO - Started process (PID=662) to work on /opt/airflow/dags/ingestion_dag.py
[2025-12-28T20:42:36.291+0700] {processor.py:830} INFO - Processing file /opt/airflow/dags/ingestion_dag.py for tasks to queue
[2025-12-28T20:42:36.302+0700] {logging_mixin.py:188} INFO - [2025-12-28T20:42:36.300+0700] {dagbag.py:545} INFO - Filling up the DagBag from /opt/airflow/dags/ingestion_dag.py
[2025-12-28T20:42:39.748+0700] {processor.py:840} INFO - DAG(s) 'flight_ingestion_v2' retrieved from /opt/airflow/dags/ingestion_dag.py
[2025-12-28T20:42:39.892+0700] {logging_mixin.py:188} INFO - [2025-12-28T20:42:39.890+0700] {dag.py:3096} INFO - Sync 1 DAGs
[2025-12-28T20:42:40.041+0700] {logging_mixin.py:188} INFO - [2025-12-28T20:42:40.040+0700] {dag.py:3954} INFO - Setting next_dagrun for flight_ingestion_v2 to 2025-12-27 17:00:00+00:00, run_after=2025-12-28 17:00:00+00:00
[2025-12-28T20:42:40.179+0700] {processor.py:183} INFO - Processing /opt/airflow/dags/ingestion_dag.py took 3.932 seconds
[2025-12-28T20:43:11.358+0700] {processor.py:161} INFO - Started process (PID=668) to work on /opt/airflow/dags/ingestion_dag.py
[2025-12-28T20:43:11.364+0700] {processor.py:830} INFO - Processing file /opt/airflow/dags/ingestion_dag.py for tasks to queue
[2025-12-28T20:43:11.388+0700] {logging_mixin.py:188} INFO - [2025-12-28T20:43:11.386+0700] {dagbag.py:545} INFO - Filling up the DagBag from /opt/airflow/dags/ingestion_dag.py
[2025-12-28T20:43:15.877+0700] {processor.py:840} INFO - DAG(s) 'flight_ingestion_v2' retrieved from /opt/airflow/dags/ingestion_dag.py
[2025-12-28T20:43:16.085+0700] {logging_mixin.py:188} INFO - [2025-12-28T20:43:16.083+0700] {dag.py:3096} INFO - Sync 1 DAGs
[2025-12-28T20:43:16.359+0700] {logging_mixin.py:188} INFO - [2025-12-28T20:43:16.357+0700] {dag.py:3954} INFO - Setting next_dagrun for flight_ingestion_v2 to 2025-12-27 17:00:00+00:00, run_after=2025-12-28 17:00:00+00:00
[2025-12-28T20:43:16.517+0700] {processor.py:183} INFO - Processing /opt/airflow/dags/ingestion_dag.py took 5.219 seconds
[2025-12-28T20:48:48.326+0700] {processor.py:161} INFO - Started process (PID=163) to work on /opt/airflow/dags/ingestion_dag.py
[2025-12-28T20:48:48.328+0700] {processor.py:830} INFO - Processing file /opt/airflow/dags/ingestion_dag.py for tasks to queue
[2025-12-28T20:48:48.333+0700] {logging_mixin.py:188} INFO - [2025-12-28T20:48:48.333+0700] {dagbag.py:545} INFO - Filling up the DagBag from /opt/airflow/dags/ingestion_dag.py
[2025-12-28T20:48:50.934+0700] {processor.py:840} INFO - DAG(s) 'flight_ingestion_v2' retrieved from /opt/airflow/dags/ingestion_dag.py
[2025-12-28T20:48:51.630+0700] {logging_mixin.py:188} INFO - [2025-12-28T20:48:51.629+0700] {dag.py:3096} INFO - Sync 1 DAGs
[2025-12-28T20:48:51.700+0700] {logging_mixin.py:188} INFO - [2025-12-28T20:48:51.699+0700] {dag.py:3954} INFO - Setting next_dagrun for flight_ingestion_v2 to 2025-12-27 17:00:00+00:00, run_after=2025-12-28 17:00:00+00:00
[2025-12-28T20:48:51.764+0700] {processor.py:183} INFO - Processing /opt/airflow/dags/ingestion_dag.py took 3.448 seconds
[2025-12-28T20:49:22.061+0700] {processor.py:161} INFO - Started process (PID=173) to work on /opt/airflow/dags/ingestion_dag.py
[2025-12-28T20:49:22.062+0700] {processor.py:830} INFO - Processing file /opt/airflow/dags/ingestion_dag.py for tasks to queue
[2025-12-28T20:49:22.065+0700] {logging_mixin.py:188} INFO - [2025-12-28T20:49:22.065+0700] {dagbag.py:545} INFO - Filling up the DagBag from /opt/airflow/dags/ingestion_dag.py
[2025-12-28T20:49:23.269+0700] {processor.py:840} INFO - DAG(s) 'flight_ingestion_v2' retrieved from /opt/airflow/dags/ingestion_dag.py
[2025-12-28T20:49:23.325+0700] {logging_mixin.py:188} INFO - [2025-12-28T20:49:23.324+0700] {dag.py:3096} INFO - Sync 1 DAGs
[2025-12-28T20:49:23.386+0700] {logging_mixin.py:188} INFO - [2025-12-28T20:49:23.386+0700] {dag.py:3954} INFO - Setting next_dagrun for flight_ingestion_v2 to 2025-12-27 17:00:00+00:00, run_after=2025-12-28 17:00:00+00:00
[2025-12-28T20:49:23.445+0700] {processor.py:183} INFO - Processing /opt/airflow/dags/ingestion_dag.py took 1.396 seconds
[2025-12-28T20:49:53.726+0700] {processor.py:161} INFO - Started process (PID=179) to work on /opt/airflow/dags/ingestion_dag.py
[2025-12-28T20:49:53.727+0700] {processor.py:830} INFO - Processing file /opt/airflow/dags/ingestion_dag.py for tasks to queue
[2025-12-28T20:49:53.729+0700] {logging_mixin.py:188} INFO - [2025-12-28T20:49:53.729+0700] {dagbag.py:545} INFO - Filling up the DagBag from /opt/airflow/dags/ingestion_dag.py
[2025-12-28T20:49:54.334+0700] {processor.py:840} INFO - DAG(s) 'flight_ingestion_v2' retrieved from /opt/airflow/dags/ingestion_dag.py
[2025-12-28T20:49:54.356+0700] {logging_mixin.py:188} INFO - [2025-12-28T20:49:54.356+0700] {dag.py:3096} INFO - Sync 1 DAGs
[2025-12-28T20:49:54.381+0700] {logging_mixin.py:188} INFO - [2025-12-28T20:49:54.380+0700] {dag.py:3954} INFO - Setting next_dagrun for flight_ingestion_v2 to 2025-12-27 17:00:00+00:00, run_after=2025-12-28 17:00:00+00:00
[2025-12-28T20:49:54.410+0700] {processor.py:183} INFO - Processing /opt/airflow/dags/ingestion_dag.py took 0.695 seconds
[2025-12-28T20:50:24.465+0700] {processor.py:161} INFO - Started process (PID=185) to work on /opt/airflow/dags/ingestion_dag.py
[2025-12-28T20:50:24.467+0700] {processor.py:830} INFO - Processing file /opt/airflow/dags/ingestion_dag.py for tasks to queue
[2025-12-28T20:50:24.472+0700] {logging_mixin.py:188} INFO - [2025-12-28T20:50:24.472+0700] {dagbag.py:545} INFO - Filling up the DagBag from /opt/airflow/dags/ingestion_dag.py
[2025-12-28T20:50:25.709+0700] {processor.py:840} INFO - DAG(s) 'flight_ingestion_v2' retrieved from /opt/airflow/dags/ingestion_dag.py
[2025-12-28T20:50:25.754+0700] {logging_mixin.py:188} INFO - [2025-12-28T20:50:25.753+0700] {dag.py:3096} INFO - Sync 1 DAGs
[2025-12-28T20:50:25.802+0700] {logging_mixin.py:188} INFO - [2025-12-28T20:50:25.801+0700] {dag.py:3954} INFO - Setting next_dagrun for flight_ingestion_v2 to 2025-12-27 17:00:00+00:00, run_after=2025-12-28 17:00:00+00:00
[2025-12-28T20:50:25.846+0700] {processor.py:183} INFO - Processing /opt/airflow/dags/ingestion_dag.py took 1.394 seconds
[2025-12-28T20:50:56.184+0700] {processor.py:161} INFO - Started process (PID=191) to work on /opt/airflow/dags/ingestion_dag.py
[2025-12-28T20:50:56.189+0700] {processor.py:830} INFO - Processing file /opt/airflow/dags/ingestion_dag.py for tasks to queue
[2025-12-28T20:50:56.194+0700] {logging_mixin.py:188} INFO - [2025-12-28T20:50:56.193+0700] {dagbag.py:545} INFO - Filling up the DagBag from /opt/airflow/dags/ingestion_dag.py
[2025-12-28T20:50:57.789+0700] {processor.py:840} INFO - DAG(s) 'flight_ingestion_v2' retrieved from /opt/airflow/dags/ingestion_dag.py
[2025-12-28T20:50:57.860+0700] {logging_mixin.py:188} INFO - [2025-12-28T20:50:57.859+0700] {dag.py:3096} INFO - Sync 1 DAGs
[2025-12-28T20:50:57.911+0700] {logging_mixin.py:188} INFO - [2025-12-28T20:50:57.911+0700] {dag.py:3954} INFO - Setting next_dagrun for flight_ingestion_v2 to 2025-12-27 17:00:00+00:00, run_after=2025-12-28 17:00:00+00:00
[2025-12-28T20:50:57.958+0700] {processor.py:183} INFO - Processing /opt/airflow/dags/ingestion_dag.py took 1.792 seconds
[2025-12-28T20:51:28.169+0700] {processor.py:161} INFO - Started process (PID=197) to work on /opt/airflow/dags/ingestion_dag.py
[2025-12-28T20:51:28.172+0700] {processor.py:830} INFO - Processing file /opt/airflow/dags/ingestion_dag.py for tasks to queue
[2025-12-28T20:51:28.175+0700] {logging_mixin.py:188} INFO - [2025-12-28T20:51:28.175+0700] {dagbag.py:545} INFO - Filling up the DagBag from /opt/airflow/dags/ingestion_dag.py
[2025-12-28T20:51:29.172+0700] {processor.py:840} INFO - DAG(s) 'flight_ingestion_v2' retrieved from /opt/airflow/dags/ingestion_dag.py
[2025-12-28T20:51:29.214+0700] {logging_mixin.py:188} INFO - [2025-12-28T20:51:29.214+0700] {dag.py:3096} INFO - Sync 1 DAGs
[2025-12-28T20:51:29.264+0700] {logging_mixin.py:188} INFO - [2025-12-28T20:51:29.264+0700] {dag.py:3954} INFO - Setting next_dagrun for flight_ingestion_v2 to 2025-12-27 17:00:00+00:00, run_after=2025-12-28 17:00:00+00:00
[2025-12-28T20:51:29.314+0700] {processor.py:183} INFO - Processing /opt/airflow/dags/ingestion_dag.py took 1.154 seconds
[2025-12-28T20:51:59.419+0700] {processor.py:161} INFO - Started process (PID=203) to work on /opt/airflow/dags/ingestion_dag.py
[2025-12-28T20:51:59.421+0700] {processor.py:830} INFO - Processing file /opt/airflow/dags/ingestion_dag.py for tasks to queue
[2025-12-28T20:51:59.425+0700] {logging_mixin.py:188} INFO - [2025-12-28T20:51:59.425+0700] {dagbag.py:545} INFO - Filling up the DagBag from /opt/airflow/dags/ingestion_dag.py
[2025-12-28T20:52:00.390+0700] {processor.py:840} INFO - DAG(s) 'flight_ingestion_v2' retrieved from /opt/airflow/dags/ingestion_dag.py
[2025-12-28T20:52:00.425+0700] {logging_mixin.py:188} INFO - [2025-12-28T20:52:00.424+0700] {dag.py:3096} INFO - Sync 1 DAGs
[2025-12-28T20:52:00.461+0700] {logging_mixin.py:188} INFO - [2025-12-28T20:52:00.461+0700] {dag.py:3954} INFO - Setting next_dagrun for flight_ingestion_v2 to 2025-12-27 17:00:00+00:00, run_after=2025-12-28 17:00:00+00:00
[2025-12-28T20:52:00.491+0700] {processor.py:183} INFO - Processing /opt/airflow/dags/ingestion_dag.py took 1.088 seconds
[2025-12-28T20:52:30.660+0700] {processor.py:161} INFO - Started process (PID=212) to work on /opt/airflow/dags/ingestion_dag.py
[2025-12-28T20:52:30.663+0700] {processor.py:830} INFO - Processing file /opt/airflow/dags/ingestion_dag.py for tasks to queue
[2025-12-28T20:52:30.673+0700] {logging_mixin.py:188} INFO - [2025-12-28T20:52:30.672+0700] {dagbag.py:545} INFO - Filling up the DagBag from /opt/airflow/dags/ingestion_dag.py
[2025-12-28T20:52:32.075+0700] {processor.py:840} INFO - DAG(s) 'flight_ingestion_v2' retrieved from /opt/airflow/dags/ingestion_dag.py
[2025-12-28T20:52:32.123+0700] {logging_mixin.py:188} INFO - [2025-12-28T20:52:32.122+0700] {dag.py:3096} INFO - Sync 1 DAGs
[2025-12-28T20:52:32.174+0700] {logging_mixin.py:188} INFO - [2025-12-28T20:52:32.174+0700] {dag.py:3954} INFO - Setting next_dagrun for flight_ingestion_v2 to 2025-12-27 17:00:00+00:00, run_after=2025-12-28 17:00:00+00:00
[2025-12-28T20:52:32.216+0700] {processor.py:183} INFO - Processing /opt/airflow/dags/ingestion_dag.py took 1.574 seconds
[2025-12-28T20:53:02.442+0700] {processor.py:161} INFO - Started process (PID=218) to work on /opt/airflow/dags/ingestion_dag.py
[2025-12-28T20:53:02.444+0700] {processor.py:830} INFO - Processing file /opt/airflow/dags/ingestion_dag.py for tasks to queue
[2025-12-28T20:53:02.447+0700] {logging_mixin.py:188} INFO - [2025-12-28T20:53:02.446+0700] {dagbag.py:545} INFO - Filling up the DagBag from /opt/airflow/dags/ingestion_dag.py
[2025-12-28T20:53:03.402+0700] {processor.py:840} INFO - DAG(s) 'flight_ingestion_v2' retrieved from /opt/airflow/dags/ingestion_dag.py
[2025-12-28T20:53:03.438+0700] {logging_mixin.py:188} INFO - [2025-12-28T20:53:03.438+0700] {dag.py:3096} INFO - Sync 1 DAGs
[2025-12-28T20:53:03.479+0700] {logging_mixin.py:188} INFO - [2025-12-28T20:53:03.478+0700] {dag.py:3954} INFO - Setting next_dagrun for flight_ingestion_v2 to 2025-12-27 17:00:00+00:00, run_after=2025-12-28 17:00:00+00:00
[2025-12-28T20:53:03.519+0700] {processor.py:183} INFO - Processing /opt/airflow/dags/ingestion_dag.py took 1.088 seconds
[2025-12-28T20:53:33.703+0700] {processor.py:161} INFO - Started process (PID=224) to work on /opt/airflow/dags/ingestion_dag.py
[2025-12-28T20:53:33.708+0700] {processor.py:830} INFO - Processing file /opt/airflow/dags/ingestion_dag.py for tasks to queue
[2025-12-28T20:53:33.720+0700] {logging_mixin.py:188} INFO - [2025-12-28T20:53:33.717+0700] {dagbag.py:545} INFO - Filling up the DagBag from /opt/airflow/dags/ingestion_dag.py
[2025-12-28T20:53:34.418+0700] {processor.py:840} INFO - DAG(s) 'flight_ingestion_v2' retrieved from /opt/airflow/dags/ingestion_dag.py
[2025-12-28T20:53:34.441+0700] {logging_mixin.py:188} INFO - [2025-12-28T20:53:34.441+0700] {dag.py:3096} INFO - Sync 1 DAGs
[2025-12-28T20:53:34.463+0700] {logging_mixin.py:188} INFO - [2025-12-28T20:53:34.463+0700] {dag.py:3954} INFO - Setting next_dagrun for flight_ingestion_v2 to 2025-12-27 17:00:00+00:00, run_after=2025-12-28 17:00:00+00:00
[2025-12-28T20:53:34.483+0700] {processor.py:183} INFO - Processing /opt/airflow/dags/ingestion_dag.py took 0.810 seconds
[2025-12-28T20:54:31.842+0700] {processor.py:161} INFO - Started process (PID=164) to work on /opt/airflow/dags/ingestion_dag.py
[2025-12-28T20:54:31.843+0700] {processor.py:830} INFO - Processing file /opt/airflow/dags/ingestion_dag.py for tasks to queue
[2025-12-28T20:54:31.846+0700] {logging_mixin.py:188} INFO - [2025-12-28T20:54:31.845+0700] {dagbag.py:545} INFO - Filling up the DagBag from /opt/airflow/dags/ingestion_dag.py
[2025-12-28T20:54:34.022+0700] {processor.py:840} INFO - DAG(s) 'flight_ingestion_v2' retrieved from /opt/airflow/dags/ingestion_dag.py
[2025-12-28T20:54:34.046+0700] {logging_mixin.py:188} INFO - [2025-12-28T20:54:34.046+0700] {dag.py:3096} INFO - Sync 1 DAGs
[2025-12-28T20:54:34.070+0700] {logging_mixin.py:188} INFO - [2025-12-28T20:54:34.070+0700] {dag.py:3954} INFO - Setting next_dagrun for flight_ingestion_v2 to 2025-12-27 17:00:00+00:00, run_after=2025-12-28 17:00:00+00:00
[2025-12-28T20:54:34.091+0700] {processor.py:183} INFO - Processing /opt/airflow/dags/ingestion_dag.py took 2.257 seconds
[2025-12-28T20:55:04.351+0700] {processor.py:161} INFO - Started process (PID=170) to work on /opt/airflow/dags/ingestion_dag.py
[2025-12-28T20:55:04.353+0700] {processor.py:830} INFO - Processing file /opt/airflow/dags/ingestion_dag.py for tasks to queue
[2025-12-28T20:55:04.356+0700] {logging_mixin.py:188} INFO - [2025-12-28T20:55:04.356+0700] {dagbag.py:545} INFO - Filling up the DagBag from /opt/airflow/dags/ingestion_dag.py
[2025-12-28T20:55:04.935+0700] {processor.py:840} INFO - DAG(s) 'flight_ingestion_v2' retrieved from /opt/airflow/dags/ingestion_dag.py
[2025-12-28T20:55:05.201+0700] {logging_mixin.py:188} INFO - [2025-12-28T20:55:05.200+0700] {dag.py:3096} INFO - Sync 1 DAGs
[2025-12-28T20:55:05.222+0700] {logging_mixin.py:188} INFO - [2025-12-28T20:55:05.222+0700] {dag.py:3954} INFO - Setting next_dagrun for flight_ingestion_v2 to 2025-12-27 17:00:00+00:00, run_after=2025-12-28 17:00:00+00:00
[2025-12-28T20:55:05.244+0700] {processor.py:183} INFO - Processing /opt/airflow/dags/ingestion_dag.py took 0.911 seconds
[2025-12-28T20:55:35.397+0700] {processor.py:161} INFO - Started process (PID=176) to work on /opt/airflow/dags/ingestion_dag.py
[2025-12-28T20:55:35.399+0700] {processor.py:830} INFO - Processing file /opt/airflow/dags/ingestion_dag.py for tasks to queue
[2025-12-28T20:55:35.403+0700] {logging_mixin.py:188} INFO - [2025-12-28T20:55:35.402+0700] {dagbag.py:545} INFO - Filling up the DagBag from /opt/airflow/dags/ingestion_dag.py
[2025-12-28T20:55:36.003+0700] {processor.py:840} INFO - DAG(s) 'flight_ingestion_v2' retrieved from /opt/airflow/dags/ingestion_dag.py
[2025-12-28T20:55:36.037+0700] {logging_mixin.py:188} INFO - [2025-12-28T20:55:36.037+0700] {dag.py:3096} INFO - Sync 1 DAGs
[2025-12-28T20:55:36.066+0700] {logging_mixin.py:188} INFO - [2025-12-28T20:55:36.066+0700] {dag.py:3954} INFO - Setting next_dagrun for flight_ingestion_v2 to 2025-12-27 17:00:00+00:00, run_after=2025-12-28 17:00:00+00:00
[2025-12-28T20:55:36.094+0700] {processor.py:183} INFO - Processing /opt/airflow/dags/ingestion_dag.py took 0.711 seconds
[2025-12-28T20:56:59.673+0700] {processor.py:161} INFO - Started process (PID=164) to work on /opt/airflow/dags/ingestion_dag.py
[2025-12-28T20:56:59.675+0700] {processor.py:830} INFO - Processing file /opt/airflow/dags/ingestion_dag.py for tasks to queue
[2025-12-28T20:56:59.679+0700] {logging_mixin.py:188} INFO - [2025-12-28T20:56:59.679+0700] {dagbag.py:545} INFO - Filling up the DagBag from /opt/airflow/dags/ingestion_dag.py
[2025-12-28T20:57:02.279+0700] {processor.py:840} INFO - DAG(s) 'flight_ingestion_v2' retrieved from /opt/airflow/dags/ingestion_dag.py
[2025-12-28T20:57:02.679+0700] {logging_mixin.py:188} INFO - [2025-12-28T20:57:02.678+0700] {dag.py:3096} INFO - Sync 1 DAGs
[2025-12-28T20:57:02.710+0700] {logging_mixin.py:188} INFO - [2025-12-28T20:57:02.710+0700] {dag.py:3954} INFO - Setting next_dagrun for flight_ingestion_v2 to 2025-12-27 17:00:00+00:00, run_after=2025-12-28 17:00:00+00:00
[2025-12-28T20:57:02.746+0700] {processor.py:183} INFO - Processing /opt/airflow/dags/ingestion_dag.py took 3.081 seconds
[2025-12-28T20:57:32.961+0700] {processor.py:161} INFO - Started process (PID=170) to work on /opt/airflow/dags/ingestion_dag.py
[2025-12-28T20:57:32.963+0700] {processor.py:830} INFO - Processing file /opt/airflow/dags/ingestion_dag.py for tasks to queue
[2025-12-28T20:57:32.965+0700] {logging_mixin.py:188} INFO - [2025-12-28T20:57:32.965+0700] {dagbag.py:545} INFO - Filling up the DagBag from /opt/airflow/dags/ingestion_dag.py
[2025-12-28T20:57:33.557+0700] {processor.py:840} INFO - DAG(s) 'flight_ingestion_v2' retrieved from /opt/airflow/dags/ingestion_dag.py
[2025-12-28T20:57:33.578+0700] {logging_mixin.py:188} INFO - [2025-12-28T20:57:33.578+0700] {dag.py:3096} INFO - Sync 1 DAGs
[2025-12-28T20:57:33.602+0700] {logging_mixin.py:188} INFO - [2025-12-28T20:57:33.602+0700] {dag.py:3954} INFO - Setting next_dagrun for flight_ingestion_v2 to 2025-12-27 17:00:00+00:00, run_after=2025-12-28 17:00:00+00:00
[2025-12-28T20:57:33.627+0700] {processor.py:183} INFO - Processing /opt/airflow/dags/ingestion_dag.py took 0.672 seconds
[2025-12-28T20:58:03.998+0700] {processor.py:161} INFO - Started process (PID=176) to work on /opt/airflow/dags/ingestion_dag.py
[2025-12-28T20:58:03.999+0700] {processor.py:830} INFO - Processing file /opt/airflow/dags/ingestion_dag.py for tasks to queue
[2025-12-28T20:58:04.002+0700] {logging_mixin.py:188} INFO - [2025-12-28T20:58:04.001+0700] {dagbag.py:545} INFO - Filling up the DagBag from /opt/airflow/dags/ingestion_dag.py
[2025-12-28T20:58:04.593+0700] {processor.py:840} INFO - DAG(s) 'flight_ingestion_v2' retrieved from /opt/airflow/dags/ingestion_dag.py
[2025-12-28T20:58:04.615+0700] {logging_mixin.py:188} INFO - [2025-12-28T20:58:04.614+0700] {dag.py:3096} INFO - Sync 1 DAGs
[2025-12-28T20:58:04.638+0700] {logging_mixin.py:188} INFO - [2025-12-28T20:58:04.637+0700] {dag.py:3954} INFO - Setting next_dagrun for flight_ingestion_v2 to 2025-12-27 17:00:00+00:00, run_after=2025-12-28 17:00:00+00:00
[2025-12-28T20:58:04.656+0700] {processor.py:183} INFO - Processing /opt/airflow/dags/ingestion_dag.py took 0.666 seconds
[2025-12-28T20:58:34.936+0700] {processor.py:161} INFO - Started process (PID=182) to work on /opt/airflow/dags/ingestion_dag.py
[2025-12-28T20:58:34.938+0700] {processor.py:830} INFO - Processing file /opt/airflow/dags/ingestion_dag.py for tasks to queue
[2025-12-28T20:58:34.940+0700] {logging_mixin.py:188} INFO - [2025-12-28T20:58:34.940+0700] {dagbag.py:545} INFO - Filling up the DagBag from /opt/airflow/dags/ingestion_dag.py
[2025-12-28T20:58:35.539+0700] {processor.py:840} INFO - DAG(s) 'flight_ingestion_v2' retrieved from /opt/airflow/dags/ingestion_dag.py
[2025-12-28T20:58:35.562+0700] {logging_mixin.py:188} INFO - [2025-12-28T20:58:35.561+0700] {dag.py:3096} INFO - Sync 1 DAGs
[2025-12-28T20:58:35.587+0700] {logging_mixin.py:188} INFO - [2025-12-28T20:58:35.587+0700] {dag.py:3954} INFO - Setting next_dagrun for flight_ingestion_v2 to 2025-12-27 17:00:00+00:00, run_after=2025-12-28 17:00:00+00:00
[2025-12-28T20:58:35.605+0700] {processor.py:183} INFO - Processing /opt/airflow/dags/ingestion_dag.py took 0.676 seconds
[2025-12-28T20:59:05.871+0700] {processor.py:161} INFO - Started process (PID=191) to work on /opt/airflow/dags/ingestion_dag.py
[2025-12-28T20:59:05.872+0700] {processor.py:830} INFO - Processing file /opt/airflow/dags/ingestion_dag.py for tasks to queue
[2025-12-28T20:59:05.874+0700] {logging_mixin.py:188} INFO - [2025-12-28T20:59:05.874+0700] {dagbag.py:545} INFO - Filling up the DagBag from /opt/airflow/dags/ingestion_dag.py
[2025-12-28T20:59:06.461+0700] {processor.py:840} INFO - DAG(s) 'flight_ingestion_v2' retrieved from /opt/airflow/dags/ingestion_dag.py
[2025-12-28T20:59:06.484+0700] {logging_mixin.py:188} INFO - [2025-12-28T20:59:06.484+0700] {dag.py:3096} INFO - Sync 1 DAGs
[2025-12-28T20:59:06.507+0700] {logging_mixin.py:188} INFO - [2025-12-28T20:59:06.507+0700] {dag.py:3954} INFO - Setting next_dagrun for flight_ingestion_v2 to 2025-12-27 17:00:00+00:00, run_after=2025-12-28 17:00:00+00:00
[2025-12-28T20:59:06.537+0700] {processor.py:183} INFO - Processing /opt/airflow/dags/ingestion_dag.py took 0.673 seconds
[2025-12-28T20:59:36.761+0700] {processor.py:161} INFO - Started process (PID=197) to work on /opt/airflow/dags/ingestion_dag.py
[2025-12-28T20:59:36.762+0700] {processor.py:830} INFO - Processing file /opt/airflow/dags/ingestion_dag.py for tasks to queue
[2025-12-28T20:59:36.764+0700] {logging_mixin.py:188} INFO - [2025-12-28T20:59:36.764+0700] {dagbag.py:545} INFO - Filling up the DagBag from /opt/airflow/dags/ingestion_dag.py
[2025-12-28T20:59:37.398+0700] {processor.py:840} INFO - DAG(s) 'flight_ingestion_v2' retrieved from /opt/airflow/dags/ingestion_dag.py
[2025-12-28T20:59:37.420+0700] {logging_mixin.py:188} INFO - [2025-12-28T20:59:37.419+0700] {dag.py:3096} INFO - Sync 1 DAGs
[2025-12-28T20:59:37.443+0700] {logging_mixin.py:188} INFO - [2025-12-28T20:59:37.443+0700] {dag.py:3954} INFO - Setting next_dagrun for flight_ingestion_v2 to 2025-12-27 17:00:00+00:00, run_after=2025-12-28 17:00:00+00:00
[2025-12-28T20:59:37.470+0700] {processor.py:183} INFO - Processing /opt/airflow/dags/ingestion_dag.py took 0.717 seconds
[2025-12-28T21:00:07.704+0700] {processor.py:161} INFO - Started process (PID=203) to work on /opt/airflow/dags/ingestion_dag.py
[2025-12-28T21:00:07.705+0700] {processor.py:830} INFO - Processing file /opt/airflow/dags/ingestion_dag.py for tasks to queue
[2025-12-28T21:00:07.709+0700] {logging_mixin.py:188} INFO - [2025-12-28T21:00:07.708+0700] {dagbag.py:545} INFO - Filling up the DagBag from /opt/airflow/dags/ingestion_dag.py
[2025-12-28T21:00:08.389+0700] {processor.py:840} INFO - DAG(s) 'flight_ingestion_v2' retrieved from /opt/airflow/dags/ingestion_dag.py
[2025-12-28T21:00:08.414+0700] {logging_mixin.py:188} INFO - [2025-12-28T21:00:08.413+0700] {dag.py:3096} INFO - Sync 1 DAGs
[2025-12-28T21:00:08.441+0700] {logging_mixin.py:188} INFO - [2025-12-28T21:00:08.441+0700] {dag.py:3954} INFO - Setting next_dagrun for flight_ingestion_v2 to 2025-12-27 17:00:00+00:00, run_after=2025-12-28 17:00:00+00:00
[2025-12-28T21:00:08.465+0700] {processor.py:183} INFO - Processing /opt/airflow/dags/ingestion_dag.py took 0.770 seconds
[2025-12-28T21:00:38.681+0700] {processor.py:161} INFO - Started process (PID=209) to work on /opt/airflow/dags/ingestion_dag.py
[2025-12-28T21:00:38.682+0700] {processor.py:830} INFO - Processing file /opt/airflow/dags/ingestion_dag.py for tasks to queue
[2025-12-28T21:00:38.685+0700] {logging_mixin.py:188} INFO - [2025-12-28T21:00:38.684+0700] {dagbag.py:545} INFO - Filling up the DagBag from /opt/airflow/dags/ingestion_dag.py
[2025-12-28T21:00:39.298+0700] {processor.py:840} INFO - DAG(s) 'flight_ingestion_v2' retrieved from /opt/airflow/dags/ingestion_dag.py
[2025-12-28T21:00:39.321+0700] {logging_mixin.py:188} INFO - [2025-12-28T21:00:39.320+0700] {dag.py:3096} INFO - Sync 1 DAGs
[2025-12-28T21:00:39.345+0700] {logging_mixin.py:188} INFO - [2025-12-28T21:00:39.345+0700] {dag.py:3954} INFO - Setting next_dagrun for flight_ingestion_v2 to 2025-12-27 17:00:00+00:00, run_after=2025-12-28 17:00:00+00:00
[2025-12-28T21:00:39.364+0700] {processor.py:183} INFO - Processing /opt/airflow/dags/ingestion_dag.py took 0.697 seconds
[2025-12-28T21:01:09.563+0700] {processor.py:161} INFO - Started process (PID=215) to work on /opt/airflow/dags/ingestion_dag.py
[2025-12-28T21:01:09.564+0700] {processor.py:830} INFO - Processing file /opt/airflow/dags/ingestion_dag.py for tasks to queue
[2025-12-28T21:01:09.567+0700] {logging_mixin.py:188} INFO - [2025-12-28T21:01:09.566+0700] {dagbag.py:545} INFO - Filling up the DagBag from /opt/airflow/dags/ingestion_dag.py
[2025-12-28T21:01:10.200+0700] {processor.py:840} INFO - DAG(s) 'flight_ingestion_v2' retrieved from /opt/airflow/dags/ingestion_dag.py
[2025-12-28T21:01:10.223+0700] {logging_mixin.py:188} INFO - [2025-12-28T21:01:10.223+0700] {dag.py:3096} INFO - Sync 1 DAGs
[2025-12-28T21:01:10.247+0700] {logging_mixin.py:188} INFO - [2025-12-28T21:01:10.247+0700] {dag.py:3954} INFO - Setting next_dagrun for flight_ingestion_v2 to 2025-12-27 17:00:00+00:00, run_after=2025-12-28 17:00:00+00:00
[2025-12-28T21:01:10.276+0700] {processor.py:183} INFO - Processing /opt/airflow/dags/ingestion_dag.py took 0.720 seconds
[2025-12-28T21:01:40.512+0700] {processor.py:161} INFO - Started process (PID=221) to work on /opt/airflow/dags/ingestion_dag.py
[2025-12-28T21:01:40.514+0700] {processor.py:830} INFO - Processing file /opt/airflow/dags/ingestion_dag.py for tasks to queue
[2025-12-28T21:01:40.516+0700] {logging_mixin.py:188} INFO - [2025-12-28T21:01:40.516+0700] {dagbag.py:545} INFO - Filling up the DagBag from /opt/airflow/dags/ingestion_dag.py
[2025-12-28T21:01:41.329+0700] {processor.py:840} INFO - DAG(s) 'flight_ingestion_v2' retrieved from /opt/airflow/dags/ingestion_dag.py
[2025-12-28T21:01:41.369+0700] {logging_mixin.py:188} INFO - [2025-12-28T21:01:41.368+0700] {dag.py:3096} INFO - Sync 1 DAGs
[2025-12-28T21:01:41.407+0700] {logging_mixin.py:188} INFO - [2025-12-28T21:01:41.406+0700] {dag.py:3954} INFO - Setting next_dagrun for flight_ingestion_v2 to 2025-12-27 17:00:00+00:00, run_after=2025-12-28 17:00:00+00:00
[2025-12-28T21:01:41.443+0700] {processor.py:183} INFO - Processing /opt/airflow/dags/ingestion_dag.py took 0.939 seconds
[2025-12-28T21:02:11.741+0700] {processor.py:161} INFO - Started process (PID=227) to work on /opt/airflow/dags/ingestion_dag.py
[2025-12-28T21:02:11.746+0700] {processor.py:830} INFO - Processing file /opt/airflow/dags/ingestion_dag.py for tasks to queue
[2025-12-28T21:02:11.749+0700] {logging_mixin.py:188} INFO - [2025-12-28T21:02:11.749+0700] {dagbag.py:545} INFO - Filling up the DagBag from /opt/airflow/dags/ingestion_dag.py
[2025-12-28T21:02:12.797+0700] {processor.py:840} INFO - DAG(s) 'flight_ingestion_v2' retrieved from /opt/airflow/dags/ingestion_dag.py
[2025-12-28T21:02:12.837+0700] {logging_mixin.py:188} INFO - [2025-12-28T21:02:12.836+0700] {dag.py:3096} INFO - Sync 1 DAGs
[2025-12-28T21:02:12.878+0700] {logging_mixin.py:188} INFO - [2025-12-28T21:02:12.878+0700] {dag.py:3954} INFO - Setting next_dagrun for flight_ingestion_v2 to 2025-12-27 17:00:00+00:00, run_after=2025-12-28 17:00:00+00:00
[2025-12-28T21:02:12.913+0700] {processor.py:183} INFO - Processing /opt/airflow/dags/ingestion_dag.py took 1.189 seconds
[2025-12-28T21:02:43.162+0700] {processor.py:161} INFO - Started process (PID=236) to work on /opt/airflow/dags/ingestion_dag.py
[2025-12-28T21:02:43.164+0700] {processor.py:830} INFO - Processing file /opt/airflow/dags/ingestion_dag.py for tasks to queue
[2025-12-28T21:02:43.168+0700] {logging_mixin.py:188} INFO - [2025-12-28T21:02:43.167+0700] {dagbag.py:545} INFO - Filling up the DagBag from /opt/airflow/dags/ingestion_dag.py
[2025-12-28T21:02:44.069+0700] {processor.py:840} INFO - DAG(s) 'flight_ingestion_v2' retrieved from /opt/airflow/dags/ingestion_dag.py
[2025-12-28T21:02:44.107+0700] {logging_mixin.py:188} INFO - [2025-12-28T21:02:44.106+0700] {dag.py:3096} INFO - Sync 1 DAGs
[2025-12-28T21:02:44.146+0700] {logging_mixin.py:188} INFO - [2025-12-28T21:02:44.146+0700] {dag.py:3954} INFO - Setting next_dagrun for flight_ingestion_v2 to 2025-12-27 17:00:00+00:00, run_after=2025-12-28 17:00:00+00:00
[2025-12-28T21:02:44.181+0700] {processor.py:183} INFO - Processing /opt/airflow/dags/ingestion_dag.py took 1.032 seconds
[2025-12-28T21:03:14.455+0700] {processor.py:161} INFO - Started process (PID=244) to work on /opt/airflow/dags/ingestion_dag.py
[2025-12-28T21:03:14.457+0700] {processor.py:830} INFO - Processing file /opt/airflow/dags/ingestion_dag.py for tasks to queue
[2025-12-28T21:03:14.459+0700] {logging_mixin.py:188} INFO - [2025-12-28T21:03:14.459+0700] {dagbag.py:545} INFO - Filling up the DagBag from /opt/airflow/dags/ingestion_dag.py
[2025-12-28T21:03:15.065+0700] {processor.py:840} INFO - DAG(s) 'flight_ingestion_v2' retrieved from /opt/airflow/dags/ingestion_dag.py
[2025-12-28T21:03:15.087+0700] {logging_mixin.py:188} INFO - [2025-12-28T21:03:15.087+0700] {dag.py:3096} INFO - Sync 1 DAGs
[2025-12-28T21:03:15.111+0700] {logging_mixin.py:188} INFO - [2025-12-28T21:03:15.110+0700] {dag.py:3954} INFO - Setting next_dagrun for flight_ingestion_v2 to 2025-12-27 17:00:00+00:00, run_after=2025-12-28 17:00:00+00:00
[2025-12-28T21:03:15.139+0700] {processor.py:183} INFO - Processing /opt/airflow/dags/ingestion_dag.py took 0.691 seconds
[2025-12-28T21:03:45.486+0700] {processor.py:161} INFO - Started process (PID=250) to work on /opt/airflow/dags/ingestion_dag.py
[2025-12-28T21:03:45.488+0700] {processor.py:830} INFO - Processing file /opt/airflow/dags/ingestion_dag.py for tasks to queue
[2025-12-28T21:03:45.491+0700] {logging_mixin.py:188} INFO - [2025-12-28T21:03:45.491+0700] {dagbag.py:545} INFO - Filling up the DagBag from /opt/airflow/dags/ingestion_dag.py
[2025-12-28T21:03:46.120+0700] {processor.py:840} INFO - DAG(s) 'flight_ingestion_v2' retrieved from /opt/airflow/dags/ingestion_dag.py
[2025-12-28T21:03:46.142+0700] {logging_mixin.py:188} INFO - [2025-12-28T21:03:46.142+0700] {dag.py:3096} INFO - Sync 1 DAGs
[2025-12-28T21:03:46.166+0700] {logging_mixin.py:188} INFO - [2025-12-28T21:03:46.166+0700] {dag.py:3954} INFO - Setting next_dagrun for flight_ingestion_v2 to 2025-12-27 17:00:00+00:00, run_after=2025-12-28 17:00:00+00:00
[2025-12-28T21:03:46.193+0700] {processor.py:183} INFO - Processing /opt/airflow/dags/ingestion_dag.py took 0.722 seconds
[2025-12-28T21:04:16.530+0700] {processor.py:161} INFO - Started process (PID=256) to work on /opt/airflow/dags/ingestion_dag.py
[2025-12-28T21:04:16.531+0700] {processor.py:830} INFO - Processing file /opt/airflow/dags/ingestion_dag.py for tasks to queue
[2025-12-28T21:04:16.534+0700] {logging_mixin.py:188} INFO - [2025-12-28T21:04:16.534+0700] {dagbag.py:545} INFO - Filling up the DagBag from /opt/airflow/dags/ingestion_dag.py
[2025-12-28T21:04:17.153+0700] {processor.py:840} INFO - DAG(s) 'flight_ingestion_v2' retrieved from /opt/airflow/dags/ingestion_dag.py
[2025-12-28T21:04:17.175+0700] {logging_mixin.py:188} INFO - [2025-12-28T21:04:17.175+0700] {dag.py:3096} INFO - Sync 1 DAGs
[2025-12-28T21:04:17.199+0700] {logging_mixin.py:188} INFO - [2025-12-28T21:04:17.199+0700] {dag.py:3954} INFO - Setting next_dagrun for flight_ingestion_v2 to 2025-12-27 17:00:00+00:00, run_after=2025-12-28 17:00:00+00:00
[2025-12-28T21:04:17.229+0700] {processor.py:183} INFO - Processing /opt/airflow/dags/ingestion_dag.py took 0.707 seconds
[2025-12-28T21:04:47.385+0700] {processor.py:161} INFO - Started process (PID=262) to work on /opt/airflow/dags/ingestion_dag.py
[2025-12-28T21:04:47.386+0700] {processor.py:830} INFO - Processing file /opt/airflow/dags/ingestion_dag.py for tasks to queue
[2025-12-28T21:04:47.389+0700] {logging_mixin.py:188} INFO - [2025-12-28T21:04:47.388+0700] {dagbag.py:545} INFO - Filling up the DagBag from /opt/airflow/dags/ingestion_dag.py
[2025-12-28T21:04:48.019+0700] {processor.py:840} INFO - DAG(s) 'flight_ingestion_v2' retrieved from /opt/airflow/dags/ingestion_dag.py
[2025-12-28T21:04:48.042+0700] {logging_mixin.py:188} INFO - [2025-12-28T21:04:48.042+0700] {dag.py:3096} INFO - Sync 1 DAGs
[2025-12-28T21:04:48.065+0700] {logging_mixin.py:188} INFO - [2025-12-28T21:04:48.064+0700] {dag.py:3954} INFO - Setting next_dagrun for flight_ingestion_v2 to 2025-12-27 17:00:00+00:00, run_after=2025-12-28 17:00:00+00:00
[2025-12-28T21:04:48.092+0700] {processor.py:183} INFO - Processing /opt/airflow/dags/ingestion_dag.py took 0.719 seconds
[2025-12-28T21:05:18.433+0700] {processor.py:161} INFO - Started process (PID=268) to work on /opt/airflow/dags/ingestion_dag.py
[2025-12-28T21:05:18.434+0700] {processor.py:830} INFO - Processing file /opt/airflow/dags/ingestion_dag.py for tasks to queue
[2025-12-28T21:05:18.437+0700] {logging_mixin.py:188} INFO - [2025-12-28T21:05:18.437+0700] {dagbag.py:545} INFO - Filling up the DagBag from /opt/airflow/dags/ingestion_dag.py
[2025-12-28T21:05:19.069+0700] {processor.py:840} INFO - DAG(s) 'flight_ingestion_v2' retrieved from /opt/airflow/dags/ingestion_dag.py
[2025-12-28T21:05:19.099+0700] {logging_mixin.py:188} INFO - [2025-12-28T21:05:19.098+0700] {dag.py:3096} INFO - Sync 1 DAGs
[2025-12-28T21:05:19.129+0700] {logging_mixin.py:188} INFO - [2025-12-28T21:05:19.129+0700] {dag.py:3954} INFO - Setting next_dagrun for flight_ingestion_v2 to 2025-12-27 17:00:00+00:00, run_after=2025-12-28 17:00:00+00:00
[2025-12-28T21:05:19.155+0700] {processor.py:183} INFO - Processing /opt/airflow/dags/ingestion_dag.py took 0.730 seconds
[2025-12-28T21:05:49.512+0700] {processor.py:161} INFO - Started process (PID=274) to work on /opt/airflow/dags/ingestion_dag.py
[2025-12-28T21:05:49.513+0700] {processor.py:830} INFO - Processing file /opt/airflow/dags/ingestion_dag.py for tasks to queue
[2025-12-28T21:05:49.517+0700] {logging_mixin.py:188} INFO - [2025-12-28T21:05:49.517+0700] {dagbag.py:545} INFO - Filling up the DagBag from /opt/airflow/dags/ingestion_dag.py
[2025-12-28T21:05:50.127+0700] {processor.py:840} INFO - DAG(s) 'flight_ingestion_v2' retrieved from /opt/airflow/dags/ingestion_dag.py
[2025-12-28T21:05:50.151+0700] {logging_mixin.py:188} INFO - [2025-12-28T21:05:50.150+0700] {dag.py:3096} INFO - Sync 1 DAGs
[2025-12-28T21:05:50.174+0700] {logging_mixin.py:188} INFO - [2025-12-28T21:05:50.174+0700] {dag.py:3954} INFO - Setting next_dagrun for flight_ingestion_v2 to 2025-12-27 17:00:00+00:00, run_after=2025-12-28 17:00:00+00:00
[2025-12-28T21:05:50.201+0700] {processor.py:183} INFO - Processing /opt/airflow/dags/ingestion_dag.py took 0.703 seconds
[2025-12-28T21:06:20.467+0700] {processor.py:161} INFO - Started process (PID=280) to work on /opt/airflow/dags/ingestion_dag.py
[2025-12-28T21:06:20.469+0700] {processor.py:830} INFO - Processing file /opt/airflow/dags/ingestion_dag.py for tasks to queue
[2025-12-28T21:06:20.471+0700] {logging_mixin.py:188} INFO - [2025-12-28T21:06:20.471+0700] {dagbag.py:545} INFO - Filling up the DagBag from /opt/airflow/dags/ingestion_dag.py
[2025-12-28T21:06:21.084+0700] {processor.py:840} INFO - DAG(s) 'flight_ingestion_v2' retrieved from /opt/airflow/dags/ingestion_dag.py
[2025-12-28T21:06:21.107+0700] {logging_mixin.py:188} INFO - [2025-12-28T21:06:21.107+0700] {dag.py:3096} INFO - Sync 1 DAGs
[2025-12-28T21:06:21.131+0700] {logging_mixin.py:188} INFO - [2025-12-28T21:06:21.131+0700] {dag.py:3954} INFO - Setting next_dagrun for flight_ingestion_v2 to 2025-12-27 17:00:00+00:00, run_after=2025-12-28 17:00:00+00:00
[2025-12-28T21:06:21.150+0700] {processor.py:183} INFO - Processing /opt/airflow/dags/ingestion_dag.py took 0.698 seconds
[2025-12-28T21:06:51.527+0700] {processor.py:161} INFO - Started process (PID=286) to work on /opt/airflow/dags/ingestion_dag.py
[2025-12-28T21:06:51.529+0700] {processor.py:830} INFO - Processing file /opt/airflow/dags/ingestion_dag.py for tasks to queue
[2025-12-28T21:06:51.532+0700] {logging_mixin.py:188} INFO - [2025-12-28T21:06:51.532+0700] {dagbag.py:545} INFO - Filling up the DagBag from /opt/airflow/dags/ingestion_dag.py
[2025-12-28T21:06:52.157+0700] {processor.py:840} INFO - DAG(s) 'flight_ingestion_v2' retrieved from /opt/airflow/dags/ingestion_dag.py
[2025-12-28T21:06:52.180+0700] {logging_mixin.py:188} INFO - [2025-12-28T21:06:52.179+0700] {dag.py:3096} INFO - Sync 1 DAGs
[2025-12-28T21:06:52.205+0700] {logging_mixin.py:188} INFO - [2025-12-28T21:06:52.205+0700] {dag.py:3954} INFO - Setting next_dagrun for flight_ingestion_v2 to 2025-12-27 17:00:00+00:00, run_after=2025-12-28 17:00:00+00:00
[2025-12-28T21:06:52.232+0700] {processor.py:183} INFO - Processing /opt/airflow/dags/ingestion_dag.py took 0.722 seconds
[2025-12-28T21:07:22.592+0700] {processor.py:161} INFO - Started process (PID=292) to work on /opt/airflow/dags/ingestion_dag.py
[2025-12-28T21:07:22.594+0700] {processor.py:830} INFO - Processing file /opt/airflow/dags/ingestion_dag.py for tasks to queue
[2025-12-28T21:07:22.598+0700] {logging_mixin.py:188} INFO - [2025-12-28T21:07:22.597+0700] {dagbag.py:545} INFO - Filling up the DagBag from /opt/airflow/dags/ingestion_dag.py
[2025-12-28T21:07:23.239+0700] {processor.py:840} INFO - DAG(s) 'flight_ingestion_v2' retrieved from /opt/airflow/dags/ingestion_dag.py
[2025-12-28T21:07:23.261+0700] {logging_mixin.py:188} INFO - [2025-12-28T21:07:23.261+0700] {dag.py:3096} INFO - Sync 1 DAGs
[2025-12-28T21:07:23.287+0700] {logging_mixin.py:188} INFO - [2025-12-28T21:07:23.287+0700] {dag.py:3954} INFO - Setting next_dagrun for flight_ingestion_v2 to 2025-12-27 17:00:00+00:00, run_after=2025-12-28 17:00:00+00:00
[2025-12-28T21:07:23.317+0700] {processor.py:183} INFO - Processing /opt/airflow/dags/ingestion_dag.py took 0.739 seconds
[2025-12-28T21:07:53.385+0700] {processor.py:161} INFO - Started process (PID=302) to work on /opt/airflow/dags/ingestion_dag.py
[2025-12-28T21:07:53.386+0700] {processor.py:830} INFO - Processing file /opt/airflow/dags/ingestion_dag.py for tasks to queue
[2025-12-28T21:07:53.389+0700] {logging_mixin.py:188} INFO - [2025-12-28T21:07:53.389+0700] {dagbag.py:545} INFO - Filling up the DagBag from /opt/airflow/dags/ingestion_dag.py
[2025-12-28T21:07:54.036+0700] {processor.py:840} INFO - DAG(s) 'flight_ingestion_v2' retrieved from /opt/airflow/dags/ingestion_dag.py
[2025-12-28T21:07:54.060+0700] {logging_mixin.py:188} INFO - [2025-12-28T21:07:54.060+0700] {dag.py:3096} INFO - Sync 1 DAGs
[2025-12-28T21:07:54.086+0700] {logging_mixin.py:188} INFO - [2025-12-28T21:07:54.085+0700] {dag.py:3954} INFO - Setting next_dagrun for flight_ingestion_v2 to 2025-12-27 17:00:00+00:00, run_after=2025-12-28 17:00:00+00:00
[2025-12-28T21:07:54.113+0700] {processor.py:183} INFO - Processing /opt/airflow/dags/ingestion_dag.py took 0.736 seconds
[2025-12-28T21:08:24.431+0700] {processor.py:161} INFO - Started process (PID=308) to work on /opt/airflow/dags/ingestion_dag.py
[2025-12-28T21:08:24.433+0700] {processor.py:830} INFO - Processing file /opt/airflow/dags/ingestion_dag.py for tasks to queue
[2025-12-28T21:08:24.438+0700] {logging_mixin.py:188} INFO - [2025-12-28T21:08:24.437+0700] {dagbag.py:545} INFO - Filling up the DagBag from /opt/airflow/dags/ingestion_dag.py
[2025-12-28T21:08:25.033+0700] {processor.py:840} INFO - DAG(s) 'flight_ingestion_v2' retrieved from /opt/airflow/dags/ingestion_dag.py
[2025-12-28T21:08:25.055+0700] {logging_mixin.py:188} INFO - [2025-12-28T21:08:25.054+0700] {dag.py:3096} INFO - Sync 1 DAGs
[2025-12-28T21:08:25.079+0700] {logging_mixin.py:188} INFO - [2025-12-28T21:08:25.079+0700] {dag.py:3954} INFO - Setting next_dagrun for flight_ingestion_v2 to 2025-12-27 17:00:00+00:00, run_after=2025-12-28 17:00:00+00:00
[2025-12-28T21:08:25.105+0700] {processor.py:183} INFO - Processing /opt/airflow/dags/ingestion_dag.py took 0.696 seconds
[2025-12-28T21:08:55.380+0700] {processor.py:161} INFO - Started process (PID=314) to work on /opt/airflow/dags/ingestion_dag.py
[2025-12-28T21:08:55.382+0700] {processor.py:830} INFO - Processing file /opt/airflow/dags/ingestion_dag.py for tasks to queue
[2025-12-28T21:08:55.385+0700] {logging_mixin.py:188} INFO - [2025-12-28T21:08:55.385+0700] {dagbag.py:545} INFO - Filling up the DagBag from /opt/airflow/dags/ingestion_dag.py
[2025-12-28T21:08:56.028+0700] {processor.py:840} INFO - DAG(s) 'flight_ingestion_v2' retrieved from /opt/airflow/dags/ingestion_dag.py
[2025-12-28T21:08:56.050+0700] {logging_mixin.py:188} INFO - [2025-12-28T21:08:56.050+0700] {dag.py:3096} INFO - Sync 1 DAGs
[2025-12-28T21:08:56.072+0700] {logging_mixin.py:188} INFO - [2025-12-28T21:08:56.072+0700] {dag.py:3954} INFO - Setting next_dagrun for flight_ingestion_v2 to 2025-12-27 17:00:00+00:00, run_after=2025-12-28 17:00:00+00:00
[2025-12-28T21:08:56.101+0700] {processor.py:183} INFO - Processing /opt/airflow/dags/ingestion_dag.py took 0.731 seconds
[2025-12-28T21:09:26.420+0700] {processor.py:161} INFO - Started process (PID=320) to work on /opt/airflow/dags/ingestion_dag.py
[2025-12-28T21:09:26.421+0700] {processor.py:830} INFO - Processing file /opt/airflow/dags/ingestion_dag.py for tasks to queue
[2025-12-28T21:09:26.423+0700] {logging_mixin.py:188} INFO - [2025-12-28T21:09:26.423+0700] {dagbag.py:545} INFO - Filling up the DagBag from /opt/airflow/dags/ingestion_dag.py
[2025-12-28T21:09:27.100+0700] {processor.py:840} INFO - DAG(s) 'flight_ingestion_v2' retrieved from /opt/airflow/dags/ingestion_dag.py
[2025-12-28T21:09:27.126+0700] {logging_mixin.py:188} INFO - [2025-12-28T21:09:27.125+0700] {dag.py:3096} INFO - Sync 1 DAGs
[2025-12-28T21:09:27.152+0700] {logging_mixin.py:188} INFO - [2025-12-28T21:09:27.152+0700] {dag.py:3954} INFO - Setting next_dagrun for flight_ingestion_v2 to 2025-12-27 17:00:00+00:00, run_after=2025-12-28 17:00:00+00:00
[2025-12-28T21:09:27.180+0700] {processor.py:183} INFO - Processing /opt/airflow/dags/ingestion_dag.py took 0.769 seconds
[2025-12-28T21:09:57.511+0700] {processor.py:161} INFO - Started process (PID=326) to work on /opt/airflow/dags/ingestion_dag.py
[2025-12-28T21:09:57.513+0700] {processor.py:830} INFO - Processing file /opt/airflow/dags/ingestion_dag.py for tasks to queue
[2025-12-28T21:09:57.515+0700] {logging_mixin.py:188} INFO - [2025-12-28T21:09:57.515+0700] {dagbag.py:545} INFO - Filling up the DagBag from /opt/airflow/dags/ingestion_dag.py
[2025-12-28T21:09:58.121+0700] {processor.py:840} INFO - DAG(s) 'flight_ingestion_v2' retrieved from /opt/airflow/dags/ingestion_dag.py
[2025-12-28T21:09:58.144+0700] {logging_mixin.py:188} INFO - [2025-12-28T21:09:58.143+0700] {dag.py:3096} INFO - Sync 1 DAGs
[2025-12-28T21:09:58.167+0700] {logging_mixin.py:188} INFO - [2025-12-28T21:09:58.167+0700] {dag.py:3954} INFO - Setting next_dagrun for flight_ingestion_v2 to 2025-12-27 17:00:00+00:00, run_after=2025-12-28 17:00:00+00:00
[2025-12-28T21:09:58.187+0700] {processor.py:183} INFO - Processing /opt/airflow/dags/ingestion_dag.py took 0.691 seconds
[2025-12-28T21:10:28.447+0700] {processor.py:161} INFO - Started process (PID=332) to work on /opt/airflow/dags/ingestion_dag.py
[2025-12-28T21:10:28.448+0700] {processor.py:830} INFO - Processing file /opt/airflow/dags/ingestion_dag.py for tasks to queue
[2025-12-28T21:10:28.451+0700] {logging_mixin.py:188} INFO - [2025-12-28T21:10:28.451+0700] {dagbag.py:545} INFO - Filling up the DagBag from /opt/airflow/dags/ingestion_dag.py
[2025-12-28T21:10:29.068+0700] {processor.py:840} INFO - DAG(s) 'flight_ingestion_v2' retrieved from /opt/airflow/dags/ingestion_dag.py
[2025-12-28T21:10:29.099+0700] {logging_mixin.py:188} INFO - [2025-12-28T21:10:29.098+0700] {dag.py:3096} INFO - Sync 1 DAGs
[2025-12-28T21:10:29.134+0700] {logging_mixin.py:188} INFO - [2025-12-28T21:10:29.134+0700] {dag.py:3954} INFO - Setting next_dagrun for flight_ingestion_v2 to 2025-12-27 17:00:00+00:00, run_after=2025-12-28 17:00:00+00:00
[2025-12-28T21:10:29.160+0700] {processor.py:183} INFO - Processing /opt/airflow/dags/ingestion_dag.py took 0.724 seconds
[2025-12-28T21:10:59.402+0700] {processor.py:161} INFO - Started process (PID=338) to work on /opt/airflow/dags/ingestion_dag.py
[2025-12-28T21:10:59.403+0700] {processor.py:830} INFO - Processing file /opt/airflow/dags/ingestion_dag.py for tasks to queue
[2025-12-28T21:10:59.406+0700] {logging_mixin.py:188} INFO - [2025-12-28T21:10:59.405+0700] {dagbag.py:545} INFO - Filling up the DagBag from /opt/airflow/dags/ingestion_dag.py
[2025-12-28T21:11:00.015+0700] {processor.py:840} INFO - DAG(s) 'flight_ingestion_v2' retrieved from /opt/airflow/dags/ingestion_dag.py
[2025-12-28T21:11:00.039+0700] {logging_mixin.py:188} INFO - [2025-12-28T21:11:00.038+0700] {dag.py:3096} INFO - Sync 1 DAGs
[2025-12-28T21:11:00.064+0700] {logging_mixin.py:188} INFO - [2025-12-28T21:11:00.063+0700] {dag.py:3954} INFO - Setting next_dagrun for flight_ingestion_v2 to 2025-12-27 17:00:00+00:00, run_after=2025-12-28 17:00:00+00:00
[2025-12-28T21:11:00.088+0700] {processor.py:183} INFO - Processing /opt/airflow/dags/ingestion_dag.py took 0.693 seconds
[2025-12-28T21:11:30.404+0700] {processor.py:161} INFO - Started process (PID=344) to work on /opt/airflow/dags/ingestion_dag.py
[2025-12-28T21:11:30.406+0700] {processor.py:830} INFO - Processing file /opt/airflow/dags/ingestion_dag.py for tasks to queue
[2025-12-28T21:11:30.409+0700] {logging_mixin.py:188} INFO - [2025-12-28T21:11:30.409+0700] {dagbag.py:545} INFO - Filling up the DagBag from /opt/airflow/dags/ingestion_dag.py
[2025-12-28T21:11:31.032+0700] {processor.py:840} INFO - DAG(s) 'flight_ingestion_v2' retrieved from /opt/airflow/dags/ingestion_dag.py
[2025-12-28T21:11:31.054+0700] {logging_mixin.py:188} INFO - [2025-12-28T21:11:31.054+0700] {dag.py:3096} INFO - Sync 1 DAGs
[2025-12-28T21:11:31.077+0700] {logging_mixin.py:188} INFO - [2025-12-28T21:11:31.077+0700] {dag.py:3954} INFO - Setting next_dagrun for flight_ingestion_v2 to 2025-12-27 17:00:00+00:00, run_after=2025-12-28 17:00:00+00:00
[2025-12-28T21:11:31.096+0700] {processor.py:183} INFO - Processing /opt/airflow/dags/ingestion_dag.py took 0.705 seconds
[2025-12-28T21:12:01.381+0700] {processor.py:161} INFO - Started process (PID=350) to work on /opt/airflow/dags/ingestion_dag.py
[2025-12-28T21:12:01.382+0700] {processor.py:830} INFO - Processing file /opt/airflow/dags/ingestion_dag.py for tasks to queue
[2025-12-28T21:12:01.384+0700] {logging_mixin.py:188} INFO - [2025-12-28T21:12:01.384+0700] {dagbag.py:545} INFO - Filling up the DagBag from /opt/airflow/dags/ingestion_dag.py
[2025-12-28T21:12:01.997+0700] {processor.py:840} INFO - DAG(s) 'flight_ingestion_v2' retrieved from /opt/airflow/dags/ingestion_dag.py
[2025-12-28T21:12:02.019+0700] {logging_mixin.py:188} INFO - [2025-12-28T21:12:02.018+0700] {dag.py:3096} INFO - Sync 1 DAGs
[2025-12-28T21:12:02.043+0700] {logging_mixin.py:188} INFO - [2025-12-28T21:12:02.042+0700] {dag.py:3954} INFO - Setting next_dagrun for flight_ingestion_v2 to 2025-12-27 17:00:00+00:00, run_after=2025-12-28 17:00:00+00:00
[2025-12-28T21:12:02.069+0700] {processor.py:183} INFO - Processing /opt/airflow/dags/ingestion_dag.py took 0.697 seconds
[2025-12-28T21:12:32.171+0700] {processor.py:161} INFO - Started process (PID=356) to work on /opt/airflow/dags/ingestion_dag.py
[2025-12-28T21:12:32.172+0700] {processor.py:830} INFO - Processing file /opt/airflow/dags/ingestion_dag.py for tasks to queue
[2025-12-28T21:12:32.175+0700] {logging_mixin.py:188} INFO - [2025-12-28T21:12:32.174+0700] {dagbag.py:545} INFO - Filling up the DagBag from /opt/airflow/dags/ingestion_dag.py
[2025-12-28T21:12:32.884+0700] {processor.py:840} INFO - DAG(s) 'flight_ingestion_v2' retrieved from /opt/airflow/dags/ingestion_dag.py
[2025-12-28T21:12:32.906+0700] {logging_mixin.py:188} INFO - [2025-12-28T21:12:32.906+0700] {dag.py:3096} INFO - Sync 1 DAGs
[2025-12-28T21:12:32.931+0700] {logging_mixin.py:188} INFO - [2025-12-28T21:12:32.930+0700] {dag.py:3954} INFO - Setting next_dagrun for flight_ingestion_v2 to 2025-12-27 17:00:00+00:00, run_after=2025-12-28 17:00:00+00:00
[2025-12-28T21:12:32.957+0700] {processor.py:183} INFO - Processing /opt/airflow/dags/ingestion_dag.py took 0.795 seconds
[2025-12-28T21:13:03.231+0700] {processor.py:161} INFO - Started process (PID=362) to work on /opt/airflow/dags/ingestion_dag.py
[2025-12-28T21:13:03.233+0700] {processor.py:830} INFO - Processing file /opt/airflow/dags/ingestion_dag.py for tasks to queue
[2025-12-28T21:13:03.236+0700] {logging_mixin.py:188} INFO - [2025-12-28T21:13:03.235+0700] {dagbag.py:545} INFO - Filling up the DagBag from /opt/airflow/dags/ingestion_dag.py
[2025-12-28T21:13:03.829+0700] {processor.py:840} INFO - DAG(s) 'flight_ingestion_v2' retrieved from /opt/airflow/dags/ingestion_dag.py
[2025-12-28T21:13:03.852+0700] {logging_mixin.py:188} INFO - [2025-12-28T21:13:03.851+0700] {dag.py:3096} INFO - Sync 1 DAGs
[2025-12-28T21:13:03.875+0700] {logging_mixin.py:188} INFO - [2025-12-28T21:13:03.875+0700] {dag.py:3954} INFO - Setting next_dagrun for flight_ingestion_v2 to 2025-12-27 17:00:00+00:00, run_after=2025-12-28 17:00:00+00:00
[2025-12-28T21:13:03.895+0700] {processor.py:183} INFO - Processing /opt/airflow/dags/ingestion_dag.py took 0.675 seconds
[2025-12-28T21:13:34.168+0700] {processor.py:161} INFO - Started process (PID=368) to work on /opt/airflow/dags/ingestion_dag.py
[2025-12-28T21:13:34.169+0700] {processor.py:830} INFO - Processing file /opt/airflow/dags/ingestion_dag.py for tasks to queue
[2025-12-28T21:13:34.172+0700] {logging_mixin.py:188} INFO - [2025-12-28T21:13:34.171+0700] {dagbag.py:545} INFO - Filling up the DagBag from /opt/airflow/dags/ingestion_dag.py
[2025-12-28T21:13:34.841+0700] {processor.py:840} INFO - DAG(s) 'flight_ingestion_v2' retrieved from /opt/airflow/dags/ingestion_dag.py
[2025-12-28T21:13:34.868+0700] {logging_mixin.py:188} INFO - [2025-12-28T21:13:34.867+0700] {dag.py:3096} INFO - Sync 1 DAGs
[2025-12-28T21:13:34.890+0700] {logging_mixin.py:188} INFO - [2025-12-28T21:13:34.890+0700] {dag.py:3954} INFO - Setting next_dagrun for flight_ingestion_v2 to 2025-12-27 17:00:00+00:00, run_after=2025-12-28 17:00:00+00:00
[2025-12-28T21:13:34.909+0700] {processor.py:183} INFO - Processing /opt/airflow/dags/ingestion_dag.py took 0.749 seconds
[2025-12-28T21:14:05.116+0700] {processor.py:161} INFO - Started process (PID=374) to work on /opt/airflow/dags/ingestion_dag.py
[2025-12-28T21:14:05.118+0700] {processor.py:830} INFO - Processing file /opt/airflow/dags/ingestion_dag.py for tasks to queue
[2025-12-28T21:14:05.121+0700] {logging_mixin.py:188} INFO - [2025-12-28T21:14:05.120+0700] {dagbag.py:545} INFO - Filling up the DagBag from /opt/airflow/dags/ingestion_dag.py
[2025-12-28T21:14:05.730+0700] {processor.py:840} INFO - DAG(s) 'flight_ingestion_v2' retrieved from /opt/airflow/dags/ingestion_dag.py
[2025-12-28T21:14:05.752+0700] {logging_mixin.py:188} INFO - [2025-12-28T21:14:05.752+0700] {dag.py:3096} INFO - Sync 1 DAGs
[2025-12-28T21:14:05.774+0700] {logging_mixin.py:188} INFO - [2025-12-28T21:14:05.774+0700] {dag.py:3954} INFO - Setting next_dagrun for flight_ingestion_v2 to 2025-12-27 17:00:00+00:00, run_after=2025-12-28 17:00:00+00:00
[2025-12-28T21:14:05.802+0700] {processor.py:183} INFO - Processing /opt/airflow/dags/ingestion_dag.py took 0.700 seconds
[2025-12-28T21:14:36.171+0700] {processor.py:161} INFO - Started process (PID=380) to work on /opt/airflow/dags/ingestion_dag.py
[2025-12-28T21:14:36.172+0700] {processor.py:830} INFO - Processing file /opt/airflow/dags/ingestion_dag.py for tasks to queue
[2025-12-28T21:14:36.175+0700] {logging_mixin.py:188} INFO - [2025-12-28T21:14:36.175+0700] {dagbag.py:545} INFO - Filling up the DagBag from /opt/airflow/dags/ingestion_dag.py
[2025-12-28T21:14:36.772+0700] {processor.py:840} INFO - DAG(s) 'flight_ingestion_v2' retrieved from /opt/airflow/dags/ingestion_dag.py
[2025-12-28T21:14:36.794+0700] {logging_mixin.py:188} INFO - [2025-12-28T21:14:36.793+0700] {dag.py:3096} INFO - Sync 1 DAGs
[2025-12-28T21:14:36.818+0700] {logging_mixin.py:188} INFO - [2025-12-28T21:14:36.817+0700] {dag.py:3954} INFO - Setting next_dagrun for flight_ingestion_v2 to 2025-12-27 17:00:00+00:00, run_after=2025-12-28 17:00:00+00:00
[2025-12-28T21:14:36.844+0700] {processor.py:183} INFO - Processing /opt/airflow/dags/ingestion_dag.py took 0.686 seconds
[2025-12-28T21:15:07.169+0700] {processor.py:161} INFO - Started process (PID=386) to work on /opt/airflow/dags/ingestion_dag.py
[2025-12-28T21:15:07.170+0700] {processor.py:830} INFO - Processing file /opt/airflow/dags/ingestion_dag.py for tasks to queue
[2025-12-28T21:15:07.172+0700] {logging_mixin.py:188} INFO - [2025-12-28T21:15:07.172+0700] {dagbag.py:545} INFO - Filling up the DagBag from /opt/airflow/dags/ingestion_dag.py
[2025-12-28T21:15:07.784+0700] {processor.py:840} INFO - DAG(s) 'flight_ingestion_v2' retrieved from /opt/airflow/dags/ingestion_dag.py
[2025-12-28T21:15:07.805+0700] {logging_mixin.py:188} INFO - [2025-12-28T21:15:07.805+0700] {dag.py:3096} INFO - Sync 1 DAGs
[2025-12-28T21:15:07.827+0700] {logging_mixin.py:188} INFO - [2025-12-28T21:15:07.827+0700] {dag.py:3954} INFO - Setting next_dagrun for flight_ingestion_v2 to 2025-12-27 17:00:00+00:00, run_after=2025-12-28 17:00:00+00:00
[2025-12-28T21:15:07.854+0700] {processor.py:183} INFO - Processing /opt/airflow/dags/ingestion_dag.py took 0.692 seconds
[2025-12-28T21:15:38.082+0700] {processor.py:161} INFO - Started process (PID=392) to work on /opt/airflow/dags/ingestion_dag.py
[2025-12-28T21:15:38.084+0700] {processor.py:830} INFO - Processing file /opt/airflow/dags/ingestion_dag.py for tasks to queue
[2025-12-28T21:15:38.087+0700] {logging_mixin.py:188} INFO - [2025-12-28T21:15:38.086+0700] {dagbag.py:545} INFO - Filling up the DagBag from /opt/airflow/dags/ingestion_dag.py
[2025-12-28T21:15:38.693+0700] {processor.py:840} INFO - DAG(s) 'flight_ingestion_v2' retrieved from /opt/airflow/dags/ingestion_dag.py
[2025-12-28T21:15:38.715+0700] {logging_mixin.py:188} INFO - [2025-12-28T21:15:38.715+0700] {dag.py:3096} INFO - Sync 1 DAGs
[2025-12-28T21:15:38.738+0700] {logging_mixin.py:188} INFO - [2025-12-28T21:15:38.738+0700] {dag.py:3954} INFO - Setting next_dagrun for flight_ingestion_v2 to 2025-12-27 17:00:00+00:00, run_after=2025-12-28 17:00:00+00:00
[2025-12-28T21:15:38.766+0700] {processor.py:183} INFO - Processing /opt/airflow/dags/ingestion_dag.py took 0.697 seconds
[2025-12-28T21:16:09.158+0700] {processor.py:161} INFO - Started process (PID=398) to work on /opt/airflow/dags/ingestion_dag.py
[2025-12-28T21:16:09.160+0700] {processor.py:830} INFO - Processing file /opt/airflow/dags/ingestion_dag.py for tasks to queue
[2025-12-28T21:16:09.163+0700] {logging_mixin.py:188} INFO - [2025-12-28T21:16:09.163+0700] {dagbag.py:545} INFO - Filling up the DagBag from /opt/airflow/dags/ingestion_dag.py
[2025-12-28T21:16:09.763+0700] {processor.py:840} INFO - DAG(s) 'flight_ingestion_v2' retrieved from /opt/airflow/dags/ingestion_dag.py
[2025-12-28T21:16:09.785+0700] {logging_mixin.py:188} INFO - [2025-12-28T21:16:09.784+0700] {dag.py:3096} INFO - Sync 1 DAGs
[2025-12-28T21:16:09.810+0700] {logging_mixin.py:188} INFO - [2025-12-28T21:16:09.810+0700] {dag.py:3954} INFO - Setting next_dagrun for flight_ingestion_v2 to 2025-12-27 17:00:00+00:00, run_after=2025-12-28 17:00:00+00:00
[2025-12-28T21:16:09.829+0700] {processor.py:183} INFO - Processing /opt/airflow/dags/ingestion_dag.py took 0.687 seconds
[2025-12-28T21:16:40.185+0700] {processor.py:161} INFO - Started process (PID=404) to work on /opt/airflow/dags/ingestion_dag.py
[2025-12-28T21:16:40.186+0700] {processor.py:830} INFO - Processing file /opt/airflow/dags/ingestion_dag.py for tasks to queue
[2025-12-28T21:16:40.189+0700] {logging_mixin.py:188} INFO - [2025-12-28T21:16:40.188+0700] {dagbag.py:545} INFO - Filling up the DagBag from /opt/airflow/dags/ingestion_dag.py
[2025-12-28T21:16:40.822+0700] {processor.py:840} INFO - DAG(s) 'flight_ingestion_v2' retrieved from /opt/airflow/dags/ingestion_dag.py
[2025-12-28T21:16:40.845+0700] {logging_mixin.py:188} INFO - [2025-12-28T21:16:40.845+0700] {dag.py:3096} INFO - Sync 1 DAGs
[2025-12-28T21:16:40.868+0700] {logging_mixin.py:188} INFO - [2025-12-28T21:16:40.868+0700] {dag.py:3954} INFO - Setting next_dagrun for flight_ingestion_v2 to 2025-12-27 17:00:00+00:00, run_after=2025-12-28 17:00:00+00:00
[2025-12-28T21:16:40.895+0700] {processor.py:183} INFO - Processing /opt/airflow/dags/ingestion_dag.py took 0.720 seconds
[2025-12-28T21:17:11.055+0700] {processor.py:161} INFO - Started process (PID=410) to work on /opt/airflow/dags/ingestion_dag.py
[2025-12-28T21:17:11.056+0700] {processor.py:830} INFO - Processing file /opt/airflow/dags/ingestion_dag.py for tasks to queue
[2025-12-28T21:17:11.059+0700] {logging_mixin.py:188} INFO - [2025-12-28T21:17:11.058+0700] {dagbag.py:545} INFO - Filling up the DagBag from /opt/airflow/dags/ingestion_dag.py
[2025-12-28T21:17:11.664+0700] {processor.py:840} INFO - DAG(s) 'flight_ingestion_v2' retrieved from /opt/airflow/dags/ingestion_dag.py
[2025-12-28T21:17:11.687+0700] {logging_mixin.py:188} INFO - [2025-12-28T21:17:11.686+0700] {dag.py:3096} INFO - Sync 1 DAGs
[2025-12-28T21:17:11.709+0700] {logging_mixin.py:188} INFO - [2025-12-28T21:17:11.709+0700] {dag.py:3954} INFO - Setting next_dagrun for flight_ingestion_v2 to 2025-12-27 17:00:00+00:00, run_after=2025-12-28 17:00:00+00:00
[2025-12-28T21:17:11.727+0700] {processor.py:183} INFO - Processing /opt/airflow/dags/ingestion_dag.py took 0.681 seconds
[2025-12-28T21:17:41.997+0700] {processor.py:161} INFO - Started process (PID=416) to work on /opt/airflow/dags/ingestion_dag.py
[2025-12-28T21:17:41.999+0700] {processor.py:830} INFO - Processing file /opt/airflow/dags/ingestion_dag.py for tasks to queue
[2025-12-28T21:17:42.003+0700] {logging_mixin.py:188} INFO - [2025-12-28T21:17:42.002+0700] {dagbag.py:545} INFO - Filling up the DagBag from /opt/airflow/dags/ingestion_dag.py
[2025-12-28T21:17:42.625+0700] {processor.py:840} INFO - DAG(s) 'flight_ingestion_v2' retrieved from /opt/airflow/dags/ingestion_dag.py
[2025-12-28T21:17:42.647+0700] {logging_mixin.py:188} INFO - [2025-12-28T21:17:42.647+0700] {dag.py:3096} INFO - Sync 1 DAGs
[2025-12-28T21:17:42.669+0700] {logging_mixin.py:188} INFO - [2025-12-28T21:17:42.669+0700] {dag.py:3954} INFO - Setting next_dagrun for flight_ingestion_v2 to 2025-12-27 17:00:00+00:00, run_after=2025-12-28 17:00:00+00:00
[2025-12-28T21:17:42.694+0700] {processor.py:183} INFO - Processing /opt/airflow/dags/ingestion_dag.py took 0.708 seconds
[2025-12-28T21:18:12.960+0700] {processor.py:161} INFO - Started process (PID=422) to work on /opt/airflow/dags/ingestion_dag.py
[2025-12-28T21:18:12.962+0700] {processor.py:830} INFO - Processing file /opt/airflow/dags/ingestion_dag.py for tasks to queue
[2025-12-28T21:18:12.964+0700] {logging_mixin.py:188} INFO - [2025-12-28T21:18:12.964+0700] {dagbag.py:545} INFO - Filling up the DagBag from /opt/airflow/dags/ingestion_dag.py
[2025-12-28T21:18:13.602+0700] {processor.py:840} INFO - DAG(s) 'flight_ingestion_v2' retrieved from /opt/airflow/dags/ingestion_dag.py
[2025-12-28T21:18:13.625+0700] {logging_mixin.py:188} INFO - [2025-12-28T21:18:13.624+0700] {dag.py:3096} INFO - Sync 1 DAGs
[2025-12-28T21:18:13.650+0700] {logging_mixin.py:188} INFO - [2025-12-28T21:18:13.650+0700] {dag.py:3954} INFO - Setting next_dagrun for flight_ingestion_v2 to 2025-12-27 17:00:00+00:00, run_after=2025-12-28 17:00:00+00:00
[2025-12-28T21:18:13.677+0700] {processor.py:183} INFO - Processing /opt/airflow/dags/ingestion_dag.py took 0.727 seconds
[2025-12-28T21:18:43.856+0700] {processor.py:161} INFO - Started process (PID=428) to work on /opt/airflow/dags/ingestion_dag.py
[2025-12-28T21:18:43.858+0700] {processor.py:830} INFO - Processing file /opt/airflow/dags/ingestion_dag.py for tasks to queue
[2025-12-28T21:18:43.861+0700] {logging_mixin.py:188} INFO - [2025-12-28T21:18:43.861+0700] {dagbag.py:545} INFO - Filling up the DagBag from /opt/airflow/dags/ingestion_dag.py
[2025-12-28T21:18:44.468+0700] {processor.py:840} INFO - DAG(s) 'flight_ingestion_v2' retrieved from /opt/airflow/dags/ingestion_dag.py
[2025-12-28T21:18:44.492+0700] {logging_mixin.py:188} INFO - [2025-12-28T21:18:44.491+0700] {dag.py:3096} INFO - Sync 1 DAGs
[2025-12-28T21:18:44.519+0700] {logging_mixin.py:188} INFO - [2025-12-28T21:18:44.519+0700] {dag.py:3954} INFO - Setting next_dagrun for flight_ingestion_v2 to 2025-12-27 17:00:00+00:00, run_after=2025-12-28 17:00:00+00:00
[2025-12-28T21:18:44.538+0700] {processor.py:183} INFO - Processing /opt/airflow/dags/ingestion_dag.py took 0.698 seconds
[2025-12-28T21:19:14.885+0700] {processor.py:161} INFO - Started process (PID=434) to work on /opt/airflow/dags/ingestion_dag.py
[2025-12-28T21:19:14.887+0700] {processor.py:830} INFO - Processing file /opt/airflow/dags/ingestion_dag.py for tasks to queue
[2025-12-28T21:19:14.889+0700] {logging_mixin.py:188} INFO - [2025-12-28T21:19:14.889+0700] {dagbag.py:545} INFO - Filling up the DagBag from /opt/airflow/dags/ingestion_dag.py
[2025-12-28T21:19:15.503+0700] {processor.py:840} INFO - DAG(s) 'flight_ingestion_v2' retrieved from /opt/airflow/dags/ingestion_dag.py
[2025-12-28T21:19:15.526+0700] {logging_mixin.py:188} INFO - [2025-12-28T21:19:15.526+0700] {dag.py:3096} INFO - Sync 1 DAGs
[2025-12-28T21:19:15.548+0700] {logging_mixin.py:188} INFO - [2025-12-28T21:19:15.548+0700] {dag.py:3954} INFO - Setting next_dagrun for flight_ingestion_v2 to 2025-12-27 17:00:00+00:00, run_after=2025-12-28 17:00:00+00:00
[2025-12-28T21:19:15.574+0700] {processor.py:183} INFO - Processing /opt/airflow/dags/ingestion_dag.py took 0.702 seconds
[2025-12-28T21:19:45.912+0700] {processor.py:161} INFO - Started process (PID=440) to work on /opt/airflow/dags/ingestion_dag.py
[2025-12-28T21:19:45.913+0700] {processor.py:830} INFO - Processing file /opt/airflow/dags/ingestion_dag.py for tasks to queue
[2025-12-28T21:19:45.915+0700] {logging_mixin.py:188} INFO - [2025-12-28T21:19:45.915+0700] {dagbag.py:545} INFO - Filling up the DagBag from /opt/airflow/dags/ingestion_dag.py
[2025-12-28T21:19:46.512+0700] {processor.py:840} INFO - DAG(s) 'flight_ingestion_v2' retrieved from /opt/airflow/dags/ingestion_dag.py
[2025-12-28T21:19:46.535+0700] {logging_mixin.py:188} INFO - [2025-12-28T21:19:46.534+0700] {dag.py:3096} INFO - Sync 1 DAGs
[2025-12-28T21:19:46.558+0700] {logging_mixin.py:188} INFO - [2025-12-28T21:19:46.557+0700] {dag.py:3954} INFO - Setting next_dagrun for flight_ingestion_v2 to 2025-12-27 17:00:00+00:00, run_after=2025-12-28 17:00:00+00:00
[2025-12-28T21:19:46.584+0700] {processor.py:183} INFO - Processing /opt/airflow/dags/ingestion_dag.py took 0.680 seconds
[2025-12-28T21:20:16.719+0700] {processor.py:161} INFO - Started process (PID=446) to work on /opt/airflow/dags/ingestion_dag.py
[2025-12-28T21:20:16.721+0700] {processor.py:830} INFO - Processing file /opt/airflow/dags/ingestion_dag.py for tasks to queue
[2025-12-28T21:20:16.724+0700] {logging_mixin.py:188} INFO - [2025-12-28T21:20:16.724+0700] {dagbag.py:545} INFO - Filling up the DagBag from /opt/airflow/dags/ingestion_dag.py
[2025-12-28T21:20:17.334+0700] {processor.py:840} INFO - DAG(s) 'flight_ingestion_v2' retrieved from /opt/airflow/dags/ingestion_dag.py
[2025-12-28T21:20:17.356+0700] {logging_mixin.py:188} INFO - [2025-12-28T21:20:17.355+0700] {dag.py:3096} INFO - Sync 1 DAGs
[2025-12-28T21:20:17.378+0700] {logging_mixin.py:188} INFO - [2025-12-28T21:20:17.378+0700] {dag.py:3954} INFO - Setting next_dagrun for flight_ingestion_v2 to 2025-12-27 17:00:00+00:00, run_after=2025-12-28 17:00:00+00:00
[2025-12-28T21:20:17.405+0700] {processor.py:183} INFO - Processing /opt/airflow/dags/ingestion_dag.py took 0.702 seconds
[2025-12-28T21:20:47.737+0700] {processor.py:161} INFO - Started process (PID=452) to work on /opt/airflow/dags/ingestion_dag.py
[2025-12-28T21:20:47.739+0700] {processor.py:830} INFO - Processing file /opt/airflow/dags/ingestion_dag.py for tasks to queue
[2025-12-28T21:20:47.743+0700] {logging_mixin.py:188} INFO - [2025-12-28T21:20:47.742+0700] {dagbag.py:545} INFO - Filling up the DagBag from /opt/airflow/dags/ingestion_dag.py
[2025-12-28T21:20:48.362+0700] {processor.py:840} INFO - DAG(s) 'flight_ingestion_v2' retrieved from /opt/airflow/dags/ingestion_dag.py
[2025-12-28T21:20:48.384+0700] {logging_mixin.py:188} INFO - [2025-12-28T21:20:48.384+0700] {dag.py:3096} INFO - Sync 1 DAGs
[2025-12-28T21:20:48.407+0700] {logging_mixin.py:188} INFO - [2025-12-28T21:20:48.406+0700] {dag.py:3954} INFO - Setting next_dagrun for flight_ingestion_v2 to 2025-12-27 17:00:00+00:00, run_after=2025-12-28 17:00:00+00:00
[2025-12-28T21:20:48.434+0700] {processor.py:183} INFO - Processing /opt/airflow/dags/ingestion_dag.py took 0.709 seconds
[2025-12-28T21:21:18.535+0700] {processor.py:161} INFO - Started process (PID=458) to work on /opt/airflow/dags/ingestion_dag.py
[2025-12-28T21:21:18.536+0700] {processor.py:830} INFO - Processing file /opt/airflow/dags/ingestion_dag.py for tasks to queue
[2025-12-28T21:21:18.539+0700] {logging_mixin.py:188} INFO - [2025-12-28T21:21:18.538+0700] {dagbag.py:545} INFO - Filling up the DagBag from /opt/airflow/dags/ingestion_dag.py
[2025-12-28T21:21:19.141+0700] {processor.py:840} INFO - DAG(s) 'flight_ingestion_v2' retrieved from /opt/airflow/dags/ingestion_dag.py
[2025-12-28T21:21:19.165+0700] {logging_mixin.py:188} INFO - [2025-12-28T21:21:19.164+0700] {dag.py:3096} INFO - Sync 1 DAGs
[2025-12-28T21:21:19.188+0700] {logging_mixin.py:188} INFO - [2025-12-28T21:21:19.188+0700] {dag.py:3954} INFO - Setting next_dagrun for flight_ingestion_v2 to 2025-12-27 17:00:00+00:00, run_after=2025-12-28 17:00:00+00:00
[2025-12-28T21:21:19.214+0700] {processor.py:183} INFO - Processing /opt/airflow/dags/ingestion_dag.py took 0.689 seconds
[2025-12-28T21:21:49.597+0700] {processor.py:161} INFO - Started process (PID=464) to work on /opt/airflow/dags/ingestion_dag.py
[2025-12-28T21:21:49.598+0700] {processor.py:830} INFO - Processing file /opt/airflow/dags/ingestion_dag.py for tasks to queue
[2025-12-28T21:21:49.601+0700] {logging_mixin.py:188} INFO - [2025-12-28T21:21:49.600+0700] {dagbag.py:545} INFO - Filling up the DagBag from /opt/airflow/dags/ingestion_dag.py
[2025-12-28T21:21:50.210+0700] {processor.py:840} INFO - DAG(s) 'flight_ingestion_v2' retrieved from /opt/airflow/dags/ingestion_dag.py
[2025-12-28T21:21:50.233+0700] {logging_mixin.py:188} INFO - [2025-12-28T21:21:50.233+0700] {dag.py:3096} INFO - Sync 1 DAGs
[2025-12-28T21:21:50.256+0700] {logging_mixin.py:188} INFO - [2025-12-28T21:21:50.256+0700] {dag.py:3954} INFO - Setting next_dagrun for flight_ingestion_v2 to 2025-12-27 17:00:00+00:00, run_after=2025-12-28 17:00:00+00:00
[2025-12-28T21:21:50.283+0700] {processor.py:183} INFO - Processing /opt/airflow/dags/ingestion_dag.py took 0.698 seconds
[2025-12-28T21:22:20.602+0700] {processor.py:161} INFO - Started process (PID=470) to work on /opt/airflow/dags/ingestion_dag.py
[2025-12-28T21:22:20.604+0700] {processor.py:830} INFO - Processing file /opt/airflow/dags/ingestion_dag.py for tasks to queue
[2025-12-28T21:22:20.607+0700] {logging_mixin.py:188} INFO - [2025-12-28T21:22:20.606+0700] {dagbag.py:545} INFO - Filling up the DagBag from /opt/airflow/dags/ingestion_dag.py
[2025-12-28T21:22:21.201+0700] {processor.py:840} INFO - DAG(s) 'flight_ingestion_v2' retrieved from /opt/airflow/dags/ingestion_dag.py
[2025-12-28T21:22:21.224+0700] {logging_mixin.py:188} INFO - [2025-12-28T21:22:21.224+0700] {dag.py:3096} INFO - Sync 1 DAGs
[2025-12-28T21:22:21.246+0700] {logging_mixin.py:188} INFO - [2025-12-28T21:22:21.246+0700] {dag.py:3954} INFO - Setting next_dagrun for flight_ingestion_v2 to 2025-12-27 17:00:00+00:00, run_after=2025-12-28 17:00:00+00:00
[2025-12-28T21:22:21.273+0700] {processor.py:183} INFO - Processing /opt/airflow/dags/ingestion_dag.py took 0.680 seconds
[2025-12-28T21:22:51.622+0700] {processor.py:161} INFO - Started process (PID=476) to work on /opt/airflow/dags/ingestion_dag.py
[2025-12-28T21:22:51.623+0700] {processor.py:830} INFO - Processing file /opt/airflow/dags/ingestion_dag.py for tasks to queue
[2025-12-28T21:22:51.626+0700] {logging_mixin.py:188} INFO - [2025-12-28T21:22:51.625+0700] {dagbag.py:545} INFO - Filling up the DagBag from /opt/airflow/dags/ingestion_dag.py
[2025-12-28T21:22:52.231+0700] {processor.py:840} INFO - DAG(s) 'flight_ingestion_v2' retrieved from /opt/airflow/dags/ingestion_dag.py
[2025-12-28T21:22:52.253+0700] {logging_mixin.py:188} INFO - [2025-12-28T21:22:52.253+0700] {dag.py:3096} INFO - Sync 1 DAGs
[2025-12-28T21:22:52.276+0700] {logging_mixin.py:188} INFO - [2025-12-28T21:22:52.276+0700] {dag.py:3954} INFO - Setting next_dagrun for flight_ingestion_v2 to 2025-12-27 17:00:00+00:00, run_after=2025-12-28 17:00:00+00:00
[2025-12-28T21:22:52.303+0700] {processor.py:183} INFO - Processing /opt/airflow/dags/ingestion_dag.py took 0.692 seconds
[2025-12-28T21:23:22.649+0700] {processor.py:161} INFO - Started process (PID=482) to work on /opt/airflow/dags/ingestion_dag.py
[2025-12-28T21:23:22.651+0700] {processor.py:830} INFO - Processing file /opt/airflow/dags/ingestion_dag.py for tasks to queue
[2025-12-28T21:23:22.653+0700] {logging_mixin.py:188} INFO - [2025-12-28T21:23:22.653+0700] {dagbag.py:545} INFO - Filling up the DagBag from /opt/airflow/dags/ingestion_dag.py
[2025-12-28T21:23:23.255+0700] {processor.py:840} INFO - DAG(s) 'flight_ingestion_v2' retrieved from /opt/airflow/dags/ingestion_dag.py
[2025-12-28T21:23:23.277+0700] {logging_mixin.py:188} INFO - [2025-12-28T21:23:23.277+0700] {dag.py:3096} INFO - Sync 1 DAGs
[2025-12-28T21:23:23.300+0700] {logging_mixin.py:188} INFO - [2025-12-28T21:23:23.300+0700] {dag.py:3954} INFO - Setting next_dagrun for flight_ingestion_v2 to 2025-12-27 17:00:00+00:00, run_after=2025-12-28 17:00:00+00:00
[2025-12-28T21:23:23.326+0700] {processor.py:183} INFO - Processing /opt/airflow/dags/ingestion_dag.py took 0.687 seconds
[2025-12-28T21:23:53.651+0700] {processor.py:161} INFO - Started process (PID=488) to work on /opt/airflow/dags/ingestion_dag.py
[2025-12-28T21:23:53.653+0700] {processor.py:830} INFO - Processing file /opt/airflow/dags/ingestion_dag.py for tasks to queue
[2025-12-28T21:23:53.657+0700] {logging_mixin.py:188} INFO - [2025-12-28T21:23:53.657+0700] {dagbag.py:545} INFO - Filling up the DagBag from /opt/airflow/dags/ingestion_dag.py
[2025-12-28T21:23:54.262+0700] {processor.py:840} INFO - DAG(s) 'flight_ingestion_v2' retrieved from /opt/airflow/dags/ingestion_dag.py
[2025-12-28T21:23:54.284+0700] {logging_mixin.py:188} INFO - [2025-12-28T21:23:54.284+0700] {dag.py:3096} INFO - Sync 1 DAGs
[2025-12-28T21:23:54.307+0700] {logging_mixin.py:188} INFO - [2025-12-28T21:23:54.307+0700] {dag.py:3954} INFO - Setting next_dagrun for flight_ingestion_v2 to 2025-12-27 17:00:00+00:00, run_after=2025-12-28 17:00:00+00:00
[2025-12-28T21:23:54.335+0700] {processor.py:183} INFO - Processing /opt/airflow/dags/ingestion_dag.py took 0.701 seconds
[2025-12-28T21:24:24.525+0700] {processor.py:161} INFO - Started process (PID=494) to work on /opt/airflow/dags/ingestion_dag.py
[2025-12-28T21:24:24.527+0700] {processor.py:830} INFO - Processing file /opt/airflow/dags/ingestion_dag.py for tasks to queue
[2025-12-28T21:24:24.531+0700] {logging_mixin.py:188} INFO - [2025-12-28T21:24:24.530+0700] {dagbag.py:545} INFO - Filling up the DagBag from /opt/airflow/dags/ingestion_dag.py
[2025-12-28T21:24:25.137+0700] {processor.py:840} INFO - DAG(s) 'flight_ingestion_v2' retrieved from /opt/airflow/dags/ingestion_dag.py
[2025-12-28T21:24:25.160+0700] {logging_mixin.py:188} INFO - [2025-12-28T21:24:25.160+0700] {dag.py:3096} INFO - Sync 1 DAGs
[2025-12-28T21:24:25.187+0700] {logging_mixin.py:188} INFO - [2025-12-28T21:24:25.187+0700] {dag.py:3954} INFO - Setting next_dagrun for flight_ingestion_v2 to 2025-12-27 17:00:00+00:00, run_after=2025-12-28 17:00:00+00:00
[2025-12-28T21:24:25.206+0700] {processor.py:183} INFO - Processing /opt/airflow/dags/ingestion_dag.py took 0.691 seconds
[2025-12-28T21:24:55.471+0700] {processor.py:161} INFO - Started process (PID=500) to work on /opt/airflow/dags/ingestion_dag.py
[2025-12-28T21:24:55.473+0700] {processor.py:830} INFO - Processing file /opt/airflow/dags/ingestion_dag.py for tasks to queue
[2025-12-28T21:24:55.475+0700] {logging_mixin.py:188} INFO - [2025-12-28T21:24:55.475+0700] {dagbag.py:545} INFO - Filling up the DagBag from /opt/airflow/dags/ingestion_dag.py
[2025-12-28T21:24:56.143+0700] {processor.py:840} INFO - DAG(s) 'flight_ingestion_v2' retrieved from /opt/airflow/dags/ingestion_dag.py
[2025-12-28T21:24:56.169+0700] {logging_mixin.py:188} INFO - [2025-12-28T21:24:56.169+0700] {dag.py:3096} INFO - Sync 1 DAGs
[2025-12-28T21:24:56.192+0700] {logging_mixin.py:188} INFO - [2025-12-28T21:24:56.192+0700] {dag.py:3954} INFO - Setting next_dagrun for flight_ingestion_v2 to 2025-12-27 17:00:00+00:00, run_after=2025-12-28 17:00:00+00:00
[2025-12-28T21:24:56.217+0700] {processor.py:183} INFO - Processing /opt/airflow/dags/ingestion_dag.py took 0.757 seconds
[2025-12-28T21:25:26.429+0700] {processor.py:161} INFO - Started process (PID=506) to work on /opt/airflow/dags/ingestion_dag.py
[2025-12-28T21:25:26.430+0700] {processor.py:830} INFO - Processing file /opt/airflow/dags/ingestion_dag.py for tasks to queue
[2025-12-28T21:25:26.432+0700] {logging_mixin.py:188} INFO - [2025-12-28T21:25:26.432+0700] {dagbag.py:545} INFO - Filling up the DagBag from /opt/airflow/dags/ingestion_dag.py
[2025-12-28T21:25:27.080+0700] {processor.py:840} INFO - DAG(s) 'flight_ingestion_v2' retrieved from /opt/airflow/dags/ingestion_dag.py
[2025-12-28T21:25:27.091+0700] {logging_mixin.py:188} INFO - [2025-12-28T21:25:27.089+0700] {dag.py:3096} INFO - Sync 1 DAGs
[2025-12-28T21:25:27.114+0700] {logging_mixin.py:188} INFO - [2025-12-28T21:25:27.114+0700] {dag.py:3954} INFO - Setting next_dagrun for flight_ingestion_v2 to 2025-12-27 17:00:00+00:00, run_after=2025-12-28 17:00:00+00:00
[2025-12-28T21:25:27.136+0700] {processor.py:183} INFO - Processing /opt/airflow/dags/ingestion_dag.py took 0.714 seconds
[2025-12-28T21:25:57.371+0700] {processor.py:161} INFO - Started process (PID=512) to work on /opt/airflow/dags/ingestion_dag.py
[2025-12-28T21:25:57.372+0700] {processor.py:830} INFO - Processing file /opt/airflow/dags/ingestion_dag.py for tasks to queue
[2025-12-28T21:25:57.375+0700] {logging_mixin.py:188} INFO - [2025-12-28T21:25:57.375+0700] {dagbag.py:545} INFO - Filling up the DagBag from /opt/airflow/dags/ingestion_dag.py
[2025-12-28T21:25:58.031+0700] {processor.py:840} INFO - DAG(s) 'flight_ingestion_v2' retrieved from /opt/airflow/dags/ingestion_dag.py
[2025-12-28T21:25:58.133+0700] {logging_mixin.py:188} INFO - [2025-12-28T21:25:58.132+0700] {dag.py:3096} INFO - Sync 1 DAGs
[2025-12-28T21:25:58.156+0700] {logging_mixin.py:188} INFO - [2025-12-28T21:25:58.155+0700] {dag.py:3954} INFO - Setting next_dagrun for flight_ingestion_v2 to 2025-12-27 17:00:00+00:00, run_after=2025-12-28 17:00:00+00:00
[2025-12-28T21:25:58.184+0700] {processor.py:183} INFO - Processing /opt/airflow/dags/ingestion_dag.py took 0.826 seconds
[2025-12-28T21:26:28.449+0700] {processor.py:161} INFO - Started process (PID=521) to work on /opt/airflow/dags/ingestion_dag.py
[2025-12-28T21:26:28.450+0700] {processor.py:830} INFO - Processing file /opt/airflow/dags/ingestion_dag.py for tasks to queue
[2025-12-28T21:26:28.452+0700] {logging_mixin.py:188} INFO - [2025-12-28T21:26:28.452+0700] {dagbag.py:545} INFO - Filling up the DagBag from /opt/airflow/dags/ingestion_dag.py
[2025-12-28T21:26:29.128+0700] {processor.py:840} INFO - DAG(s) 'flight_ingestion_v2' retrieved from /opt/airflow/dags/ingestion_dag.py
[2025-12-28T21:26:29.150+0700] {logging_mixin.py:188} INFO - [2025-12-28T21:26:29.149+0700] {dag.py:3096} INFO - Sync 1 DAGs
[2025-12-28T21:26:29.172+0700] {logging_mixin.py:188} INFO - [2025-12-28T21:26:29.171+0700] {dag.py:3954} INFO - Setting next_dagrun for flight_ingestion_v2 to 2025-12-27 17:00:00+00:00, run_after=2025-12-28 17:00:00+00:00
[2025-12-28T21:26:29.192+0700] {processor.py:183} INFO - Processing /opt/airflow/dags/ingestion_dag.py took 0.750 seconds
[2025-12-28T21:26:59.428+0700] {processor.py:161} INFO - Started process (PID=527) to work on /opt/airflow/dags/ingestion_dag.py
[2025-12-28T21:26:59.430+0700] {processor.py:830} INFO - Processing file /opt/airflow/dags/ingestion_dag.py for tasks to queue
[2025-12-28T21:26:59.432+0700] {logging_mixin.py:188} INFO - [2025-12-28T21:26:59.432+0700] {dagbag.py:545} INFO - Filling up the DagBag from /opt/airflow/dags/ingestion_dag.py
[2025-12-28T21:27:00.065+0700] {processor.py:840} INFO - DAG(s) 'flight_ingestion_v2' retrieved from /opt/airflow/dags/ingestion_dag.py
[2025-12-28T21:27:00.091+0700] {logging_mixin.py:188} INFO - [2025-12-28T21:27:00.091+0700] {dag.py:3096} INFO - Sync 1 DAGs
[2025-12-28T21:27:00.124+0700] {logging_mixin.py:188} INFO - [2025-12-28T21:27:00.124+0700] {dag.py:3954} INFO - Setting next_dagrun for flight_ingestion_v2 to 2025-12-27 17:00:00+00:00, run_after=2025-12-28 17:00:00+00:00
[2025-12-28T21:27:00.144+0700] {processor.py:183} INFO - Processing /opt/airflow/dags/ingestion_dag.py took 0.725 seconds
[2025-12-28T21:27:30.389+0700] {processor.py:161} INFO - Started process (PID=533) to work on /opt/airflow/dags/ingestion_dag.py
[2025-12-28T21:27:30.390+0700] {processor.py:830} INFO - Processing file /opt/airflow/dags/ingestion_dag.py for tasks to queue
[2025-12-28T21:27:30.392+0700] {logging_mixin.py:188} INFO - [2025-12-28T21:27:30.392+0700] {dagbag.py:545} INFO - Filling up the DagBag from /opt/airflow/dags/ingestion_dag.py
[2025-12-28T21:27:31.045+0700] {processor.py:840} INFO - DAG(s) 'flight_ingestion_v2' retrieved from /opt/airflow/dags/ingestion_dag.py
[2025-12-28T21:27:31.068+0700] {logging_mixin.py:188} INFO - [2025-12-28T21:27:31.067+0700] {dag.py:3096} INFO - Sync 1 DAGs
[2025-12-28T21:27:31.093+0700] {logging_mixin.py:188} INFO - [2025-12-28T21:27:31.093+0700] {dag.py:3954} INFO - Setting next_dagrun for flight_ingestion_v2 to 2025-12-27 17:00:00+00:00, run_after=2025-12-28 17:00:00+00:00
[2025-12-28T21:27:31.113+0700] {processor.py:183} INFO - Processing /opt/airflow/dags/ingestion_dag.py took 0.734 seconds
[2025-12-28T21:28:01.250+0700] {processor.py:161} INFO - Started process (PID=539) to work on /opt/airflow/dags/ingestion_dag.py
[2025-12-28T21:28:01.251+0700] {processor.py:830} INFO - Processing file /opt/airflow/dags/ingestion_dag.py for tasks to queue
[2025-12-28T21:28:01.256+0700] {logging_mixin.py:188} INFO - [2025-12-28T21:28:01.255+0700] {dagbag.py:545} INFO - Filling up the DagBag from /opt/airflow/dags/ingestion_dag.py
[2025-12-28T21:28:01.860+0700] {processor.py:840} INFO - DAG(s) 'flight_ingestion_v2' retrieved from /opt/airflow/dags/ingestion_dag.py
[2025-12-28T21:28:01.883+0700] {logging_mixin.py:188} INFO - [2025-12-28T21:28:01.883+0700] {dag.py:3096} INFO - Sync 1 DAGs
[2025-12-28T21:28:01.905+0700] {logging_mixin.py:188} INFO - [2025-12-28T21:28:01.905+0700] {dag.py:3954} INFO - Setting next_dagrun for flight_ingestion_v2 to 2025-12-27 17:00:00+00:00, run_after=2025-12-28 17:00:00+00:00
[2025-12-28T21:28:01.930+0700] {processor.py:183} INFO - Processing /opt/airflow/dags/ingestion_dag.py took 0.692 seconds
[2025-12-28T21:28:32.148+0700] {processor.py:161} INFO - Started process (PID=545) to work on /opt/airflow/dags/ingestion_dag.py
[2025-12-28T21:28:32.149+0700] {processor.py:830} INFO - Processing file /opt/airflow/dags/ingestion_dag.py for tasks to queue
[2025-12-28T21:28:32.152+0700] {logging_mixin.py:188} INFO - [2025-12-28T21:28:32.151+0700] {dagbag.py:545} INFO - Filling up the DagBag from /opt/airflow/dags/ingestion_dag.py
[2025-12-28T21:28:32.950+0700] {processor.py:840} INFO - DAG(s) 'flight_ingestion_v2' retrieved from /opt/airflow/dags/ingestion_dag.py
[2025-12-28T21:28:32.983+0700] {logging_mixin.py:188} INFO - [2025-12-28T21:28:32.982+0700] {dag.py:3096} INFO - Sync 1 DAGs
[2025-12-28T21:28:33.019+0700] {logging_mixin.py:188} INFO - [2025-12-28T21:28:33.018+0700] {dag.py:3954} INFO - Setting next_dagrun for flight_ingestion_v2 to 2025-12-27 17:00:00+00:00, run_after=2025-12-28 17:00:00+00:00
[2025-12-28T21:28:33.046+0700] {processor.py:183} INFO - Processing /opt/airflow/dags/ingestion_dag.py took 0.906 seconds
[2025-12-28T21:29:03.249+0700] {processor.py:161} INFO - Started process (PID=551) to work on /opt/airflow/dags/ingestion_dag.py
[2025-12-28T21:29:03.251+0700] {processor.py:830} INFO - Processing file /opt/airflow/dags/ingestion_dag.py for tasks to queue
[2025-12-28T21:29:03.254+0700] {logging_mixin.py:188} INFO - [2025-12-28T21:29:03.253+0700] {dagbag.py:545} INFO - Filling up the DagBag from /opt/airflow/dags/ingestion_dag.py
[2025-12-28T21:29:03.871+0700] {processor.py:840} INFO - DAG(s) 'flight_ingestion_v2' retrieved from /opt/airflow/dags/ingestion_dag.py
[2025-12-28T21:29:03.896+0700] {logging_mixin.py:188} INFO - [2025-12-28T21:29:03.895+0700] {dag.py:3096} INFO - Sync 1 DAGs
[2025-12-28T21:29:03.922+0700] {logging_mixin.py:188} INFO - [2025-12-28T21:29:03.922+0700] {dag.py:3954} INFO - Setting next_dagrun for flight_ingestion_v2 to 2025-12-27 17:00:00+00:00, run_after=2025-12-28 17:00:00+00:00
[2025-12-28T21:29:03.946+0700] {processor.py:183} INFO - Processing /opt/airflow/dags/ingestion_dag.py took 0.706 seconds
[2025-12-28T21:29:34.173+0700] {processor.py:161} INFO - Started process (PID=557) to work on /opt/airflow/dags/ingestion_dag.py
[2025-12-28T21:29:34.175+0700] {processor.py:830} INFO - Processing file /opt/airflow/dags/ingestion_dag.py for tasks to queue
[2025-12-28T21:29:34.178+0700] {logging_mixin.py:188} INFO - [2025-12-28T21:29:34.178+0700] {dagbag.py:545} INFO - Filling up the DagBag from /opt/airflow/dags/ingestion_dag.py
[2025-12-28T21:29:34.770+0700] {processor.py:840} INFO - DAG(s) 'flight_ingestion_v2' retrieved from /opt/airflow/dags/ingestion_dag.py
[2025-12-28T21:29:34.792+0700] {logging_mixin.py:188} INFO - [2025-12-28T21:29:34.791+0700] {dag.py:3096} INFO - Sync 1 DAGs
[2025-12-28T21:29:34.815+0700] {logging_mixin.py:188} INFO - [2025-12-28T21:29:34.815+0700] {dag.py:3954} INFO - Setting next_dagrun for flight_ingestion_v2 to 2025-12-27 17:00:00+00:00, run_after=2025-12-28 17:00:00+00:00
[2025-12-28T21:29:34.834+0700] {processor.py:183} INFO - Processing /opt/airflow/dags/ingestion_dag.py took 0.680 seconds
[2025-12-28T21:30:05.033+0700] {processor.py:161} INFO - Started process (PID=566) to work on /opt/airflow/dags/ingestion_dag.py
[2025-12-28T21:30:05.034+0700] {processor.py:830} INFO - Processing file /opt/airflow/dags/ingestion_dag.py for tasks to queue
[2025-12-28T21:30:05.037+0700] {logging_mixin.py:188} INFO - [2025-12-28T21:30:05.037+0700] {dagbag.py:545} INFO - Filling up the DagBag from /opt/airflow/dags/ingestion_dag.py
[2025-12-28T21:30:05.653+0700] {processor.py:840} INFO - DAG(s) 'flight_ingestion_v2' retrieved from /opt/airflow/dags/ingestion_dag.py
[2025-12-28T21:30:05.675+0700] {logging_mixin.py:188} INFO - [2025-12-28T21:30:05.674+0700] {dag.py:3096} INFO - Sync 1 DAGs
[2025-12-28T21:30:05.698+0700] {logging_mixin.py:188} INFO - [2025-12-28T21:30:05.698+0700] {dag.py:3954} INFO - Setting next_dagrun for flight_ingestion_v2 to 2025-12-27 17:00:00+00:00, run_after=2025-12-28 17:00:00+00:00
[2025-12-28T21:30:05.725+0700] {processor.py:183} INFO - Processing /opt/airflow/dags/ingestion_dag.py took 0.700 seconds
[2025-12-28T21:30:36.062+0700] {processor.py:161} INFO - Started process (PID=572) to work on /opt/airflow/dags/ingestion_dag.py
[2025-12-28T21:30:36.065+0700] {processor.py:830} INFO - Processing file /opt/airflow/dags/ingestion_dag.py for tasks to queue
[2025-12-28T21:30:36.070+0700] {logging_mixin.py:188} INFO - [2025-12-28T21:30:36.069+0700] {dagbag.py:545} INFO - Filling up the DagBag from /opt/airflow/dags/ingestion_dag.py
[2025-12-28T21:30:36.680+0700] {processor.py:840} INFO - DAG(s) 'flight_ingestion_v2' retrieved from /opt/airflow/dags/ingestion_dag.py
[2025-12-28T21:30:36.703+0700] {logging_mixin.py:188} INFO - [2025-12-28T21:30:36.703+0700] {dag.py:3096} INFO - Sync 1 DAGs
[2025-12-28T21:30:36.730+0700] {logging_mixin.py:188} INFO - [2025-12-28T21:30:36.730+0700] {dag.py:3954} INFO - Setting next_dagrun for flight_ingestion_v2 to 2025-12-27 17:00:00+00:00, run_after=2025-12-28 17:00:00+00:00
[2025-12-28T21:30:36.750+0700] {processor.py:183} INFO - Processing /opt/airflow/dags/ingestion_dag.py took 0.708 seconds
[2025-12-28T21:31:07.085+0700] {processor.py:161} INFO - Started process (PID=578) to work on /opt/airflow/dags/ingestion_dag.py
[2025-12-28T21:31:07.086+0700] {processor.py:830} INFO - Processing file /opt/airflow/dags/ingestion_dag.py for tasks to queue
[2025-12-28T21:31:07.089+0700] {logging_mixin.py:188} INFO - [2025-12-28T21:31:07.089+0700] {dagbag.py:545} INFO - Filling up the DagBag from /opt/airflow/dags/ingestion_dag.py
[2025-12-28T21:31:07.692+0700] {processor.py:840} INFO - DAG(s) 'flight_ingestion_v2' retrieved from /opt/airflow/dags/ingestion_dag.py
[2025-12-28T21:31:07.716+0700] {logging_mixin.py:188} INFO - [2025-12-28T21:31:07.715+0700] {dag.py:3096} INFO - Sync 1 DAGs
[2025-12-28T21:31:07.738+0700] {logging_mixin.py:188} INFO - [2025-12-28T21:31:07.738+0700] {dag.py:3954} INFO - Setting next_dagrun for flight_ingestion_v2 to 2025-12-27 17:00:00+00:00, run_after=2025-12-28 17:00:00+00:00
[2025-12-28T21:31:07.765+0700] {processor.py:183} INFO - Processing /opt/airflow/dags/ingestion_dag.py took 0.691 seconds
[2025-12-28T21:31:37.943+0700] {processor.py:161} INFO - Started process (PID=584) to work on /opt/airflow/dags/ingestion_dag.py
[2025-12-28T21:31:37.945+0700] {processor.py:830} INFO - Processing file /opt/airflow/dags/ingestion_dag.py for tasks to queue
[2025-12-28T21:31:37.949+0700] {logging_mixin.py:188} INFO - [2025-12-28T21:31:37.949+0700] {dagbag.py:545} INFO - Filling up the DagBag from /opt/airflow/dags/ingestion_dag.py
[2025-12-28T21:31:38.600+0700] {processor.py:840} INFO - DAG(s) 'flight_ingestion_v2' retrieved from /opt/airflow/dags/ingestion_dag.py
[2025-12-28T21:31:38.623+0700] {logging_mixin.py:188} INFO - [2025-12-28T21:31:38.622+0700] {dag.py:3096} INFO - Sync 1 DAGs
[2025-12-28T21:31:38.646+0700] {logging_mixin.py:188} INFO - [2025-12-28T21:31:38.646+0700] {dag.py:3954} INFO - Setting next_dagrun for flight_ingestion_v2 to 2025-12-27 17:00:00+00:00, run_after=2025-12-28 17:00:00+00:00
[2025-12-28T21:31:38.666+0700] {processor.py:183} INFO - Processing /opt/airflow/dags/ingestion_dag.py took 0.738 seconds
[2025-12-28T21:32:09.027+0700] {processor.py:161} INFO - Started process (PID=590) to work on /opt/airflow/dags/ingestion_dag.py
[2025-12-28T21:32:09.029+0700] {processor.py:830} INFO - Processing file /opt/airflow/dags/ingestion_dag.py for tasks to queue
[2025-12-28T21:32:09.032+0700] {logging_mixin.py:188} INFO - [2025-12-28T21:32:09.031+0700] {dagbag.py:545} INFO - Filling up the DagBag from /opt/airflow/dags/ingestion_dag.py
[2025-12-28T21:32:09.649+0700] {processor.py:840} INFO - DAG(s) 'flight_ingestion_v2' retrieved from /opt/airflow/dags/ingestion_dag.py
[2025-12-28T21:32:09.671+0700] {logging_mixin.py:188} INFO - [2025-12-28T21:32:09.671+0700] {dag.py:3096} INFO - Sync 1 DAGs
[2025-12-28T21:32:09.694+0700] {logging_mixin.py:188} INFO - [2025-12-28T21:32:09.694+0700] {dag.py:3954} INFO - Setting next_dagrun for flight_ingestion_v2 to 2025-12-27 17:00:00+00:00, run_after=2025-12-28 17:00:00+00:00
[2025-12-28T21:32:09.714+0700] {processor.py:183} INFO - Processing /opt/airflow/dags/ingestion_dag.py took 0.700 seconds
[2025-12-28T21:32:39.997+0700] {processor.py:161} INFO - Started process (PID=596) to work on /opt/airflow/dags/ingestion_dag.py
[2025-12-28T21:32:39.998+0700] {processor.py:830} INFO - Processing file /opt/airflow/dags/ingestion_dag.py for tasks to queue
[2025-12-28T21:32:40.001+0700] {logging_mixin.py:188} INFO - [2025-12-28T21:32:40.000+0700] {dagbag.py:545} INFO - Filling up the DagBag from /opt/airflow/dags/ingestion_dag.py
[2025-12-28T21:32:40.614+0700] {processor.py:840} INFO - DAG(s) 'flight_ingestion_v2' retrieved from /opt/airflow/dags/ingestion_dag.py
[2025-12-28T21:32:40.636+0700] {logging_mixin.py:188} INFO - [2025-12-28T21:32:40.636+0700] {dag.py:3096} INFO - Sync 1 DAGs
[2025-12-28T21:32:40.660+0700] {logging_mixin.py:188} INFO - [2025-12-28T21:32:40.660+0700] {dag.py:3954} INFO - Setting next_dagrun for flight_ingestion_v2 to 2025-12-27 17:00:00+00:00, run_after=2025-12-28 17:00:00+00:00
[2025-12-28T21:32:40.680+0700] {processor.py:183} INFO - Processing /opt/airflow/dags/ingestion_dag.py took 0.690 seconds
[2025-12-28T21:33:10.975+0700] {processor.py:161} INFO - Started process (PID=602) to work on /opt/airflow/dags/ingestion_dag.py
[2025-12-28T21:33:10.976+0700] {processor.py:830} INFO - Processing file /opt/airflow/dags/ingestion_dag.py for tasks to queue
[2025-12-28T21:33:10.979+0700] {logging_mixin.py:188} INFO - [2025-12-28T21:33:10.979+0700] {dagbag.py:545} INFO - Filling up the DagBag from /opt/airflow/dags/ingestion_dag.py
[2025-12-28T21:33:11.584+0700] {processor.py:840} INFO - DAG(s) 'flight_ingestion_v2' retrieved from /opt/airflow/dags/ingestion_dag.py
[2025-12-28T21:33:11.605+0700] {logging_mixin.py:188} INFO - [2025-12-28T21:33:11.605+0700] {dag.py:3096} INFO - Sync 1 DAGs
[2025-12-28T21:33:11.629+0700] {logging_mixin.py:188} INFO - [2025-12-28T21:33:11.629+0700] {dag.py:3954} INFO - Setting next_dagrun for flight_ingestion_v2 to 2025-12-27 17:00:00+00:00, run_after=2025-12-28 17:00:00+00:00
[2025-12-28T21:33:11.656+0700] {processor.py:183} INFO - Processing /opt/airflow/dags/ingestion_dag.py took 0.692 seconds
[2025-12-28T21:33:41.976+0700] {processor.py:161} INFO - Started process (PID=608) to work on /opt/airflow/dags/ingestion_dag.py
[2025-12-28T21:33:41.978+0700] {processor.py:830} INFO - Processing file /opt/airflow/dags/ingestion_dag.py for tasks to queue
[2025-12-28T21:33:41.981+0700] {logging_mixin.py:188} INFO - [2025-12-28T21:33:41.981+0700] {dagbag.py:545} INFO - Filling up the DagBag from /opt/airflow/dags/ingestion_dag.py
[2025-12-28T21:33:42.574+0700] {processor.py:840} INFO - DAG(s) 'flight_ingestion_v2' retrieved from /opt/airflow/dags/ingestion_dag.py
[2025-12-28T21:33:42.600+0700] {logging_mixin.py:188} INFO - [2025-12-28T21:33:42.599+0700] {dag.py:3096} INFO - Sync 1 DAGs
[2025-12-28T21:33:42.625+0700] {logging_mixin.py:188} INFO - [2025-12-28T21:33:42.625+0700] {dag.py:3954} INFO - Setting next_dagrun for flight_ingestion_v2 to 2025-12-27 17:00:00+00:00, run_after=2025-12-28 17:00:00+00:00
[2025-12-28T21:33:42.665+0700] {processor.py:183} INFO - Processing /opt/airflow/dags/ingestion_dag.py took 0.698 seconds
[2025-12-28T21:34:13.006+0700] {processor.py:161} INFO - Started process (PID=614) to work on /opt/airflow/dags/ingestion_dag.py
[2025-12-28T21:34:13.008+0700] {processor.py:830} INFO - Processing file /opt/airflow/dags/ingestion_dag.py for tasks to queue
[2025-12-28T21:34:13.011+0700] {logging_mixin.py:188} INFO - [2025-12-28T21:34:13.011+0700] {dagbag.py:545} INFO - Filling up the DagBag from /opt/airflow/dags/ingestion_dag.py
[2025-12-28T21:34:13.639+0700] {processor.py:840} INFO - DAG(s) 'flight_ingestion_v2' retrieved from /opt/airflow/dags/ingestion_dag.py
[2025-12-28T21:34:13.662+0700] {logging_mixin.py:188} INFO - [2025-12-28T21:34:13.662+0700] {dag.py:3096} INFO - Sync 1 DAGs
[2025-12-28T21:34:13.684+0700] {logging_mixin.py:188} INFO - [2025-12-28T21:34:13.684+0700] {dag.py:3954} INFO - Setting next_dagrun for flight_ingestion_v2 to 2025-12-27 17:00:00+00:00, run_after=2025-12-28 17:00:00+00:00
[2025-12-28T21:34:13.718+0700] {processor.py:183} INFO - Processing /opt/airflow/dags/ingestion_dag.py took 0.722 seconds
[2025-12-28T21:34:43.868+0700] {processor.py:161} INFO - Started process (PID=620) to work on /opt/airflow/dags/ingestion_dag.py
[2025-12-28T21:34:43.870+0700] {processor.py:830} INFO - Processing file /opt/airflow/dags/ingestion_dag.py for tasks to queue
[2025-12-28T21:34:43.874+0700] {logging_mixin.py:188} INFO - [2025-12-28T21:34:43.874+0700] {dagbag.py:545} INFO - Filling up the DagBag from /opt/airflow/dags/ingestion_dag.py
[2025-12-28T21:34:44.578+0700] {processor.py:840} INFO - DAG(s) 'flight_ingestion_v2' retrieved from /opt/airflow/dags/ingestion_dag.py
[2025-12-28T21:34:44.601+0700] {logging_mixin.py:188} INFO - [2025-12-28T21:34:44.600+0700] {dag.py:3096} INFO - Sync 1 DAGs
[2025-12-28T21:34:44.626+0700] {logging_mixin.py:188} INFO - [2025-12-28T21:34:44.626+0700] {dag.py:3954} INFO - Setting next_dagrun for flight_ingestion_v2 to 2025-12-27 17:00:00+00:00, run_after=2025-12-28 17:00:00+00:00
[2025-12-28T21:34:44.653+0700] {processor.py:183} INFO - Processing /opt/airflow/dags/ingestion_dag.py took 0.802 seconds
[2025-12-28T21:35:15.022+0700] {processor.py:161} INFO - Started process (PID=629) to work on /opt/airflow/dags/ingestion_dag.py
[2025-12-28T21:35:15.024+0700] {processor.py:830} INFO - Processing file /opt/airflow/dags/ingestion_dag.py for tasks to queue
[2025-12-28T21:35:15.027+0700] {logging_mixin.py:188} INFO - [2025-12-28T21:35:15.026+0700] {dagbag.py:545} INFO - Filling up the DagBag from /opt/airflow/dags/ingestion_dag.py
[2025-12-28T21:35:15.677+0700] {processor.py:840} INFO - DAG(s) 'flight_ingestion_v2' retrieved from /opt/airflow/dags/ingestion_dag.py
[2025-12-28T21:35:15.700+0700] {logging_mixin.py:188} INFO - [2025-12-28T21:35:15.699+0700] {dag.py:3096} INFO - Sync 1 DAGs
[2025-12-28T21:35:15.724+0700] {logging_mixin.py:188} INFO - [2025-12-28T21:35:15.723+0700] {dag.py:3954} INFO - Setting next_dagrun for flight_ingestion_v2 to 2025-12-27 17:00:00+00:00, run_after=2025-12-28 17:00:00+00:00
[2025-12-28T21:35:15.750+0700] {processor.py:183} INFO - Processing /opt/airflow/dags/ingestion_dag.py took 0.741 seconds
[2025-12-28T21:35:46.060+0700] {processor.py:161} INFO - Started process (PID=635) to work on /opt/airflow/dags/ingestion_dag.py
[2025-12-28T21:35:46.062+0700] {processor.py:830} INFO - Processing file /opt/airflow/dags/ingestion_dag.py for tasks to queue
[2025-12-28T21:35:46.066+0700] {logging_mixin.py:188} INFO - [2025-12-28T21:35:46.066+0700] {dagbag.py:545} INFO - Filling up the DagBag from /opt/airflow/dags/ingestion_dag.py
[2025-12-28T21:35:46.674+0700] {processor.py:840} INFO - DAG(s) 'flight_ingestion_v2' retrieved from /opt/airflow/dags/ingestion_dag.py
[2025-12-28T21:35:46.696+0700] {logging_mixin.py:188} INFO - [2025-12-28T21:35:46.696+0700] {dag.py:3096} INFO - Sync 1 DAGs
[2025-12-28T21:35:46.720+0700] {logging_mixin.py:188} INFO - [2025-12-28T21:35:46.719+0700] {dag.py:3954} INFO - Setting next_dagrun for flight_ingestion_v2 to 2025-12-27 17:00:00+00:00, run_after=2025-12-28 17:00:00+00:00
[2025-12-28T21:35:46.747+0700] {processor.py:183} INFO - Processing /opt/airflow/dags/ingestion_dag.py took 0.700 seconds
[2025-12-28T21:36:16.814+0700] {processor.py:161} INFO - Started process (PID=641) to work on /opt/airflow/dags/ingestion_dag.py
[2025-12-28T21:36:16.815+0700] {processor.py:830} INFO - Processing file /opt/airflow/dags/ingestion_dag.py for tasks to queue
[2025-12-28T21:36:16.818+0700] {logging_mixin.py:188} INFO - [2025-12-28T21:36:16.817+0700] {dagbag.py:545} INFO - Filling up the DagBag from /opt/airflow/dags/ingestion_dag.py
[2025-12-28T21:36:17.420+0700] {processor.py:840} INFO - DAG(s) 'flight_ingestion_v2' retrieved from /opt/airflow/dags/ingestion_dag.py
[2025-12-28T21:36:17.442+0700] {logging_mixin.py:188} INFO - [2025-12-28T21:36:17.441+0700] {dag.py:3096} INFO - Sync 1 DAGs
[2025-12-28T21:36:17.465+0700] {logging_mixin.py:188} INFO - [2025-12-28T21:36:17.465+0700] {dag.py:3954} INFO - Setting next_dagrun for flight_ingestion_v2 to 2025-12-27 17:00:00+00:00, run_after=2025-12-28 17:00:00+00:00
[2025-12-28T21:36:17.492+0700] {processor.py:183} INFO - Processing /opt/airflow/dags/ingestion_dag.py took 0.687 seconds
[2025-12-28T21:36:47.839+0700] {processor.py:161} INFO - Started process (PID=647) to work on /opt/airflow/dags/ingestion_dag.py
[2025-12-28T21:36:47.841+0700] {processor.py:830} INFO - Processing file /opt/airflow/dags/ingestion_dag.py for tasks to queue
[2025-12-28T21:36:47.844+0700] {logging_mixin.py:188} INFO - [2025-12-28T21:36:47.844+0700] {dagbag.py:545} INFO - Filling up the DagBag from /opt/airflow/dags/ingestion_dag.py
[2025-12-28T21:36:48.438+0700] {processor.py:840} INFO - DAG(s) 'flight_ingestion_v2' retrieved from /opt/airflow/dags/ingestion_dag.py
[2025-12-28T21:36:48.461+0700] {logging_mixin.py:188} INFO - [2025-12-28T21:36:48.461+0700] {dag.py:3096} INFO - Sync 1 DAGs
[2025-12-28T21:36:48.484+0700] {logging_mixin.py:188} INFO - [2025-12-28T21:36:48.483+0700] {dag.py:3954} INFO - Setting next_dagrun for flight_ingestion_v2 to 2025-12-27 17:00:00+00:00, run_after=2025-12-28 17:00:00+00:00
[2025-12-28T21:36:48.502+0700] {processor.py:183} INFO - Processing /opt/airflow/dags/ingestion_dag.py took 0.679 seconds
[2025-12-28T21:37:18.741+0700] {processor.py:161} INFO - Started process (PID=653) to work on /opt/airflow/dags/ingestion_dag.py
[2025-12-28T21:37:18.743+0700] {processor.py:830} INFO - Processing file /opt/airflow/dags/ingestion_dag.py for tasks to queue
[2025-12-28T21:37:18.747+0700] {logging_mixin.py:188} INFO - [2025-12-28T21:37:18.746+0700] {dagbag.py:545} INFO - Filling up the DagBag from /opt/airflow/dags/ingestion_dag.py
[2025-12-28T21:37:19.345+0700] {processor.py:840} INFO - DAG(s) 'flight_ingestion_v2' retrieved from /opt/airflow/dags/ingestion_dag.py
[2025-12-28T21:37:19.368+0700] {logging_mixin.py:188} INFO - [2025-12-28T21:37:19.367+0700] {dag.py:3096} INFO - Sync 1 DAGs
[2025-12-28T21:37:19.390+0700] {logging_mixin.py:188} INFO - [2025-12-28T21:37:19.390+0700] {dag.py:3954} INFO - Setting next_dagrun for flight_ingestion_v2 to 2025-12-27 17:00:00+00:00, run_after=2025-12-28 17:00:00+00:00
[2025-12-28T21:37:19.416+0700] {processor.py:183} INFO - Processing /opt/airflow/dags/ingestion_dag.py took 0.691 seconds
[2025-12-28T21:37:49.760+0700] {processor.py:161} INFO - Started process (PID=659) to work on /opt/airflow/dags/ingestion_dag.py
[2025-12-28T21:37:49.762+0700] {processor.py:830} INFO - Processing file /opt/airflow/dags/ingestion_dag.py for tasks to queue
[2025-12-28T21:37:49.765+0700] {logging_mixin.py:188} INFO - [2025-12-28T21:37:49.765+0700] {dagbag.py:545} INFO - Filling up the DagBag from /opt/airflow/dags/ingestion_dag.py
[2025-12-28T21:37:50.406+0700] {processor.py:840} INFO - DAG(s) 'flight_ingestion_v2' retrieved from /opt/airflow/dags/ingestion_dag.py
[2025-12-28T21:37:50.428+0700] {logging_mixin.py:188} INFO - [2025-12-28T21:37:50.428+0700] {dag.py:3096} INFO - Sync 1 DAGs
[2025-12-28T21:37:50.451+0700] {logging_mixin.py:188} INFO - [2025-12-28T21:37:50.451+0700] {dag.py:3954} INFO - Setting next_dagrun for flight_ingestion_v2 to 2025-12-27 17:00:00+00:00, run_after=2025-12-28 17:00:00+00:00
[2025-12-28T21:37:50.478+0700] {processor.py:183} INFO - Processing /opt/airflow/dags/ingestion_dag.py took 0.728 seconds
[2025-12-28T21:38:20.818+0700] {processor.py:161} INFO - Started process (PID=665) to work on /opt/airflow/dags/ingestion_dag.py
[2025-12-28T21:38:20.820+0700] {processor.py:830} INFO - Processing file /opt/airflow/dags/ingestion_dag.py for tasks to queue
[2025-12-28T21:38:20.823+0700] {logging_mixin.py:188} INFO - [2025-12-28T21:38:20.823+0700] {dagbag.py:545} INFO - Filling up the DagBag from /opt/airflow/dags/ingestion_dag.py
[2025-12-28T21:38:21.430+0700] {processor.py:840} INFO - DAG(s) 'flight_ingestion_v2' retrieved from /opt/airflow/dags/ingestion_dag.py
[2025-12-28T21:38:21.452+0700] {logging_mixin.py:188} INFO - [2025-12-28T21:38:21.452+0700] {dag.py:3096} INFO - Sync 1 DAGs
[2025-12-28T21:38:21.475+0700] {logging_mixin.py:188} INFO - [2025-12-28T21:38:21.475+0700] {dag.py:3954} INFO - Setting next_dagrun for flight_ingestion_v2 to 2025-12-27 17:00:00+00:00, run_after=2025-12-28 17:00:00+00:00
[2025-12-28T21:38:21.495+0700] {processor.py:183} INFO - Processing /opt/airflow/dags/ingestion_dag.py took 0.702 seconds
[2025-12-28T21:38:51.608+0700] {processor.py:161} INFO - Started process (PID=671) to work on /opt/airflow/dags/ingestion_dag.py
[2025-12-28T21:38:51.610+0700] {processor.py:830} INFO - Processing file /opt/airflow/dags/ingestion_dag.py for tasks to queue
[2025-12-28T21:38:51.613+0700] {logging_mixin.py:188} INFO - [2025-12-28T21:38:51.613+0700] {dagbag.py:545} INFO - Filling up the DagBag from /opt/airflow/dags/ingestion_dag.py
[2025-12-28T21:38:52.221+0700] {processor.py:840} INFO - DAG(s) 'flight_ingestion_v2' retrieved from /opt/airflow/dags/ingestion_dag.py
[2025-12-28T21:38:52.244+0700] {logging_mixin.py:188} INFO - [2025-12-28T21:38:52.243+0700] {dag.py:3096} INFO - Sync 1 DAGs
[2025-12-28T21:38:52.268+0700] {logging_mixin.py:188} INFO - [2025-12-28T21:38:52.267+0700] {dag.py:3954} INFO - Setting next_dagrun for flight_ingestion_v2 to 2025-12-27 17:00:00+00:00, run_after=2025-12-28 17:00:00+00:00
[2025-12-28T21:38:52.294+0700] {processor.py:183} INFO - Processing /opt/airflow/dags/ingestion_dag.py took 0.696 seconds
[2025-12-28T21:39:22.630+0700] {processor.py:161} INFO - Started process (PID=677) to work on /opt/airflow/dags/ingestion_dag.py
[2025-12-28T21:39:22.632+0700] {processor.py:830} INFO - Processing file /opt/airflow/dags/ingestion_dag.py for tasks to queue
[2025-12-28T21:39:22.635+0700] {logging_mixin.py:188} INFO - [2025-12-28T21:39:22.634+0700] {dagbag.py:545} INFO - Filling up the DagBag from /opt/airflow/dags/ingestion_dag.py
[2025-12-28T21:39:23.271+0700] {processor.py:840} INFO - DAG(s) 'flight_ingestion_v2' retrieved from /opt/airflow/dags/ingestion_dag.py
[2025-12-28T21:39:23.294+0700] {logging_mixin.py:188} INFO - [2025-12-28T21:39:23.294+0700] {dag.py:3096} INFO - Sync 1 DAGs
[2025-12-28T21:39:23.317+0700] {logging_mixin.py:188} INFO - [2025-12-28T21:39:23.316+0700] {dag.py:3954} INFO - Setting next_dagrun for flight_ingestion_v2 to 2025-12-27 17:00:00+00:00, run_after=2025-12-28 17:00:00+00:00
[2025-12-28T21:39:23.343+0700] {processor.py:183} INFO - Processing /opt/airflow/dags/ingestion_dag.py took 0.721 seconds
[2025-12-28T21:39:53.415+0700] {processor.py:161} INFO - Started process (PID=683) to work on /opt/airflow/dags/ingestion_dag.py
[2025-12-28T21:39:53.416+0700] {processor.py:830} INFO - Processing file /opt/airflow/dags/ingestion_dag.py for tasks to queue
[2025-12-28T21:39:53.419+0700] {logging_mixin.py:188} INFO - [2025-12-28T21:39:53.418+0700] {dagbag.py:545} INFO - Filling up the DagBag from /opt/airflow/dags/ingestion_dag.py
[2025-12-28T21:39:54.016+0700] {processor.py:840} INFO - DAG(s) 'flight_ingestion_v2' retrieved from /opt/airflow/dags/ingestion_dag.py
[2025-12-28T21:39:54.041+0700] {logging_mixin.py:188} INFO - [2025-12-28T21:39:54.040+0700] {dag.py:3096} INFO - Sync 1 DAGs
[2025-12-28T21:39:54.066+0700] {logging_mixin.py:188} INFO - [2025-12-28T21:39:54.066+0700] {dag.py:3954} INFO - Setting next_dagrun for flight_ingestion_v2 to 2025-12-27 17:00:00+00:00, run_after=2025-12-28 17:00:00+00:00
[2025-12-28T21:39:54.087+0700] {processor.py:183} INFO - Processing /opt/airflow/dags/ingestion_dag.py took 0.680 seconds
[2025-12-28T21:40:24.426+0700] {processor.py:161} INFO - Started process (PID=689) to work on /opt/airflow/dags/ingestion_dag.py
[2025-12-28T21:40:24.428+0700] {processor.py:830} INFO - Processing file /opt/airflow/dags/ingestion_dag.py for tasks to queue
[2025-12-28T21:40:24.431+0700] {logging_mixin.py:188} INFO - [2025-12-28T21:40:24.431+0700] {dagbag.py:545} INFO - Filling up the DagBag from /opt/airflow/dags/ingestion_dag.py
[2025-12-28T21:40:25.035+0700] {processor.py:840} INFO - DAG(s) 'flight_ingestion_v2' retrieved from /opt/airflow/dags/ingestion_dag.py
[2025-12-28T21:40:25.057+0700] {logging_mixin.py:188} INFO - [2025-12-28T21:40:25.056+0700] {dag.py:3096} INFO - Sync 1 DAGs
[2025-12-28T21:40:25.080+0700] {logging_mixin.py:188} INFO - [2025-12-28T21:40:25.079+0700] {dag.py:3954} INFO - Setting next_dagrun for flight_ingestion_v2 to 2025-12-27 17:00:00+00:00, run_after=2025-12-28 17:00:00+00:00
[2025-12-28T21:40:25.126+0700] {processor.py:183} INFO - Processing /opt/airflow/dags/ingestion_dag.py took 0.716 seconds
[2025-12-28T21:40:55.234+0700] {processor.py:161} INFO - Started process (PID=695) to work on /opt/airflow/dags/ingestion_dag.py
[2025-12-28T21:40:55.235+0700] {processor.py:830} INFO - Processing file /opt/airflow/dags/ingestion_dag.py for tasks to queue
[2025-12-28T21:40:55.237+0700] {logging_mixin.py:188} INFO - [2025-12-28T21:40:55.237+0700] {dagbag.py:545} INFO - Filling up the DagBag from /opt/airflow/dags/ingestion_dag.py
[2025-12-28T21:40:55.884+0700] {processor.py:840} INFO - DAG(s) 'flight_ingestion_v2' retrieved from /opt/airflow/dags/ingestion_dag.py
[2025-12-28T21:40:55.907+0700] {logging_mixin.py:188} INFO - [2025-12-28T21:40:55.906+0700] {dag.py:3096} INFO - Sync 1 DAGs
[2025-12-28T21:40:55.929+0700] {logging_mixin.py:188} INFO - [2025-12-28T21:40:55.929+0700] {dag.py:3954} INFO - Setting next_dagrun for flight_ingestion_v2 to 2025-12-27 17:00:00+00:00, run_after=2025-12-28 17:00:00+00:00
[2025-12-28T21:40:55.958+0700] {processor.py:183} INFO - Processing /opt/airflow/dags/ingestion_dag.py took 0.731 seconds
[2025-12-28T21:41:26.194+0700] {processor.py:161} INFO - Started process (PID=701) to work on /opt/airflow/dags/ingestion_dag.py
[2025-12-28T21:41:26.195+0700] {processor.py:830} INFO - Processing file /opt/airflow/dags/ingestion_dag.py for tasks to queue
[2025-12-28T21:41:26.198+0700] {logging_mixin.py:188} INFO - [2025-12-28T21:41:26.198+0700] {dagbag.py:545} INFO - Filling up the DagBag from /opt/airflow/dags/ingestion_dag.py
[2025-12-28T21:41:26.789+0700] {processor.py:840} INFO - DAG(s) 'flight_ingestion_v2' retrieved from /opt/airflow/dags/ingestion_dag.py
[2025-12-28T21:41:26.811+0700] {logging_mixin.py:188} INFO - [2025-12-28T21:41:26.811+0700] {dag.py:3096} INFO - Sync 1 DAGs
[2025-12-28T21:41:26.835+0700] {logging_mixin.py:188} INFO - [2025-12-28T21:41:26.834+0700] {dag.py:3954} INFO - Setting next_dagrun for flight_ingestion_v2 to 2025-12-27 17:00:00+00:00, run_after=2025-12-28 17:00:00+00:00
[2025-12-28T21:41:26.861+0700] {processor.py:183} INFO - Processing /opt/airflow/dags/ingestion_dag.py took 0.674 seconds
[2025-12-28T21:41:57.008+0700] {processor.py:161} INFO - Started process (PID=707) to work on /opt/airflow/dags/ingestion_dag.py
[2025-12-28T21:41:57.009+0700] {processor.py:830} INFO - Processing file /opt/airflow/dags/ingestion_dag.py for tasks to queue
[2025-12-28T21:41:57.012+0700] {logging_mixin.py:188} INFO - [2025-12-28T21:41:57.012+0700] {dagbag.py:545} INFO - Filling up the DagBag from /opt/airflow/dags/ingestion_dag.py
[2025-12-28T21:41:57.595+0700] {processor.py:840} INFO - DAG(s) 'flight_ingestion_v2' retrieved from /opt/airflow/dags/ingestion_dag.py
[2025-12-28T21:41:57.616+0700] {logging_mixin.py:188} INFO - [2025-12-28T21:41:57.616+0700] {dag.py:3096} INFO - Sync 1 DAGs
[2025-12-28T21:41:57.639+0700] {logging_mixin.py:188} INFO - [2025-12-28T21:41:57.639+0700] {dag.py:3954} INFO - Setting next_dagrun for flight_ingestion_v2 to 2025-12-27 17:00:00+00:00, run_after=2025-12-28 17:00:00+00:00
[2025-12-28T21:41:57.666+0700] {processor.py:183} INFO - Processing /opt/airflow/dags/ingestion_dag.py took 0.665 seconds
[2025-12-28T21:42:28.097+0700] {processor.py:161} INFO - Started process (PID=713) to work on /opt/airflow/dags/ingestion_dag.py
[2025-12-28T21:42:28.098+0700] {processor.py:830} INFO - Processing file /opt/airflow/dags/ingestion_dag.py for tasks to queue
[2025-12-28T21:42:28.101+0700] {logging_mixin.py:188} INFO - [2025-12-28T21:42:28.100+0700] {dagbag.py:545} INFO - Filling up the DagBag from /opt/airflow/dags/ingestion_dag.py
[2025-12-28T21:42:28.696+0700] {processor.py:840} INFO - DAG(s) 'flight_ingestion_v2' retrieved from /opt/airflow/dags/ingestion_dag.py
[2025-12-28T21:42:28.719+0700] {logging_mixin.py:188} INFO - [2025-12-28T21:42:28.719+0700] {dag.py:3096} INFO - Sync 1 DAGs
[2025-12-28T21:42:28.741+0700] {logging_mixin.py:188} INFO - [2025-12-28T21:42:28.741+0700] {dag.py:3954} INFO - Setting next_dagrun for flight_ingestion_v2 to 2025-12-27 17:00:00+00:00, run_after=2025-12-28 17:00:00+00:00
[2025-12-28T21:42:28.768+0700] {processor.py:183} INFO - Processing /opt/airflow/dags/ingestion_dag.py took 0.693 seconds
[2025-12-28T21:42:59.126+0700] {processor.py:161} INFO - Started process (PID=719) to work on /opt/airflow/dags/ingestion_dag.py
[2025-12-28T21:42:59.127+0700] {processor.py:830} INFO - Processing file /opt/airflow/dags/ingestion_dag.py for tasks to queue
[2025-12-28T21:42:59.130+0700] {logging_mixin.py:188} INFO - [2025-12-28T21:42:59.130+0700] {dagbag.py:545} INFO - Filling up the DagBag from /opt/airflow/dags/ingestion_dag.py
[2025-12-28T21:42:59.725+0700] {processor.py:840} INFO - DAG(s) 'flight_ingestion_v2' retrieved from /opt/airflow/dags/ingestion_dag.py
[2025-12-28T21:42:59.747+0700] {logging_mixin.py:188} INFO - [2025-12-28T21:42:59.746+0700] {dag.py:3096} INFO - Sync 1 DAGs
[2025-12-28T21:42:59.771+0700] {logging_mixin.py:188} INFO - [2025-12-28T21:42:59.770+0700] {dag.py:3954} INFO - Setting next_dagrun for flight_ingestion_v2 to 2025-12-27 17:00:00+00:00, run_after=2025-12-28 17:00:00+00:00
[2025-12-28T21:42:59.797+0700] {processor.py:183} INFO - Processing /opt/airflow/dags/ingestion_dag.py took 0.681 seconds
[2025-12-28T21:43:29.932+0700] {processor.py:161} INFO - Started process (PID=725) to work on /opt/airflow/dags/ingestion_dag.py
[2025-12-28T21:43:29.933+0700] {processor.py:830} INFO - Processing file /opt/airflow/dags/ingestion_dag.py for tasks to queue
[2025-12-28T21:43:29.936+0700] {logging_mixin.py:188} INFO - [2025-12-28T21:43:29.935+0700] {dagbag.py:545} INFO - Filling up the DagBag from /opt/airflow/dags/ingestion_dag.py
[2025-12-28T21:43:30.551+0700] {processor.py:840} INFO - DAG(s) 'flight_ingestion_v2' retrieved from /opt/airflow/dags/ingestion_dag.py
[2025-12-28T21:43:30.573+0700] {logging_mixin.py:188} INFO - [2025-12-28T21:43:30.572+0700] {dag.py:3096} INFO - Sync 1 DAGs
[2025-12-28T21:43:30.595+0700] {logging_mixin.py:188} INFO - [2025-12-28T21:43:30.595+0700] {dag.py:3954} INFO - Setting next_dagrun for flight_ingestion_v2 to 2025-12-27 17:00:00+00:00, run_after=2025-12-28 17:00:00+00:00
[2025-12-28T21:43:30.622+0700] {processor.py:183} INFO - Processing /opt/airflow/dags/ingestion_dag.py took 0.699 seconds
[2025-12-28T21:44:00.949+0700] {processor.py:161} INFO - Started process (PID=731) to work on /opt/airflow/dags/ingestion_dag.py
[2025-12-28T21:44:00.950+0700] {processor.py:830} INFO - Processing file /opt/airflow/dags/ingestion_dag.py for tasks to queue
[2025-12-28T21:44:00.953+0700] {logging_mixin.py:188} INFO - [2025-12-28T21:44:00.952+0700] {dagbag.py:545} INFO - Filling up the DagBag from /opt/airflow/dags/ingestion_dag.py
[2025-12-28T21:44:01.604+0700] {processor.py:840} INFO - DAG(s) 'flight_ingestion_v2' retrieved from /opt/airflow/dags/ingestion_dag.py
[2025-12-28T21:44:01.625+0700] {logging_mixin.py:188} INFO - [2025-12-28T21:44:01.625+0700] {dag.py:3096} INFO - Sync 1 DAGs
[2025-12-28T21:44:01.650+0700] {logging_mixin.py:188} INFO - [2025-12-28T21:44:01.649+0700] {dag.py:3954} INFO - Setting next_dagrun for flight_ingestion_v2 to 2025-12-27 17:00:00+00:00, run_after=2025-12-28 17:00:00+00:00
[2025-12-28T21:44:01.678+0700] {processor.py:183} INFO - Processing /opt/airflow/dags/ingestion_dag.py took 0.742 seconds
[2025-12-28T21:44:31.926+0700] {processor.py:161} INFO - Started process (PID=737) to work on /opt/airflow/dags/ingestion_dag.py
[2025-12-28T21:44:31.927+0700] {processor.py:830} INFO - Processing file /opt/airflow/dags/ingestion_dag.py for tasks to queue
[2025-12-28T21:44:31.930+0700] {logging_mixin.py:188} INFO - [2025-12-28T21:44:31.930+0700] {dagbag.py:545} INFO - Filling up the DagBag from /opt/airflow/dags/ingestion_dag.py
[2025-12-28T21:44:32.577+0700] {processor.py:840} INFO - DAG(s) 'flight_ingestion_v2' retrieved from /opt/airflow/dags/ingestion_dag.py
[2025-12-28T21:44:32.605+0700] {logging_mixin.py:188} INFO - [2025-12-28T21:44:32.604+0700] {dag.py:3096} INFO - Sync 1 DAGs
[2025-12-28T21:44:32.638+0700] {logging_mixin.py:188} INFO - [2025-12-28T21:44:32.638+0700] {dag.py:3954} INFO - Setting next_dagrun for flight_ingestion_v2 to 2025-12-27 17:00:00+00:00, run_after=2025-12-28 17:00:00+00:00
[2025-12-28T21:44:32.680+0700] {processor.py:183} INFO - Processing /opt/airflow/dags/ingestion_dag.py took 0.761 seconds
[2025-12-28T21:45:02.983+0700] {processor.py:161} INFO - Started process (PID=743) to work on /opt/airflow/dags/ingestion_dag.py
[2025-12-28T21:45:02.985+0700] {processor.py:830} INFO - Processing file /opt/airflow/dags/ingestion_dag.py for tasks to queue
[2025-12-28T21:45:02.987+0700] {logging_mixin.py:188} INFO - [2025-12-28T21:45:02.987+0700] {dagbag.py:545} INFO - Filling up the DagBag from /opt/airflow/dags/ingestion_dag.py
[2025-12-28T21:45:03.621+0700] {processor.py:840} INFO - DAG(s) 'flight_ingestion_v2' retrieved from /opt/airflow/dags/ingestion_dag.py
[2025-12-28T21:45:03.645+0700] {logging_mixin.py:188} INFO - [2025-12-28T21:45:03.644+0700] {dag.py:3096} INFO - Sync 1 DAGs
[2025-12-28T21:45:03.667+0700] {logging_mixin.py:188} INFO - [2025-12-28T21:45:03.667+0700] {dag.py:3954} INFO - Setting next_dagrun for flight_ingestion_v2 to 2025-12-27 17:00:00+00:00, run_after=2025-12-28 17:00:00+00:00
[2025-12-28T21:45:03.694+0700] {processor.py:183} INFO - Processing /opt/airflow/dags/ingestion_dag.py took 0.724 seconds
[2025-12-28T21:45:34.046+0700] {processor.py:161} INFO - Started process (PID=749) to work on /opt/airflow/dags/ingestion_dag.py
[2025-12-28T21:45:34.047+0700] {processor.py:830} INFO - Processing file /opt/airflow/dags/ingestion_dag.py for tasks to queue
[2025-12-28T21:45:34.050+0700] {logging_mixin.py:188} INFO - [2025-12-28T21:45:34.050+0700] {dagbag.py:545} INFO - Filling up the DagBag from /opt/airflow/dags/ingestion_dag.py
[2025-12-28T21:45:34.664+0700] {processor.py:840} INFO - DAG(s) 'flight_ingestion_v2' retrieved from /opt/airflow/dags/ingestion_dag.py
[2025-12-28T21:45:34.698+0700] {logging_mixin.py:188} INFO - [2025-12-28T21:45:34.698+0700] {dag.py:3096} INFO - Sync 1 DAGs
[2025-12-28T21:45:34.723+0700] {logging_mixin.py:188} INFO - [2025-12-28T21:45:34.723+0700] {dag.py:3954} INFO - Setting next_dagrun for flight_ingestion_v2 to 2025-12-27 17:00:00+00:00, run_after=2025-12-28 17:00:00+00:00
[2025-12-28T21:45:34.747+0700] {processor.py:183} INFO - Processing /opt/airflow/dags/ingestion_dag.py took 0.718 seconds
[2025-12-28T21:46:05.122+0700] {processor.py:161} INFO - Started process (PID=755) to work on /opt/airflow/dags/ingestion_dag.py
[2025-12-28T21:46:05.124+0700] {processor.py:830} INFO - Processing file /opt/airflow/dags/ingestion_dag.py for tasks to queue
[2025-12-28T21:46:05.127+0700] {logging_mixin.py:188} INFO - [2025-12-28T21:46:05.126+0700] {dagbag.py:545} INFO - Filling up the DagBag from /opt/airflow/dags/ingestion_dag.py
[2025-12-28T21:46:05.767+0700] {processor.py:840} INFO - DAG(s) 'flight_ingestion_v2' retrieved from /opt/airflow/dags/ingestion_dag.py
[2025-12-28T21:46:05.789+0700] {logging_mixin.py:188} INFO - [2025-12-28T21:46:05.789+0700] {dag.py:3096} INFO - Sync 1 DAGs
[2025-12-28T21:46:05.812+0700] {logging_mixin.py:188} INFO - [2025-12-28T21:46:05.811+0700] {dag.py:3954} INFO - Setting next_dagrun for flight_ingestion_v2 to 2025-12-27 17:00:00+00:00, run_after=2025-12-28 17:00:00+00:00
[2025-12-28T21:46:05.838+0700] {processor.py:183} INFO - Processing /opt/airflow/dags/ingestion_dag.py took 0.735 seconds
[2025-12-28T21:46:36.189+0700] {processor.py:161} INFO - Started process (PID=761) to work on /opt/airflow/dags/ingestion_dag.py
[2025-12-28T21:46:36.191+0700] {processor.py:830} INFO - Processing file /opt/airflow/dags/ingestion_dag.py for tasks to queue
[2025-12-28T21:46:36.195+0700] {logging_mixin.py:188} INFO - [2025-12-28T21:46:36.194+0700] {dagbag.py:545} INFO - Filling up the DagBag from /opt/airflow/dags/ingestion_dag.py
[2025-12-28T21:46:36.837+0700] {processor.py:840} INFO - DAG(s) 'flight_ingestion_v2' retrieved from /opt/airflow/dags/ingestion_dag.py
[2025-12-28T21:46:36.860+0700] {logging_mixin.py:188} INFO - [2025-12-28T21:46:36.859+0700] {dag.py:3096} INFO - Sync 1 DAGs
[2025-12-28T21:46:36.883+0700] {logging_mixin.py:188} INFO - [2025-12-28T21:46:36.883+0700] {dag.py:3954} INFO - Setting next_dagrun for flight_ingestion_v2 to 2025-12-27 17:00:00+00:00, run_after=2025-12-28 17:00:00+00:00
[2025-12-28T21:46:36.902+0700] {processor.py:183} INFO - Processing /opt/airflow/dags/ingestion_dag.py took 0.725 seconds
[2025-12-28T21:48:18.237+0700] {processor.py:161} INFO - Started process (PID=164) to work on /opt/airflow/dags/ingestion_dag.py
[2025-12-28T21:48:18.239+0700] {processor.py:830} INFO - Processing file /opt/airflow/dags/ingestion_dag.py for tasks to queue
[2025-12-28T21:48:18.244+0700] {logging_mixin.py:188} INFO - [2025-12-28T21:48:18.244+0700] {dagbag.py:545} INFO - Filling up the DagBag from /opt/airflow/dags/ingestion_dag.py
[2025-12-28T21:48:20.560+0700] {processor.py:840} INFO - DAG(s) 'flight_ingestion_v2' retrieved from /opt/airflow/dags/ingestion_dag.py
[2025-12-28T21:48:20.931+0700] {logging_mixin.py:188} INFO - [2025-12-28T21:48:20.931+0700] {dag.py:3096} INFO - Sync 1 DAGs
[2025-12-28T21:48:20.957+0700] {logging_mixin.py:188} INFO - [2025-12-28T21:48:20.957+0700] {dag.py:3954} INFO - Setting next_dagrun for flight_ingestion_v2 to 2025-12-27 17:00:00+00:00, run_after=2025-12-28 17:00:00+00:00
[2025-12-28T21:48:20.983+0700] {processor.py:183} INFO - Processing /opt/airflow/dags/ingestion_dag.py took 2.754 seconds
[2025-12-28T21:48:51.272+0700] {processor.py:161} INFO - Started process (PID=170) to work on /opt/airflow/dags/ingestion_dag.py
[2025-12-28T21:48:51.273+0700] {processor.py:830} INFO - Processing file /opt/airflow/dags/ingestion_dag.py for tasks to queue
[2025-12-28T21:48:51.277+0700] {logging_mixin.py:188} INFO - [2025-12-28T21:48:51.276+0700] {dagbag.py:545} INFO - Filling up the DagBag from /opt/airflow/dags/ingestion_dag.py
[2025-12-28T21:48:51.877+0700] {processor.py:840} INFO - DAG(s) 'flight_ingestion_v2' retrieved from /opt/airflow/dags/ingestion_dag.py
[2025-12-28T21:48:51.908+0700] {logging_mixin.py:188} INFO - [2025-12-28T21:48:51.907+0700] {dag.py:3096} INFO - Sync 1 DAGs
[2025-12-28T21:48:51.945+0700] {logging_mixin.py:188} INFO - [2025-12-28T21:48:51.945+0700] {dag.py:3954} INFO - Setting next_dagrun for flight_ingestion_v2 to 2025-12-27 17:00:00+00:00, run_after=2025-12-28 17:00:00+00:00
[2025-12-28T21:48:51.972+0700] {processor.py:183} INFO - Processing /opt/airflow/dags/ingestion_dag.py took 0.717 seconds
[2025-12-28T21:49:22.266+0700] {processor.py:161} INFO - Started process (PID=176) to work on /opt/airflow/dags/ingestion_dag.py
[2025-12-28T21:49:22.267+0700] {processor.py:830} INFO - Processing file /opt/airflow/dags/ingestion_dag.py for tasks to queue
[2025-12-28T21:49:22.270+0700] {logging_mixin.py:188} INFO - [2025-12-28T21:49:22.269+0700] {dagbag.py:545} INFO - Filling up the DagBag from /opt/airflow/dags/ingestion_dag.py
[2025-12-28T21:49:22.903+0700] {processor.py:840} INFO - DAG(s) 'flight_ingestion_v2' retrieved from /opt/airflow/dags/ingestion_dag.py
[2025-12-28T21:49:22.925+0700] {logging_mixin.py:188} INFO - [2025-12-28T21:49:22.925+0700] {dag.py:3096} INFO - Sync 1 DAGs
[2025-12-28T21:49:22.949+0700] {logging_mixin.py:188} INFO - [2025-12-28T21:49:22.948+0700] {dag.py:3954} INFO - Setting next_dagrun for flight_ingestion_v2 to 2025-12-27 17:00:00+00:00, run_after=2025-12-28 17:00:00+00:00
[2025-12-28T21:49:22.975+0700] {processor.py:183} INFO - Processing /opt/airflow/dags/ingestion_dag.py took 0.716 seconds
[2025-12-28T21:49:53.053+0700] {processor.py:161} INFO - Started process (PID=182) to work on /opt/airflow/dags/ingestion_dag.py
[2025-12-28T21:49:53.054+0700] {processor.py:830} INFO - Processing file /opt/airflow/dags/ingestion_dag.py for tasks to queue
[2025-12-28T21:49:53.057+0700] {logging_mixin.py:188} INFO - [2025-12-28T21:49:53.057+0700] {dagbag.py:545} INFO - Filling up the DagBag from /opt/airflow/dags/ingestion_dag.py
[2025-12-28T21:49:53.646+0700] {processor.py:840} INFO - DAG(s) 'flight_ingestion_v2' retrieved from /opt/airflow/dags/ingestion_dag.py
[2025-12-28T21:49:53.669+0700] {logging_mixin.py:188} INFO - [2025-12-28T21:49:53.669+0700] {dag.py:3096} INFO - Sync 1 DAGs
[2025-12-28T21:49:53.693+0700] {logging_mixin.py:188} INFO - [2025-12-28T21:49:53.692+0700] {dag.py:3954} INFO - Setting next_dagrun for flight_ingestion_v2 to 2025-12-27 17:00:00+00:00, run_after=2025-12-28 17:00:00+00:00
[2025-12-28T21:49:53.712+0700] {processor.py:183} INFO - Processing /opt/airflow/dags/ingestion_dag.py took 0.670 seconds
[2025-12-28T21:50:24.045+0700] {processor.py:161} INFO - Started process (PID=191) to work on /opt/airflow/dags/ingestion_dag.py
[2025-12-28T21:50:24.046+0700] {processor.py:830} INFO - Processing file /opt/airflow/dags/ingestion_dag.py for tasks to queue
[2025-12-28T21:50:24.049+0700] {logging_mixin.py:188} INFO - [2025-12-28T21:50:24.048+0700] {dagbag.py:545} INFO - Filling up the DagBag from /opt/airflow/dags/ingestion_dag.py
[2025-12-28T21:50:24.693+0700] {processor.py:840} INFO - DAG(s) 'flight_ingestion_v2' retrieved from /opt/airflow/dags/ingestion_dag.py
[2025-12-28T21:50:24.720+0700] {logging_mixin.py:188} INFO - [2025-12-28T21:50:24.719+0700] {dag.py:3096} INFO - Sync 1 DAGs
[2025-12-28T21:50:24.742+0700] {logging_mixin.py:188} INFO - [2025-12-28T21:50:24.742+0700] {dag.py:3954} INFO - Setting next_dagrun for flight_ingestion_v2 to 2025-12-27 17:00:00+00:00, run_after=2025-12-28 17:00:00+00:00
[2025-12-28T21:50:24.761+0700] {processor.py:183} INFO - Processing /opt/airflow/dags/ingestion_dag.py took 0.723 seconds
[2025-12-28T21:50:55.022+0700] {processor.py:161} INFO - Started process (PID=197) to work on /opt/airflow/dags/ingestion_dag.py
[2025-12-28T21:50:55.023+0700] {processor.py:830} INFO - Processing file /opt/airflow/dags/ingestion_dag.py for tasks to queue
[2025-12-28T21:50:55.026+0700] {logging_mixin.py:188} INFO - [2025-12-28T21:50:55.025+0700] {dagbag.py:545} INFO - Filling up the DagBag from /opt/airflow/dags/ingestion_dag.py
[2025-12-28T21:50:55.757+0700] {processor.py:840} INFO - DAG(s) 'flight_ingestion_v2' retrieved from /opt/airflow/dags/ingestion_dag.py
[2025-12-28T21:50:55.784+0700] {logging_mixin.py:188} INFO - [2025-12-28T21:50:55.783+0700] {dag.py:3096} INFO - Sync 1 DAGs
[2025-12-28T21:50:55.810+0700] {logging_mixin.py:188} INFO - [2025-12-28T21:50:55.810+0700] {dag.py:3954} INFO - Setting next_dagrun for flight_ingestion_v2 to 2025-12-27 17:00:00+00:00, run_after=2025-12-28 17:00:00+00:00
[2025-12-28T21:50:55.834+0700] {processor.py:183} INFO - Processing /opt/airflow/dags/ingestion_dag.py took 0.821 seconds
[2025-12-28T21:51:25.988+0700] {processor.py:161} INFO - Started process (PID=203) to work on /opt/airflow/dags/ingestion_dag.py
[2025-12-28T21:51:25.989+0700] {processor.py:830} INFO - Processing file /opt/airflow/dags/ingestion_dag.py for tasks to queue
[2025-12-28T21:51:25.991+0700] {logging_mixin.py:188} INFO - [2025-12-28T21:51:25.991+0700] {dagbag.py:545} INFO - Filling up the DagBag from /opt/airflow/dags/ingestion_dag.py
[2025-12-28T21:51:26.690+0700] {processor.py:840} INFO - DAG(s) 'flight_ingestion_v2' retrieved from /opt/airflow/dags/ingestion_dag.py
[2025-12-28T21:51:26.716+0700] {logging_mixin.py:188} INFO - [2025-12-28T21:51:26.715+0700] {dag.py:3096} INFO - Sync 1 DAGs
[2025-12-28T21:51:26.744+0700] {logging_mixin.py:188} INFO - [2025-12-28T21:51:26.743+0700] {dag.py:3954} INFO - Setting next_dagrun for flight_ingestion_v2 to 2025-12-27 17:00:00+00:00, run_after=2025-12-28 17:00:00+00:00
[2025-12-28T21:51:26.774+0700] {processor.py:183} INFO - Processing /opt/airflow/dags/ingestion_dag.py took 0.795 seconds
[2025-12-28T21:51:57.045+0700] {processor.py:161} INFO - Started process (PID=209) to work on /opt/airflow/dags/ingestion_dag.py
[2025-12-28T21:51:57.047+0700] {processor.py:830} INFO - Processing file /opt/airflow/dags/ingestion_dag.py for tasks to queue
[2025-12-28T21:51:57.050+0700] {logging_mixin.py:188} INFO - [2025-12-28T21:51:57.050+0700] {dagbag.py:545} INFO - Filling up the DagBag from /opt/airflow/dags/ingestion_dag.py
[2025-12-28T21:51:57.634+0700] {processor.py:840} INFO - DAG(s) 'flight_ingestion_v2' retrieved from /opt/airflow/dags/ingestion_dag.py
[2025-12-28T21:51:57.657+0700] {logging_mixin.py:188} INFO - [2025-12-28T21:51:57.657+0700] {dag.py:3096} INFO - Sync 1 DAGs
[2025-12-28T21:51:57.684+0700] {logging_mixin.py:188} INFO - [2025-12-28T21:51:57.684+0700] {dag.py:3954} INFO - Setting next_dagrun for flight_ingestion_v2 to 2025-12-27 17:00:00+00:00, run_after=2025-12-28 17:00:00+00:00
[2025-12-28T21:51:57.706+0700] {processor.py:183} INFO - Processing /opt/airflow/dags/ingestion_dag.py took 0.681 seconds
[2025-12-28T21:52:27.905+0700] {processor.py:161} INFO - Started process (PID=215) to work on /opt/airflow/dags/ingestion_dag.py
[2025-12-28T21:52:27.907+0700] {processor.py:830} INFO - Processing file /opt/airflow/dags/ingestion_dag.py for tasks to queue
[2025-12-28T21:52:27.909+0700] {logging_mixin.py:188} INFO - [2025-12-28T21:52:27.909+0700] {dagbag.py:545} INFO - Filling up the DagBag from /opt/airflow/dags/ingestion_dag.py
[2025-12-28T21:52:28.580+0700] {processor.py:840} INFO - DAG(s) 'flight_ingestion_v2' retrieved from /opt/airflow/dags/ingestion_dag.py
[2025-12-28T21:52:28.609+0700] {logging_mixin.py:188} INFO - [2025-12-28T21:52:28.608+0700] {dag.py:3096} INFO - Sync 1 DAGs
[2025-12-28T21:52:28.636+0700] {logging_mixin.py:188} INFO - [2025-12-28T21:52:28.636+0700] {dag.py:3954} INFO - Setting next_dagrun for flight_ingestion_v2 to 2025-12-27 17:00:00+00:00, run_after=2025-12-28 17:00:00+00:00
[2025-12-28T21:52:28.666+0700] {processor.py:183} INFO - Processing /opt/airflow/dags/ingestion_dag.py took 0.770 seconds
[2025-12-28T21:52:58.859+0700] {processor.py:161} INFO - Started process (PID=221) to work on /opt/airflow/dags/ingestion_dag.py
[2025-12-28T21:52:58.860+0700] {processor.py:830} INFO - Processing file /opt/airflow/dags/ingestion_dag.py for tasks to queue
[2025-12-28T21:52:58.863+0700] {logging_mixin.py:188} INFO - [2025-12-28T21:52:58.862+0700] {dagbag.py:545} INFO - Filling up the DagBag from /opt/airflow/dags/ingestion_dag.py
[2025-12-28T21:52:59.532+0700] {processor.py:840} INFO - DAG(s) 'flight_ingestion_v2' retrieved from /opt/airflow/dags/ingestion_dag.py
[2025-12-28T21:52:59.557+0700] {logging_mixin.py:188} INFO - [2025-12-28T21:52:59.557+0700] {dag.py:3096} INFO - Sync 1 DAGs
[2025-12-28T21:52:59.581+0700] {logging_mixin.py:188} INFO - [2025-12-28T21:52:59.580+0700] {dag.py:3954} INFO - Setting next_dagrun for flight_ingestion_v2 to 2025-12-27 17:00:00+00:00, run_after=2025-12-28 17:00:00+00:00
[2025-12-28T21:52:59.606+0700] {processor.py:183} INFO - Processing /opt/airflow/dags/ingestion_dag.py took 0.755 seconds
[2025-12-28T21:53:29.763+0700] {processor.py:161} INFO - Started process (PID=227) to work on /opt/airflow/dags/ingestion_dag.py
[2025-12-28T21:53:29.765+0700] {processor.py:830} INFO - Processing file /opt/airflow/dags/ingestion_dag.py for tasks to queue
[2025-12-28T21:53:29.768+0700] {logging_mixin.py:188} INFO - [2025-12-28T21:53:29.767+0700] {dagbag.py:545} INFO - Filling up the DagBag from /opt/airflow/dags/ingestion_dag.py
[2025-12-28T21:53:30.488+0700] {processor.py:840} INFO - DAG(s) 'flight_ingestion_v2' retrieved from /opt/airflow/dags/ingestion_dag.py
[2025-12-28T21:53:30.513+0700] {logging_mixin.py:188} INFO - [2025-12-28T21:53:30.512+0700] {dag.py:3096} INFO - Sync 1 DAGs
[2025-12-28T21:53:30.538+0700] {logging_mixin.py:188} INFO - [2025-12-28T21:53:30.537+0700] {dag.py:3954} INFO - Setting next_dagrun for flight_ingestion_v2 to 2025-12-27 17:00:00+00:00, run_after=2025-12-28 17:00:00+00:00
[2025-12-28T21:53:30.566+0700] {processor.py:183} INFO - Processing /opt/airflow/dags/ingestion_dag.py took 0.814 seconds
[2025-12-28T21:54:00.839+0700] {processor.py:161} INFO - Started process (PID=236) to work on /opt/airflow/dags/ingestion_dag.py
[2025-12-28T21:54:00.840+0700] {processor.py:830} INFO - Processing file /opt/airflow/dags/ingestion_dag.py for tasks to queue
[2025-12-28T21:54:00.843+0700] {logging_mixin.py:188} INFO - [2025-12-28T21:54:00.842+0700] {dagbag.py:545} INFO - Filling up the DagBag from /opt/airflow/dags/ingestion_dag.py
[2025-12-28T21:54:01.481+0700] {processor.py:840} INFO - DAG(s) 'flight_ingestion_v2' retrieved from /opt/airflow/dags/ingestion_dag.py
[2025-12-28T21:54:01.504+0700] {logging_mixin.py:188} INFO - [2025-12-28T21:54:01.504+0700] {dag.py:3096} INFO - Sync 1 DAGs
[2025-12-28T21:54:01.527+0700] {logging_mixin.py:188} INFO - [2025-12-28T21:54:01.526+0700] {dag.py:3954} INFO - Setting next_dagrun for flight_ingestion_v2 to 2025-12-27 17:00:00+00:00, run_after=2025-12-28 17:00:00+00:00
[2025-12-28T21:54:01.555+0700] {processor.py:183} INFO - Processing /opt/airflow/dags/ingestion_dag.py took 0.724 seconds
[2025-12-28T21:54:31.895+0700] {processor.py:161} INFO - Started process (PID=242) to work on /opt/airflow/dags/ingestion_dag.py
[2025-12-28T21:54:31.896+0700] {processor.py:830} INFO - Processing file /opt/airflow/dags/ingestion_dag.py for tasks to queue
[2025-12-28T21:54:31.899+0700] {logging_mixin.py:188} INFO - [2025-12-28T21:54:31.899+0700] {dagbag.py:545} INFO - Filling up the DagBag from /opt/airflow/dags/ingestion_dag.py
[2025-12-28T21:54:32.558+0700] {processor.py:840} INFO - DAG(s) 'flight_ingestion_v2' retrieved from /opt/airflow/dags/ingestion_dag.py
[2025-12-28T21:54:32.583+0700] {logging_mixin.py:188} INFO - [2025-12-28T21:54:32.583+0700] {dag.py:3096} INFO - Sync 1 DAGs
[2025-12-28T21:54:32.615+0700] {logging_mixin.py:188} INFO - [2025-12-28T21:54:32.614+0700] {dag.py:3954} INFO - Setting next_dagrun for flight_ingestion_v2 to 2025-12-27 17:00:00+00:00, run_after=2025-12-28 17:00:00+00:00
[2025-12-28T21:54:32.646+0700] {processor.py:183} INFO - Processing /opt/airflow/dags/ingestion_dag.py took 0.761 seconds
[2025-12-28T21:55:02.923+0700] {processor.py:161} INFO - Started process (PID=248) to work on /opt/airflow/dags/ingestion_dag.py
[2025-12-28T21:55:02.924+0700] {processor.py:830} INFO - Processing file /opt/airflow/dags/ingestion_dag.py for tasks to queue
[2025-12-28T21:55:02.927+0700] {logging_mixin.py:188} INFO - [2025-12-28T21:55:02.926+0700] {dagbag.py:545} INFO - Filling up the DagBag from /opt/airflow/dags/ingestion_dag.py
[2025-12-28T21:55:03.533+0700] {processor.py:840} INFO - DAG(s) 'flight_ingestion_v2' retrieved from /opt/airflow/dags/ingestion_dag.py
[2025-12-28T21:55:03.555+0700] {logging_mixin.py:188} INFO - [2025-12-28T21:55:03.555+0700] {dag.py:3096} INFO - Sync 1 DAGs
[2025-12-28T21:55:03.579+0700] {logging_mixin.py:188} INFO - [2025-12-28T21:55:03.579+0700] {dag.py:3954} INFO - Setting next_dagrun for flight_ingestion_v2 to 2025-12-27 17:00:00+00:00, run_after=2025-12-28 17:00:00+00:00
[2025-12-28T21:55:03.607+0700] {processor.py:183} INFO - Processing /opt/airflow/dags/ingestion_dag.py took 0.691 seconds
[2025-12-28T21:55:33.892+0700] {processor.py:161} INFO - Started process (PID=254) to work on /opt/airflow/dags/ingestion_dag.py
[2025-12-28T21:55:33.894+0700] {processor.py:830} INFO - Processing file /opt/airflow/dags/ingestion_dag.py for tasks to queue
[2025-12-28T21:55:33.897+0700] {logging_mixin.py:188} INFO - [2025-12-28T21:55:33.896+0700] {dagbag.py:545} INFO - Filling up the DagBag from /opt/airflow/dags/ingestion_dag.py
[2025-12-28T21:55:34.515+0700] {processor.py:840} INFO - DAG(s) 'flight_ingestion_v2' retrieved from /opt/airflow/dags/ingestion_dag.py
[2025-12-28T21:55:34.538+0700] {logging_mixin.py:188} INFO - [2025-12-28T21:55:34.538+0700] {dag.py:3096} INFO - Sync 1 DAGs
[2025-12-28T21:55:34.562+0700] {logging_mixin.py:188} INFO - [2025-12-28T21:55:34.562+0700] {dag.py:3954} INFO - Setting next_dagrun for flight_ingestion_v2 to 2025-12-27 17:00:00+00:00, run_after=2025-12-28 17:00:00+00:00
[2025-12-28T21:55:34.582+0700] {processor.py:183} INFO - Processing /opt/airflow/dags/ingestion_dag.py took 0.710 seconds
[2025-12-28T21:56:04.899+0700] {processor.py:161} INFO - Started process (PID=260) to work on /opt/airflow/dags/ingestion_dag.py
[2025-12-28T21:56:04.901+0700] {processor.py:830} INFO - Processing file /opt/airflow/dags/ingestion_dag.py for tasks to queue
[2025-12-28T21:56:04.904+0700] {logging_mixin.py:188} INFO - [2025-12-28T21:56:04.904+0700] {dagbag.py:545} INFO - Filling up the DagBag from /opt/airflow/dags/ingestion_dag.py
[2025-12-28T21:56:05.536+0700] {processor.py:840} INFO - DAG(s) 'flight_ingestion_v2' retrieved from /opt/airflow/dags/ingestion_dag.py
[2025-12-28T21:56:05.561+0700] {logging_mixin.py:188} INFO - [2025-12-28T21:56:05.560+0700] {dag.py:3096} INFO - Sync 1 DAGs
[2025-12-28T21:56:05.583+0700] {logging_mixin.py:188} INFO - [2025-12-28T21:56:05.583+0700] {dag.py:3954} INFO - Setting next_dagrun for flight_ingestion_v2 to 2025-12-27 17:00:00+00:00, run_after=2025-12-28 17:00:00+00:00
[2025-12-28T21:56:05.604+0700] {processor.py:183} INFO - Processing /opt/airflow/dags/ingestion_dag.py took 0.718 seconds
[2025-12-28T21:56:35.946+0700] {processor.py:161} INFO - Started process (PID=266) to work on /opt/airflow/dags/ingestion_dag.py
[2025-12-28T21:56:35.947+0700] {processor.py:830} INFO - Processing file /opt/airflow/dags/ingestion_dag.py for tasks to queue
[2025-12-28T21:56:35.951+0700] {logging_mixin.py:188} INFO - [2025-12-28T21:56:35.950+0700] {dagbag.py:545} INFO - Filling up the DagBag from /opt/airflow/dags/ingestion_dag.py
[2025-12-28T21:56:36.561+0700] {processor.py:840} INFO - DAG(s) 'flight_ingestion_v2' retrieved from /opt/airflow/dags/ingestion_dag.py
[2025-12-28T21:56:36.583+0700] {logging_mixin.py:188} INFO - [2025-12-28T21:56:36.583+0700] {dag.py:3096} INFO - Sync 1 DAGs
[2025-12-28T21:56:36.608+0700] {logging_mixin.py:188} INFO - [2025-12-28T21:56:36.608+0700] {dag.py:3954} INFO - Setting next_dagrun for flight_ingestion_v2 to 2025-12-27 17:00:00+00:00, run_after=2025-12-28 17:00:00+00:00
[2025-12-28T21:56:36.629+0700] {processor.py:183} INFO - Processing /opt/airflow/dags/ingestion_dag.py took 0.697 seconds
[2025-12-28T21:57:06.731+0700] {processor.py:161} INFO - Started process (PID=272) to work on /opt/airflow/dags/ingestion_dag.py
[2025-12-28T21:57:06.732+0700] {processor.py:830} INFO - Processing file /opt/airflow/dags/ingestion_dag.py for tasks to queue
[2025-12-28T21:57:06.735+0700] {logging_mixin.py:188} INFO - [2025-12-28T21:57:06.734+0700] {dagbag.py:545} INFO - Filling up the DagBag from /opt/airflow/dags/ingestion_dag.py
[2025-12-28T21:57:07.364+0700] {processor.py:840} INFO - DAG(s) 'flight_ingestion_v2' retrieved from /opt/airflow/dags/ingestion_dag.py
[2025-12-28T21:57:07.386+0700] {logging_mixin.py:188} INFO - [2025-12-28T21:57:07.385+0700] {dag.py:3096} INFO - Sync 1 DAGs
[2025-12-28T21:57:07.409+0700] {logging_mixin.py:188} INFO - [2025-12-28T21:57:07.409+0700] {dag.py:3954} INFO - Setting next_dagrun for flight_ingestion_v2 to 2025-12-27 17:00:00+00:00, run_after=2025-12-28 17:00:00+00:00
[2025-12-28T21:57:07.436+0700] {processor.py:183} INFO - Processing /opt/airflow/dags/ingestion_dag.py took 0.713 seconds
[2025-12-28T21:57:37.731+0700] {processor.py:161} INFO - Started process (PID=278) to work on /opt/airflow/dags/ingestion_dag.py
[2025-12-28T21:57:37.732+0700] {processor.py:830} INFO - Processing file /opt/airflow/dags/ingestion_dag.py for tasks to queue
[2025-12-28T21:57:37.735+0700] {logging_mixin.py:188} INFO - [2025-12-28T21:57:37.735+0700] {dagbag.py:545} INFO - Filling up the DagBag from /opt/airflow/dags/ingestion_dag.py
[2025-12-28T21:57:38.357+0700] {processor.py:840} INFO - DAG(s) 'flight_ingestion_v2' retrieved from /opt/airflow/dags/ingestion_dag.py
[2025-12-28T21:57:38.379+0700] {logging_mixin.py:188} INFO - [2025-12-28T21:57:38.379+0700] {dag.py:3096} INFO - Sync 1 DAGs
[2025-12-28T21:57:38.404+0700] {logging_mixin.py:188} INFO - [2025-12-28T21:57:38.404+0700] {dag.py:3954} INFO - Setting next_dagrun for flight_ingestion_v2 to 2025-12-27 17:00:00+00:00, run_after=2025-12-28 17:00:00+00:00
[2025-12-28T21:57:38.430+0700] {processor.py:183} INFO - Processing /opt/airflow/dags/ingestion_dag.py took 0.707 seconds
[2025-12-28T21:58:08.740+0700] {processor.py:161} INFO - Started process (PID=284) to work on /opt/airflow/dags/ingestion_dag.py
[2025-12-28T21:58:08.742+0700] {processor.py:830} INFO - Processing file /opt/airflow/dags/ingestion_dag.py for tasks to queue
[2025-12-28T21:58:08.744+0700] {logging_mixin.py:188} INFO - [2025-12-28T21:58:08.743+0700] {dagbag.py:545} INFO - Filling up the DagBag from /opt/airflow/dags/ingestion_dag.py
[2025-12-28T21:58:09.373+0700] {processor.py:840} INFO - DAG(s) 'flight_ingestion_v2' retrieved from /opt/airflow/dags/ingestion_dag.py
[2025-12-28T21:58:09.397+0700] {logging_mixin.py:188} INFO - [2025-12-28T21:58:09.396+0700] {dag.py:3096} INFO - Sync 1 DAGs
[2025-12-28T21:58:09.421+0700] {logging_mixin.py:188} INFO - [2025-12-28T21:58:09.421+0700] {dag.py:3954} INFO - Setting next_dagrun for flight_ingestion_v2 to 2025-12-27 17:00:00+00:00, run_after=2025-12-28 17:00:00+00:00
[2025-12-28T21:58:09.441+0700] {processor.py:183} INFO - Processing /opt/airflow/dags/ingestion_dag.py took 0.712 seconds
[2025-12-28T21:58:39.701+0700] {processor.py:161} INFO - Started process (PID=290) to work on /opt/airflow/dags/ingestion_dag.py
[2025-12-28T21:58:39.702+0700] {processor.py:830} INFO - Processing file /opt/airflow/dags/ingestion_dag.py for tasks to queue
[2025-12-28T21:58:39.706+0700] {logging_mixin.py:188} INFO - [2025-12-28T21:58:39.705+0700] {dagbag.py:545} INFO - Filling up the DagBag from /opt/airflow/dags/ingestion_dag.py
[2025-12-28T21:58:40.342+0700] {processor.py:840} INFO - DAG(s) 'flight_ingestion_v2' retrieved from /opt/airflow/dags/ingestion_dag.py
[2025-12-28T21:58:40.365+0700] {logging_mixin.py:188} INFO - [2025-12-28T21:58:40.364+0700] {dag.py:3096} INFO - Sync 1 DAGs
[2025-12-28T21:58:40.388+0700] {logging_mixin.py:188} INFO - [2025-12-28T21:58:40.388+0700] {dag.py:3954} INFO - Setting next_dagrun for flight_ingestion_v2 to 2025-12-27 17:00:00+00:00, run_after=2025-12-28 17:00:00+00:00
[2025-12-28T21:58:40.408+0700] {processor.py:183} INFO - Processing /opt/airflow/dags/ingestion_dag.py took 0.718 seconds
[2025-12-28T21:59:10.761+0700] {processor.py:161} INFO - Started process (PID=299) to work on /opt/airflow/dags/ingestion_dag.py
[2025-12-28T21:59:10.762+0700] {processor.py:830} INFO - Processing file /opt/airflow/dags/ingestion_dag.py for tasks to queue
[2025-12-28T21:59:10.766+0700] {logging_mixin.py:188} INFO - [2025-12-28T21:59:10.765+0700] {dagbag.py:545} INFO - Filling up the DagBag from /opt/airflow/dags/ingestion_dag.py
[2025-12-28T21:59:11.383+0700] {processor.py:840} INFO - DAG(s) 'flight_ingestion_v2' retrieved from /opt/airflow/dags/ingestion_dag.py
[2025-12-28T21:59:11.407+0700] {logging_mixin.py:188} INFO - [2025-12-28T21:59:11.406+0700] {dag.py:3096} INFO - Sync 1 DAGs
[2025-12-28T21:59:11.440+0700] {logging_mixin.py:188} INFO - [2025-12-28T21:59:11.440+0700] {dag.py:3954} INFO - Setting next_dagrun for flight_ingestion_v2 to 2025-12-27 17:00:00+00:00, run_after=2025-12-28 17:00:00+00:00
[2025-12-28T21:59:11.463+0700] {processor.py:183} INFO - Processing /opt/airflow/dags/ingestion_dag.py took 0.725 seconds
